-- MySQL dump 10.16  Distrib 10.2.23-MariaDB, for debian-linux-gnu (x86_64)
--
-- Host: localhost    Database: sicel_municipios
-- ------------------------------------------------------
-- Server version	10.2.23-MariaDB-1:10.2.23+maria~bionic

/*!40101 SET @OLD_CHARACTER_SET_CLIENT=@@CHARACTER_SET_CLIENT */;
/*!40101 SET @OLD_CHARACTER_SET_RESULTS=@@CHARACTER_SET_RESULTS */;
/*!40101 SET @OLD_COLLATION_CONNECTION=@@COLLATION_CONNECTION */;
/*!40101 SET NAMES utf8 */;
/*!40103 SET @OLD_TIME_ZONE=@@TIME_ZONE */;
/*!40103 SET TIME_ZONE='+00:00' */;
/*!40014 SET @OLD_UNIQUE_CHECKS=@@UNIQUE_CHECKS, UNIQUE_CHECKS=0 */;
/*!40014 SET @OLD_FOREIGN_KEY_CHECKS=@@FOREIGN_KEY_CHECKS, FOREIGN_KEY_CHECKS=0 */;
/*!40101 SET @OLD_SQL_MODE=@@SQL_MODE, SQL_MODE='NO_AUTO_VALUE_ON_ZERO' */;
/*!40111 SET @OLD_SQL_NOTES=@@SQL_NOTES, SQL_NOTES=0 */;

--
-- Table structure for table `acl_phinxlog`
--

DROP TABLE IF EXISTS `acl_phinxlog`;
/*!40101 SET @saved_cs_client     = @@character_set_client */;
/*!40101 SET character_set_client = utf8 */;
CREATE TABLE `acl_phinxlog` (
  `version` bigint(20) NOT NULL,
  `migration_name` varchar(100) DEFAULT NULL,
  `start_time` timestamp NULL DEFAULT NULL,
  `end_time` timestamp NULL DEFAULT NULL,
  `breakpoint` tinyint(1) NOT NULL DEFAULT 0,
  PRIMARY KEY (`version`)
) ENGINE=InnoDB DEFAULT CHARSET=utf8;
/*!40101 SET character_set_client = @saved_cs_client */;

--
-- Dumping data for table `acl_phinxlog`
--

LOCK TABLES `acl_phinxlog` WRITE;
/*!40000 ALTER TABLE `acl_phinxlog` DISABLE KEYS */;
INSERT INTO `acl_phinxlog` VALUES (20141229162641,'CakePhpDbAcl','2018-03-07 06:25:43','2018-03-07 06:25:43',0);
/*!40000 ALTER TABLE `acl_phinxlog` ENABLE KEYS */;
UNLOCK TABLES;

--
-- Table structure for table `acos`
--

DROP TABLE IF EXISTS `acos`;
/*!40101 SET @saved_cs_client     = @@character_set_client */;
/*!40101 SET character_set_client = utf8 */;
CREATE TABLE `acos` (
  `id` int(11) NOT NULL AUTO_INCREMENT,
  `parent_id` int(11) DEFAULT NULL,
  `model` varchar(255) DEFAULT NULL,
  `foreign_key` int(11) DEFAULT NULL,
  `alias` varchar(255) DEFAULT NULL,
  `lft` int(11) DEFAULT NULL,
  `rght` int(11) DEFAULT NULL,
  PRIMARY KEY (`id`),
  KEY `lft` (`lft`,`rght`),
  KEY `alias` (`alias`)
) ENGINE=InnoDB AUTO_INCREMENT=9 DEFAULT CHARSET=utf8;
/*!40101 SET character_set_client = @saved_cs_client */;

--
-- Dumping data for table `acos`
--

LOCK TABLES `acos` WRITE;
/*!40000 ALTER TABLE `acos` DISABLE KEYS */;
INSERT INTO `acos` VALUES (1,NULL,NULL,NULL,'controllers',1,14),(2,1,NULL,NULL,'Articles',2,13),(3,2,NULL,NULL,'index',3,4),(4,2,NULL,NULL,'view',5,6),(5,2,NULL,NULL,'add',7,8),(6,2,NULL,NULL,'edit',9,10),(7,2,NULL,NULL,'delete',11,12),(8,NULL,'Articles',1,NULL,15,16);
/*!40000 ALTER TABLE `acos` ENABLE KEYS */;
UNLOCK TABLES;

--
-- Table structure for table `aros`
--

DROP TABLE IF EXISTS `aros`;
/*!40101 SET @saved_cs_client     = @@character_set_client */;
/*!40101 SET character_set_client = utf8 */;
CREATE TABLE `aros` (
  `id` int(11) NOT NULL AUTO_INCREMENT,
  `parent_id` int(11) DEFAULT NULL,
  `model` varchar(255) DEFAULT NULL,
  `foreign_key` char(36) DEFAULT NULL,
  `alias` varchar(255) DEFAULT NULL,
  `lft` int(11) DEFAULT NULL,
  `rght` int(11) DEFAULT NULL,
  PRIMARY KEY (`id`),
  KEY `lft` (`lft`,`rght`),
  KEY `alias` (`alias`)
) ENGINE=InnoDB AUTO_INCREMENT=6 DEFAULT CHARSET=utf8;
/*!40101 SET character_set_client = @saved_cs_client */;

--
-- Dumping data for table `aros`
--

LOCK TABLES `aros` WRITE;
/*!40000 ALTER TABLE `aros` DISABLE KEYS */;
INSERT INTO `aros` VALUES (1,NULL,'Roles','80687266-6761-43a2-bd98-f42349a9bb63',NULL,1,4),(2,NULL,'Roles','5197c80d-2d30-4225-a757-b31592c9e0f0',NULL,5,6),(3,NULL,'Roles','e687cb91-4cdf-4ab2-992f-e76584199c2e',NULL,7,10),(4,1,'MyUsers','a51e5518-c666-40ca-92db-f27202c07160',NULL,2,3),(5,3,'MyUsers','394e7d5f-ed21-4201-a53a-7a9d3a70f66b',NULL,8,9);
/*!40000 ALTER TABLE `aros` ENABLE KEYS */;
UNLOCK TABLES;

--
-- Table structure for table `aros_acos`
--

DROP TABLE IF EXISTS `aros_acos`;
/*!40101 SET @saved_cs_client     = @@character_set_client */;
/*!40101 SET character_set_client = utf8 */;
CREATE TABLE `aros_acos` (
  `id` int(11) NOT NULL AUTO_INCREMENT,
  `aro_id` int(11) NOT NULL,
  `aco_id` int(11) NOT NULL,
  `_create` varchar(2) NOT NULL DEFAULT '0',
  `_read` varchar(2) NOT NULL DEFAULT '0',
  `_update` varchar(2) NOT NULL DEFAULT '0',
  `_delete` varchar(2) NOT NULL DEFAULT '0',
  PRIMARY KEY (`id`),
  UNIQUE KEY `aro_id` (`aro_id`,`aco_id`),
  KEY `aco_id` (`aco_id`)
) ENGINE=InnoDB AUTO_INCREMENT=6 DEFAULT CHARSET=utf8;
/*!40101 SET character_set_client = @saved_cs_client */;

--
-- Dumping data for table `aros_acos`
--

LOCK TABLES `aros_acos` WRITE;
/*!40000 ALTER TABLE `aros_acos` DISABLE KEYS */;
INSERT INTO `aros_acos` VALUES (1,1,5,'1','1','1','1'),(2,3,4,'1','1','1','1'),(3,1,3,'1','1','1','1'),(4,2,3,'1','1','1','1'),(5,3,3,'1','1','1','1');
/*!40000 ALTER TABLE `aros_acos` ENABLE KEYS */;
UNLOCK TABLES;

--
-- Table structure for table `cake_d_c_users_phinxlog`
--

DROP TABLE IF EXISTS `cake_d_c_users_phinxlog`;
/*!40101 SET @saved_cs_client     = @@character_set_client */;
/*!40101 SET character_set_client = utf8 */;
CREATE TABLE `cake_d_c_users_phinxlog` (
  `version` bigint(20) NOT NULL,
  `migration_name` varchar(100) DEFAULT NULL,
  `start_time` timestamp NULL DEFAULT NULL,
  `end_time` timestamp NULL DEFAULT NULL,
  `breakpoint` tinyint(1) NOT NULL DEFAULT 0,
  PRIMARY KEY (`version`)
) ENGINE=InnoDB DEFAULT CHARSET=utf8;
/*!40101 SET character_set_client = @saved_cs_client */;

--
-- Dumping data for table `cake_d_c_users_phinxlog`
--

LOCK TABLES `cake_d_c_users_phinxlog` WRITE;
/*!40000 ALTER TABLE `cake_d_c_users_phinxlog` DISABLE KEYS */;
INSERT INTO `cake_d_c_users_phinxlog` VALUES (20150513201111,'Initial','2018-03-07 06:25:36','2018-03-07 06:25:36',0),(20161031101316,'AddSecretToUsers','2018-03-07 06:25:36','2018-03-07 06:25:36',0);
/*!40000 ALTER TABLE `cake_d_c_users_phinxlog` ENABLE KEYS */;
UNLOCK TABLES;

--
-- Table structure for table `roles`
--

DROP TABLE IF EXISTS `roles`;
/*!40101 SET @saved_cs_client     = @@character_set_client */;
/*!40101 SET character_set_client = utf8 */;
CREATE TABLE `roles` (
  `id` char(36) NOT NULL,
  `name` char(120) NOT NULL,
  `created` datetime DEFAULT NULL,
  `modified` datetime DEFAULT NULL,
  PRIMARY KEY (`id`)
) ENGINE=InnoDB DEFAULT CHARSET=utf8mb4;
/*!40101 SET character_set_client = @saved_cs_client */;

--
-- Dumping data for table `roles`
--

LOCK TABLES `roles` WRITE;
/*!40000 ALTER TABLE `roles` DISABLE KEYS */;
INSERT INTO `roles` VALUES ('5197c80d-2d30-4225-a757-b31592c9e0f0','Admin','2018-03-07 00:27:41','2018-03-07 00:27:41'),('80687266-6761-43a2-bd98-f42349a9bb63','Captura','2018-03-07 00:27:30','2018-03-07 00:27:30'),('e687cb91-4cdf-4ab2-992f-e76584199c2e','Monitor','2018-03-07 00:27:46','2018-03-07 00:27:46');
/*!40000 ALTER TABLE `roles` ENABLE KEYS */;
UNLOCK TABLES;

--
-- Table structure for table `social_accounts`
--

DROP TABLE IF EXISTS `social_accounts`;
/*!40101 SET @saved_cs_client     = @@character_set_client */;
/*!40101 SET character_set_client = utf8 */;
CREATE TABLE `social_accounts` (
  `id` char(36) NOT NULL,
  `user_id` char(36) NOT NULL,
  `provider` varchar(255) NOT NULL,
  `username` varchar(255) DEFAULT NULL,
  `reference` varchar(255) NOT NULL,
  `avatar` varchar(255) DEFAULT NULL,
  `description` text DEFAULT NULL,
  `link` varchar(255) NOT NULL,
  `token` varchar(500) NOT NULL,
  `token_secret` varchar(500) DEFAULT NULL,
  `token_expires` datetime DEFAULT NULL,
  `active` tinyint(1) NOT NULL DEFAULT 1,
  `data` text NOT NULL,
  `created` datetime NOT NULL,
  `modified` datetime NOT NULL,
  PRIMARY KEY (`id`),
  KEY `user_id` (`user_id`),
  CONSTRAINT `social_accounts_ibfk_1` FOREIGN KEY (`user_id`) REFERENCES `users` (`id`) ON DELETE CASCADE ON UPDATE CASCADE
) ENGINE=InnoDB DEFAULT CHARSET=utf8mb4;
/*!40101 SET character_set_client = @saved_cs_client */;

--
-- Dumping data for table `social_accounts`
--

LOCK TABLES `social_accounts` WRITE;
/*!40000 ALTER TABLE `social_accounts` DISABLE KEYS */;
/*!40000 ALTER TABLE `social_accounts` ENABLE KEYS */;
UNLOCK TABLES;

--
-- Table structure for table `users`
--

DROP TABLE IF EXISTS `users`;
/*!40101 SET @saved_cs_client     = @@character_set_client */;
/*!40101 SET character_set_client = utf8 */;
CREATE TABLE `users` (
  `id` char(36) NOT NULL,
  `username` varchar(255) NOT NULL,
  `email` varchar(255) DEFAULT NULL,
  `password` varchar(255) NOT NULL,
  `first_name` varchar(50) DEFAULT NULL,
  `last_name` varchar(50) DEFAULT NULL,
  `token` varchar(255) DEFAULT NULL,
  `token_expires` datetime DEFAULT NULL,
  `api_token` varchar(255) DEFAULT NULL,
  `activation_date` datetime DEFAULT NULL,
  `secret` varchar(32) DEFAULT NULL,
  `secret_verified` tinyint(1) DEFAULT NULL,
  `tos_date` datetime DEFAULT NULL,
  `active` tinyint(1) NOT NULL DEFAULT 0,
  `is_superuser` tinyint(1) NOT NULL DEFAULT 0,
  `role_id` char(36) DEFAULT NULL,
  `created` datetime NOT NULL,
  `modified` datetime NOT NULL,
  PRIMARY KEY (`id`),
  KEY `role_id` (`role_id`),
  CONSTRAINT `users_ibfk_1` FOREIGN KEY (`role_id`) REFERENCES `roles` (`id`)
) ENGINE=InnoDB DEFAULT CHARSET=utf8mb4;
/*!40101 SET character_set_client = @saved_cs_client */;

--
-- Dumping data for table `users`
--

LOCK TABLES `users` WRITE;
/*!40000 ALTER TABLE `users` DISABLE KEYS */;
INSERT INTO `users` VALUES ('0o0k18r-63wr-p5r8-qgp1','TEKANTO78',NULL,'$2y$10$7Nr7lHpeouo.3Swq.mM.3uNu0zjJmyyEGxgTOA1F9UYq7dXSFfyHK','NOEMI SOSA MARRUFO ',NULL,NULL,NULL,NULL,NULL,NULL,NULL,NULL,1,0,'80687266-6761-43a2-bd98-f42349a9bb63','2019-04-05 23:50:22','2019-04-05 23:50:22'),('0sdogba-7p1s-3ygq-xzkh','MAYAPAN49',NULL,'$2y$10$7Nr7lHpeouo.3Swq.mM.3uNu0zjJmyyEGxgTOA1F9UYq7dXSFfyHK','FABIAN PUC NAAL ',NULL,NULL,NULL,NULL,NULL,NULL,NULL,NULL,1,0,'80687266-6761-43a2-bd98-f42349a9bb63','2019-04-05 23:50:20','2019-04-05 23:50:20'),('15snxuw-xhba-21tc-yfvd','MUNA53',NULL,'$2y$10$7Nr7lHpeouo.3Swq.mM.3uNu0zjJmyyEGxgTOA1F9UYq7dXSFfyHK','JESUS QUINTAL IC',NULL,NULL,NULL,NULL,NULL,NULL,NULL,NULL,1,0,'80687266-6761-43a2-bd98-f42349a9bb63','2019-04-05 23:50:20','2019-04-05 23:50:20'),('17z2udw-3v0d-lgd4-3ndj','ulisesM',NULL,'$2y$10$A2d8Ndnrtm360ipRiXNjmOksr82CF64HcUiK2adXB8r43VgQkjnhG','ULISES','MEJÍA',NULL,NULL,NULL,NULL,NULL,NULL,NULL,1,1,'5197c80d-2d30-4225-a757-b31592c9e0f0','2018-06-27 21:43:12','2018-06-27 21:43:12'),('1fo8879-q3rn-v1c0-okfe','IXIL39',NULL,'$2y$10$7Nr7lHpeouo.3Swq.mM.3uNu0zjJmyyEGxgTOA1F9UYq7dXSFfyHK','LUCIA CANTO LARA ',NULL,NULL,NULL,NULL,NULL,NULL,NULL,NULL,1,0,'80687266-6761-43a2-bd98-f42349a9bb63','2019-04-05 23:50:19','2019-04-05 23:50:19'),('1ifzz6l-nnm7-xzw5-a7yr','TEABO75',NULL,'$2y$10$7Nr7lHpeouo.3Swq.mM.3uNu0zjJmyyEGxgTOA1F9UYq7dXSFfyHK','ENRRI JOSUE KANTUN CHAN',NULL,NULL,NULL,NULL,NULL,NULL,NULL,NULL,1,0,'80687266-6761-43a2-bd98-f42349a9bb63','2019-04-05 23:50:22','2019-04-05 23:50:22'),('1vlxzpa-3twz-pdj6-ik0e','BOKOBA5',NULL,'$2y$10$7Nr7lHpeouo.3Swq.mM.3uNu0zjJmyyEGxgTOA1F9UYq7dXSFfyHK','GRETHEL ELIZABETH GUILLERMO DIAZ',NULL,NULL,NULL,NULL,NULL,NULL,NULL,NULL,1,0,'80687266-6761-43a2-bd98-f42349a9bb63','2019-04-05 23:50:16','2019-04-05 23:50:16'),('29rs9gg-77wp-7498-m76y','CANSAHCAB9',NULL,'$2y$10$7Nr7lHpeouo.3Swq.mM.3uNu0zjJmyyEGxgTOA1F9UYq7dXSFfyHK','LUIS CASTILLO ABRAHAM ',NULL,NULL,NULL,NULL,NULL,NULL,NULL,NULL,1,0,'80687266-6761-43a2-bd98-f42349a9bb63','2019-04-05 23:50:16','2019-04-05 23:50:16'),('2hjgor7-zto1-64ww-ckha','UCU100',NULL,'$2y$10$7Nr7lHpeouo.3Swq.mM.3uNu0zjJmyyEGxgTOA1F9UYq7dXSFfyHK','ANGEL GARCIA ',NULL,NULL,NULL,NULL,NULL,NULL,NULL,NULL,1,0,'80687266-6761-43a2-bd98-f42349a9bb63','2019-04-05 23:50:24','2019-04-05 23:50:24'),('2k3q3s1-1t6o-xdwk-fcmx','KANTUNIL42',NULL,'$2y$10$7Nr7lHpeouo.3Swq.mM.3uNu0zjJmyyEGxgTOA1F9UYq7dXSFfyHK','AARON RICARDO DE JESUS PALOMO EUAN',NULL,NULL,NULL,NULL,NULL,NULL,NULL,NULL,1,0,'80687266-6761-43a2-bd98-f42349a9bb63','2019-04-05 23:50:19','2019-04-05 23:50:19'),('3hxjccw-ilul-e8i6-r1em','ESPITA32',NULL,'$2y$10$7Nr7lHpeouo.3Swq.mM.3uNu0zjJmyyEGxgTOA1F9UYq7dXSFfyHK','REYES AGUIÑAGA ',NULL,NULL,NULL,NULL,NULL,NULL,NULL,NULL,1,0,'80687266-6761-43a2-bd98-f42349a9bb63','2019-04-05 23:50:18','2019-04-05 23:50:18'),('3s05exy-0sxg-12vw-g7hi','IZAMAL40',NULL,'$2y$10$7Nr7lHpeouo.3Swq.mM.3uNu0zjJmyyEGxgTOA1F9UYq7dXSFfyHK','LOURDES GABRIELA CABALLERO NEGRON',NULL,NULL,NULL,NULL,NULL,NULL,NULL,NULL,1,0,'80687266-6761-43a2-bd98-f42349a9bb63','2019-04-05 23:50:19','2019-04-05 23:50:19'),('3xhdb0t-72an-l8n7-rfol','SACALUM62',NULL,'$2y$10$7Nr7lHpeouo.3Swq.mM.3uNu0zjJmyyEGxgTOA1F9UYq7dXSFfyHK','MARTIN ALBERTO SEGURA CANCHE ',NULL,NULL,NULL,NULL,NULL,NULL,NULL,NULL,1,0,'80687266-6761-43a2-bd98-f42349a9bb63','2019-04-05 23:50:21','2019-04-05 23:50:21'),('4wdixkf-3w63-aedm-xqn9','CHICXULUBPUEBLO20',NULL,'$2y$10$7Nr7lHpeouo.3Swq.mM.3uNu0zjJmyyEGxgTOA1F9UYq7dXSFfyHK','JOSE MANUEL HERRERA LOPEZ',NULL,NULL,NULL,NULL,NULL,NULL,NULL,NULL,1,0,'80687266-6761-43a2-bd98-f42349a9bb63','2019-04-05 23:50:17','2019-04-05 23:50:17'),('511lypr-sx92-1y5x-kns7','XOCCHEL103',NULL,'$2y$10$7Nr7lHpeouo.3Swq.mM.3uNu0zjJmyyEGxgTOA1F9UYq7dXSFfyHK','JESUS PEREZ PIÑA',NULL,NULL,NULL,NULL,NULL,NULL,NULL,NULL,1,0,'80687266-6761-43a2-bd98-f42349a9bb63','2019-04-05 23:50:25','2019-04-05 23:50:25'),('55o49q1-xpc2-8epu-0s4r','TECOH76',NULL,'$2y$10$7Nr7lHpeouo.3Swq.mM.3uNu0zjJmyyEGxgTOA1F9UYq7dXSFfyHK','WILBERTH GUILLERMO BUENFIL BERZUNZA',NULL,NULL,NULL,NULL,NULL,NULL,NULL,NULL,1,0,'80687266-6761-43a2-bd98-f42349a9bb63','2019-04-05 23:50:22','2019-04-05 23:50:22'),('5b86pt3-fa3t-khua-6r6g','TEKAX79',NULL,'$2y$10$7Nr7lHpeouo.3Swq.mM.3uNu0zjJmyyEGxgTOA1F9UYq7dXSFfyHK','SHANTY MUÑOZ ',NULL,NULL,NULL,NULL,NULL,NULL,NULL,NULL,1,0,'80687266-6761-43a2-bd98-f42349a9bb63','2019-04-05 23:50:22','2019-04-05 23:50:22'),('5d5zmx5-cmep-huhn-efm8','M0NIT0R01',NULL,'$2y$10$qQaDRgCZdK/nDzAlNUQaV.N5361oyrLhEmtosT5Lue78ztyzZV.NW','MONITOR','01',NULL,NULL,NULL,NULL,NULL,NULL,NULL,1,0,'e687cb91-4cdf-4ab2-992f-e76584199c2e','2018-06-27 21:02:57','2018-06-27 21:02:57'),('5kw6noe-mh8n-qgxt-oin7','CHAPAB18',NULL,'$2y$10$7Nr7lHpeouo.3Swq.mM.3uNu0zjJmyyEGxgTOA1F9UYq7dXSFfyHK','FELIPE HERRERA',NULL,NULL,NULL,NULL,NULL,NULL,NULL,NULL,1,0,'80687266-6761-43a2-bd98-f42349a9bb63','2019-04-05 23:50:17','2019-04-05 23:50:17'),('5ownz3l-8jo9-46z6-g9vx','OXKUTZCAB56',NULL,'$2y$10$7Nr7lHpeouo.3Swq.mM.3uNu0zjJmyyEGxgTOA1F9UYq7dXSFfyHK','CESAR CABRERA',NULL,NULL,NULL,NULL,NULL,NULL,NULL,NULL,1,0,'80687266-6761-43a2-bd98-f42349a9bb63','2019-04-05 23:50:20','2019-04-05 23:50:20'),('5xxrbb5-66p4-27ih-gsp9','CACALCHEN7',NULL,'$2y$10$7Nr7lHpeouo.3Swq.mM.3uNu0zjJmyyEGxgTOA1F9UYq7dXSFfyHK','JAQUELINE HINIJOSA ',NULL,NULL,NULL,NULL,NULL,NULL,NULL,NULL,1,0,'80687266-6761-43a2-bd98-f42349a9bb63','2019-04-05 23:50:16','2019-04-05 23:50:16'),('62aadig-0au2-tf5u-zwtt','TIZIMIN96',NULL,'$2y$10$7Nr7lHpeouo.3Swq.mM.3uNu0zjJmyyEGxgTOA1F9UYq7dXSFfyHK','JORGE EDUARDO CANUL QUERO',NULL,NULL,NULL,NULL,NULL,NULL,NULL,NULL,1,0,'80687266-6761-43a2-bd98-f42349a9bb63','2019-04-05 23:50:24','2019-04-05 23:50:24'),('63pdnqr-2urt-4vno-a7s8','CHEMAX19',NULL,'$2y$10$7Nr7lHpeouo.3Swq.mM.3uNu0zjJmyyEGxgTOA1F9UYq7dXSFfyHK','EDGARDO BAEZA ',NULL,NULL,NULL,NULL,NULL,NULL,NULL,NULL,1,0,'80687266-6761-43a2-bd98-f42349a9bb63','2019-04-05 23:50:17','2019-04-05 23:50:17'),('63pnxkl-5xg2-lstu-h0hs','DZITAS30',NULL,'$2y$10$7Nr7lHpeouo.3Swq.mM.3uNu0zjJmyyEGxgTOA1F9UYq7dXSFfyHK','ALBY AGUILAR ',NULL,NULL,NULL,NULL,NULL,NULL,NULL,NULL,1,0,'80687266-6761-43a2-bd98-f42349a9bb63','2019-04-05 23:50:18','2019-04-05 23:50:18'),('68fqnl4-lybn-7frr-lacg','PETO58',NULL,'$2y$10$7Nr7lHpeouo.3Swq.mM.3uNu0zjJmyyEGxgTOA1F9UYq7dXSFfyHK','FRANCISCO NOVELO CERVANTES',NULL,NULL,NULL,NULL,NULL,NULL,NULL,NULL,1,0,'80687266-6761-43a2-bd98-f42349a9bb63','2019-04-05 23:50:20','2019-04-05 23:50:20'),('6n74wnu-w5ov-m48j-5umy','TEKALDEVENEGAS77',NULL,'$2y$10$7Nr7lHpeouo.3Swq.mM.3uNu0zjJmyyEGxgTOA1F9UYq7dXSFfyHK','JUAN CANTO ',NULL,NULL,NULL,NULL,NULL,NULL,NULL,NULL,1,0,'80687266-6761-43a2-bd98-f42349a9bb63','2019-04-05 23:50:22','2019-04-05 23:50:22'),('6orlarq-q59g-oobz-ec4q','DZILAMDEBRAVO28',NULL,'$2y$10$7Nr7lHpeouo.3Swq.mM.3uNu0zjJmyyEGxgTOA1F9UYq7dXSFfyHK','PAULINO ALFREDO ARCE ESCAMILLA',NULL,NULL,NULL,NULL,NULL,NULL,NULL,NULL,1,0,'80687266-6761-43a2-bd98-f42349a9bb63','2019-04-05 23:50:18','2019-04-05 23:50:18'),('72bddfd3-7d2b-4638-92ca-d101259a1399','ADMIN3','cyaber@vosr.com','$2y$10$/5WCyjtPZEhQNQ8KJj7YjukSAh0djDxetXMgtmzCACyzQuzJMkdEm','Carlos','Lopez','',NULL,'',NULL,'',1,NULL,1,1,'5197c80d-2d30-4225-a757-b31592c9e0f0','2018-05-16 02:07:05','2018-05-16 02:07:05'),('7retu4s-ljpo-82vw-ba6p','CHICHIMILA21',NULL,'$2y$10$7Nr7lHpeouo.3Swq.mM.3uNu0zjJmyyEGxgTOA1F9UYq7dXSFfyHK','TERESA LORIA MAC ',NULL,NULL,NULL,NULL,NULL,NULL,NULL,NULL,1,0,'80687266-6761-43a2-bd98-f42349a9bb63','2019-04-05 23:50:17','2019-04-05 23:50:17'),('7wvi7zo-6a4f-dsxk-pt3z','TUNKAS97',NULL,'$2y$10$7Nr7lHpeouo.3Swq.mM.3uNu0zjJmyyEGxgTOA1F9UYq7dXSFfyHK','MARIO NOVELO AYUSO',NULL,NULL,NULL,NULL,NULL,NULL,NULL,NULL,1,0,'80687266-6761-43a2-bd98-f42349a9bb63','2019-04-05 23:50:24','2019-04-05 23:50:24'),('86e06920-6035-419d-906f-cc672f90adm2','ADMIN2',NULL,'$2y$10$/5WCyjtPZEhQNQ8KJj7YjukSAh0djDxetXMgtmzCACyzQuzJMkdEm','ULISES','MEJIA',NULL,NULL,NULL,NULL,NULL,NULL,NULL,1,1,'5197c80d-2d30-4225-a757-b31592c9e0f0','2018-05-06 17:20:39','2018-05-06 17:20:39'),('86e06920-6035-419d-906f-cc672f90eadm','ADMIN1',NULL,'$2y$10$/5WCyjtPZEhQNQ8KJj7YjukSAh0djDxetXMgtmzCACyzQuzJMkdEm','CRISTINA','TORRES',NULL,NULL,NULL,NULL,NULL,NULL,NULL,1,1,'5197c80d-2d30-4225-a757-b31592c9e0f0','2018-05-06 17:14:41','2018-05-06 17:14:41'),('8h2h7xu-atag-977w-xjdn','YOBAIN106',NULL,'$2y$10$7Nr7lHpeouo.3Swq.mM.3uNu0zjJmyyEGxgTOA1F9UYq7dXSFfyHK','CELIA MALDONADO LLANES ',NULL,NULL,NULL,NULL,NULL,NULL,NULL,NULL,1,0,'80687266-6761-43a2-bd98-f42349a9bb63','2019-04-05 23:50:25','2019-04-05 23:50:25'),('8v8zad6-vhvr-ln4u-3uph','KOPOMA45',NULL,'$2y$10$7Nr7lHpeouo.3Swq.mM.3uNu0zjJmyyEGxgTOA1F9UYq7dXSFfyHK','ERWIN OBET MARTIN ALCOCER',NULL,NULL,NULL,NULL,NULL,NULL,NULL,NULL,1,0,'80687266-6761-43a2-bd98-f42349a9bb63','2019-04-05 23:50:19','2019-04-05 23:50:19'),('9kma1hu-tznl-6vp4-l2y1','CUZAMA15',NULL,'$2y$10$7Nr7lHpeouo.3Swq.mM.3uNu0zjJmyyEGxgTOA1F9UYq7dXSFfyHK','RAUL ZAPATA SOSA',NULL,NULL,NULL,NULL,NULL,NULL,NULL,NULL,1,0,'80687266-6761-43a2-bd98-f42349a9bb63','2019-04-05 23:50:17','2019-04-05 23:50:17'),('9l0vmey-djcx-hoyq-107p','TIXPEHUAL95',NULL,'$2y$10$7Nr7lHpeouo.3Swq.mM.3uNu0zjJmyyEGxgTOA1F9UYq7dXSFfyHK','ESTEBAN FUENTES ZAPATA ',NULL,NULL,NULL,NULL,NULL,NULL,NULL,NULL,1,0,'80687266-6761-43a2-bd98-f42349a9bb63','2019-04-05 23:50:24','2019-04-05 23:50:24'),('9wpl6wi-ru8v-tnlj-7xqn','MAMA46',NULL,'$2y$10$7Nr7lHpeouo.3Swq.mM.3uNu0zjJmyyEGxgTOA1F9UYq7dXSFfyHK','ROBERTO ALEJANDRO LOPEZ  MAY',NULL,NULL,NULL,NULL,NULL,NULL,NULL,NULL,1,0,'80687266-6761-43a2-bd98-f42349a9bb63','2019-04-05 23:50:19','2019-04-05 23:50:19'),('9wu34ht-2fzo-t99f-n8rs','TELCHACPUEBLO82',NULL,'$2y$10$7Nr7lHpeouo.3Swq.mM.3uNu0zjJmyyEGxgTOA1F9UYq7dXSFfyHK','JORGE MONTAÑEZ ',NULL,NULL,NULL,NULL,NULL,NULL,NULL,NULL,1,0,'80687266-6761-43a2-bd98-f42349a9bb63','2019-04-05 23:50:23','2019-04-05 23:50:23'),('aksatd3-aebm-uvbi-asqd','TEKIT80',NULL,'$2y$10$7Nr7lHpeouo.3Swq.mM.3uNu0zjJmyyEGxgTOA1F9UYq7dXSFfyHK','JOEL ISAAC ACHACH DIAZ',NULL,NULL,NULL,NULL,NULL,NULL,NULL,NULL,1,0,'80687266-6761-43a2-bd98-f42349a9bb63','2019-04-05 23:50:22','2019-04-05 23:50:22'),('amm9pkj-jy21-90x4-s95r','RIOLAGARTOS61',NULL,'$2y$10$7Nr7lHpeouo.3Swq.mM.3uNu0zjJmyyEGxgTOA1F9UYq7dXSFfyHK','MARIN JESUS MARRUFO PECH ',NULL,NULL,NULL,NULL,NULL,NULL,NULL,NULL,1,0,'80687266-6761-43a2-bd98-f42349a9bb63','2019-04-05 23:50:21','2019-04-05 23:50:21'),('bkjcwj6-l8f8-vk54-9fdx','MERIDA4D4',NULL,'$2y$10$7Nr7lHpeouo.3Swq.mM.3uNu0zjJmyyEGxgTOA1F9UYq7dXSFfyHK','EDWIN ADRES CHUC CAN',NULL,NULL,NULL,NULL,NULL,NULL,NULL,NULL,1,0,'80687266-6761-43a2-bd98-f42349a9bb63','2019-04-05 23:50:15','2019-04-05 23:50:15'),('bzi2ijr-tlh9-wk39-jvg7','MERIDA2D2',NULL,'$2y$10$7Nr7lHpeouo.3Swq.mM.3uNu0zjJmyyEGxgTOA1F9UYq7dXSFfyHK','CARLOS ROBERTO DIAZ PAYAN',NULL,NULL,NULL,NULL,NULL,NULL,NULL,NULL,1,0,'80687266-6761-43a2-bd98-f42349a9bb63','2019-04-05 23:50:15','2019-04-05 23:50:15'),('cea45lb-27f3-v6xn-fivv','KAUA43',NULL,'$2y$10$7Nr7lHpeouo.3Swq.mM.3uNu0zjJmyyEGxgTOA1F9UYq7dXSFfyHK','LUIS SALES MASA',NULL,NULL,NULL,NULL,NULL,NULL,NULL,NULL,1,0,'80687266-6761-43a2-bd98-f42349a9bb63','2019-04-05 23:50:19','2019-04-05 23:50:19'),('d2sx7ow-a29o-nlm5-rlyu','UMAN101',NULL,'$2y$10$7Nr7lHpeouo.3Swq.mM.3uNu0zjJmyyEGxgTOA1F9UYq7dXSFfyHK','IGNACIO MENDICUTI PAVON ',NULL,NULL,NULL,NULL,NULL,NULL,NULL,NULL,1,0,'80687266-6761-43a2-bd98-f42349a9bb63','2019-04-05 23:50:25','2019-04-05 23:50:25'),('d8flqcp-fnr0-q4f5-07d2','PANABA57',NULL,'$2y$10$7Nr7lHpeouo.3Swq.mM.3uNu0zjJmyyEGxgTOA1F9UYq7dXSFfyHK','ADRIAN MAY',NULL,NULL,NULL,NULL,NULL,NULL,NULL,NULL,1,0,'80687266-6761-43a2-bd98-f42349a9bb63','2019-04-05 23:50:20','2019-04-05 23:50:20'),('dpo7l7b-4pdz-exro-376s','TETIZ87',NULL,'$2y$10$7Nr7lHpeouo.3Swq.mM.3uNu0zjJmyyEGxgTOA1F9UYq7dXSFfyHK','RONALD UC PUERTO',NULL,NULL,NULL,NULL,NULL,NULL,NULL,NULL,1,0,'80687266-6761-43a2-bd98-f42349a9bb63','2019-04-05 23:50:23','2019-04-05 23:50:23'),('e292af8-sdkj-0fhz-8gbt','SANTAELENA66',NULL,'$2y$10$7Nr7lHpeouo.3Swq.mM.3uNu0zjJmyyEGxgTOA1F9UYq7dXSFfyHK','JORGE SOSA ACOSTA ',NULL,NULL,NULL,NULL,NULL,NULL,NULL,NULL,1,0,'80687266-6761-43a2-bd98-f42349a9bb63','2019-04-05 23:50:21','2019-04-05 23:50:21'),('e4zd0hd-ilp9-s82n-oe1v','CANTAMAYEC10',NULL,'$2y$10$7Nr7lHpeouo.3Swq.mM.3uNu0zjJmyyEGxgTOA1F9UYq7dXSFfyHK','GERARDO JACOBO CUXIM ALFARO',NULL,NULL,NULL,NULL,NULL,NULL,NULL,NULL,1,0,'80687266-6761-43a2-bd98-f42349a9bb63','2019-04-05 23:50:16','2019-04-05 23:50:16'),('ehoaf8m-zvxg-ryi5-vsif','TEPAKAN86',NULL,'$2y$10$7Nr7lHpeouo.3Swq.mM.3uNu0zjJmyyEGxgTOA1F9UYq7dXSFfyHK','CESAR LASTRA GALAZ ',NULL,NULL,NULL,NULL,NULL,NULL,NULL,NULL,1,0,'80687266-6761-43a2-bd98-f42349a9bb63','2019-04-05 23:50:23','2019-04-05 23:50:23'),('ewd2wjo-8874-e8a3-bny9','MERIDA7D7',NULL,'$2y$10$7Nr7lHpeouo.3Swq.mM.3uNu0zjJmyyEGxgTOA1F9UYq7dXSFfyHK','MARIO ALBERTO BELTRAN GARCIA',NULL,NULL,NULL,NULL,NULL,NULL,NULL,NULL,1,0,'80687266-6761-43a2-bd98-f42349a9bb63','2019-04-05 23:50:15','2019-04-05 23:50:15'),('ffcb08g-n1ks-8a76-03tw','CUNCUNUL14',NULL,'$2y$10$7Nr7lHpeouo.3Swq.mM.3uNu0zjJmyyEGxgTOA1F9UYq7dXSFfyHK','CARLOS BALTAZAR MARTIN ESPADAS ',NULL,NULL,NULL,NULL,NULL,NULL,NULL,NULL,1,0,'80687266-6761-43a2-bd98-f42349a9bb63','2019-04-05 23:50:17','2019-04-05 23:50:17'),('fup2l55-zfhg-2tqj-kes6','SUMADEHIDALGO72',NULL,'$2y$10$7Nr7lHpeouo.3Swq.mM.3uNu0zjJmyyEGxgTOA1F9UYq7dXSFfyHK','MANUEL AGUILAR PECH',NULL,NULL,NULL,NULL,NULL,NULL,NULL,NULL,1,0,'80687266-6761-43a2-bd98-f42349a9bb63','2019-04-05 23:50:22','2019-04-05 23:50:22'),('g0qtwp9-sguw-wefb-ven9','SANAHCAT64',NULL,'$2y$10$7Nr7lHpeouo.3Swq.mM.3uNu0zjJmyyEGxgTOA1F9UYq7dXSFfyHK','SANDRA GONGORA SALAS',NULL,NULL,NULL,NULL,NULL,NULL,NULL,NULL,1,0,'80687266-6761-43a2-bd98-f42349a9bb63','2019-04-05 23:50:21','2019-04-05 23:50:21'),('gbv06by-9xv5-ltds-a1ow','YAXKUKUL105',NULL,'$2y$10$7Nr7lHpeouo.3Swq.mM.3uNu0zjJmyyEGxgTOA1F9UYq7dXSFfyHK','HERBERT CRUZ BARQUET ',NULL,NULL,NULL,NULL,NULL,NULL,NULL,NULL,1,0,'80687266-6761-43a2-bd98-f42349a9bb63','2019-04-05 23:50:25','2019-04-05 23:50:25'),('ggcgvjw-yndz-d75s-f4fs','CHIKINDZONOT22',NULL,'$2y$10$7Nr7lHpeouo.3Swq.mM.3uNu0zjJmyyEGxgTOA1F9UYq7dXSFfyHK','ARIEL ALCOCER CALDERON ',NULL,NULL,NULL,NULL,NULL,NULL,NULL,NULL,1,0,'80687266-6761-43a2-bd98-f42349a9bb63','2019-04-05 23:50:17','2019-04-05 23:50:17'),('gkumiae-q9ip-bvbq-z2w0','ABALA1',NULL,'$2y$10$7Nr7lHpeouo.3Swq.mM.3uNu0zjJmyyEGxgTOA1F9UYq7dXSFfyHK','LUIS ACERETO SUASTE',NULL,NULL,NULL,NULL,NULL,NULL,NULL,NULL,1,0,'80687266-6761-43a2-bd98-f42349a9bb63','2019-04-05 23:50:15','2019-04-05 23:50:15'),('gmj33i4-1n9q-g80s-3bgu','TAHMEK74',NULL,'$2y$10$7Nr7lHpeouo.3Swq.mM.3uNu0zjJmyyEGxgTOA1F9UYq7dXSFfyHK','JORGE CARLOS DZIB',NULL,NULL,NULL,NULL,NULL,NULL,NULL,NULL,1,0,'80687266-6761-43a2-bd98-f42349a9bb63','2019-04-05 23:50:22','2019-04-05 23:50:22'),('h7adt3q-85jk-bp8f-n6z8','MOTUL52',NULL,'$2y$10$7Nr7lHpeouo.3Swq.mM.3uNu0zjJmyyEGxgTOA1F9UYq7dXSFfyHK','CARLOS PAVON FLORES ',NULL,NULL,NULL,NULL,NULL,NULL,NULL,NULL,1,0,'80687266-6761-43a2-bd98-f42349a9bb63','2019-04-05 23:50:20','2019-04-05 23:50:20'),('hssfake-u71k-3b27-92lq','CHUMAYEL24',NULL,'$2y$10$7Nr7lHpeouo.3Swq.mM.3uNu0zjJmyyEGxgTOA1F9UYq7dXSFfyHK','ALELI POOL',NULL,NULL,NULL,NULL,NULL,NULL,NULL,NULL,1,0,'80687266-6761-43a2-bd98-f42349a9bb63','2019-04-05 23:50:17','2019-04-05 23:50:17'),('hsvvs6s-065k-o0hc-oifc','TEKOM81',NULL,'$2y$10$7Nr7lHpeouo.3Swq.mM.3uNu0zjJmyyEGxgTOA1F9UYq7dXSFfyHK','DAVID LORIA ',NULL,NULL,NULL,NULL,NULL,NULL,NULL,NULL,1,0,'80687266-6761-43a2-bd98-f42349a9bb63','2019-04-05 23:50:23','2019-04-05 23:50:23'),('hzw2ei3-cewr-l3cy-cn0i','cristinaT',NULL,'$2y$10$Tt7QO3QyKR0VRX3JkYDLPOnzrNQOUiQyQKhl2lcXGpwyq9ui8uCbS','CRISTINA','TORRES',NULL,NULL,NULL,NULL,NULL,NULL,NULL,1,1,'5197c80d-2d30-4225-a757-b31592c9e0f0','2018-06-27 21:43:12','2018-06-27 21:43:12'),('i2b5too-otij-xzou-vgnu','DZAN25',NULL,'$2y$10$7Nr7lHpeouo.3Swq.mM.3uNu0zjJmyyEGxgTOA1F9UYq7dXSFfyHK','DELMAR BRICEÑO GONZALEZ',NULL,NULL,NULL,NULL,NULL,NULL,NULL,NULL,1,0,'80687266-6761-43a2-bd98-f42349a9bb63','2019-04-05 23:50:17','2019-04-05 23:50:17'),('i7mp5o5-g4c2-h14j-2w0o','TIXCACALCUPUL92',NULL,'$2y$10$7Nr7lHpeouo.3Swq.mM.3uNu0zjJmyyEGxgTOA1F9UYq7dXSFfyHK','ALVARO CHAN LORIA',NULL,NULL,NULL,NULL,NULL,NULL,NULL,NULL,1,0,'80687266-6761-43a2-bd98-f42349a9bb63','2019-04-05 23:50:24','2019-04-05 23:50:24'),('iwq6nd3-roh1-lo7s-2xwj','MERIDA5D5',NULL,'$2y$10$7Nr7lHpeouo.3Swq.mM.3uNu0zjJmyyEGxgTOA1F9UYq7dXSFfyHK','ALEJANDRINA LEON ',NULL,NULL,NULL,NULL,NULL,NULL,NULL,NULL,1,0,'80687266-6761-43a2-bd98-f42349a9bb63','2019-04-05 23:50:15','2019-04-05 23:50:15'),('j1zyymj-uh63-4max-e7cl','DZEMUL26',NULL,'$2y$10$7Nr7lHpeouo.3Swq.mM.3uNu0zjJmyyEGxgTOA1F9UYq7dXSFfyHK','JOSE DELIO CASANOVA AKE',NULL,NULL,NULL,NULL,NULL,NULL,NULL,NULL,1,0,'80687266-6761-43a2-bd98-f42349a9bb63','2019-04-05 23:50:17','2019-04-05 23:50:17'),('k1dldt0-gflz-66u7-szs7','SUCILA70',NULL,'$2y$10$7Nr7lHpeouo.3Swq.mM.3uNu0zjJmyyEGxgTOA1F9UYq7dXSFfyHK','ADOLFO IVAN BATUN ALPUCHE',NULL,NULL,NULL,NULL,NULL,NULL,NULL,NULL,1,0,'80687266-6761-43a2-bd98-f42349a9bb63','2019-04-05 23:50:22','2019-04-05 23:50:22'),('k3kyzrn-023k-1nn9-vci6','SEYE67',NULL,'$2y$10$7Nr7lHpeouo.3Swq.mM.3uNu0zjJmyyEGxgTOA1F9UYq7dXSFfyHK','MARIO CANTO AGUILAR ',NULL,NULL,NULL,NULL,NULL,NULL,NULL,NULL,1,0,'80687266-6761-43a2-bd98-f42349a9bb63','2019-04-05 23:50:21','2019-04-05 23:50:21'),('ksc48jm-17s7-h5t1-5q6u','SANFELIPE65',NULL,'$2y$10$7Nr7lHpeouo.3Swq.mM.3uNu0zjJmyyEGxgTOA1F9UYq7dXSFfyHK','GILBERTO HERBE ENRIQUEZ Y SOBERANIS',NULL,NULL,NULL,NULL,NULL,NULL,NULL,NULL,1,0,'80687266-6761-43a2-bd98-f42349a9bb63','2019-04-05 23:50:21','2019-04-05 23:50:21'),('lslm2ju-x6ok-iihz-8ll9','QUINTANAROO60',NULL,'$2y$10$7Nr7lHpeouo.3Swq.mM.3uNu0zjJmyyEGxgTOA1F9UYq7dXSFfyHK','JOSE RAFAEL HOIL MARTIN',NULL,NULL,NULL,NULL,NULL,NULL,NULL,NULL,1,0,'80687266-6761-43a2-bd98-f42349a9bb63','2019-04-05 23:50:21','2019-04-05 23:50:21'),('muauee3-0jpe-igk4-y9k6','CENOTILLO12',NULL,'$2y$10$7Nr7lHpeouo.3Swq.mM.3uNu0zjJmyyEGxgTOA1F9UYq7dXSFfyHK','CARLOS MEZQUITA SIERRA',NULL,NULL,NULL,NULL,NULL,NULL,NULL,NULL,1,0,'80687266-6761-43a2-bd98-f42349a9bb63','2019-04-05 23:50:16','2019-04-05 23:50:16'),('nic2u4d-3lrg-qzco-6ybz','CHOCHOLA23',NULL,'$2y$10$7Nr7lHpeouo.3Swq.mM.3uNu0zjJmyyEGxgTOA1F9UYq7dXSFfyHK','MARTHA ELENA SIMA CALAM',NULL,NULL,NULL,NULL,NULL,NULL,NULL,NULL,1,0,'80687266-6761-43a2-bd98-f42349a9bb63','2019-04-05 23:50:17','2019-04-05 23:50:17'),('nneriki-9ixd-mkg2-wnic','DZILAMGONZALEZ29',NULL,'$2y$10$7Nr7lHpeouo.3Swq.mM.3uNu0zjJmyyEGxgTOA1F9UYq7dXSFfyHK','JUAN CENTENO Y SANCHEZ ',NULL,NULL,NULL,NULL,NULL,NULL,NULL,NULL,1,0,'80687266-6761-43a2-bd98-f42349a9bb63','2019-04-05 23:50:18','2019-04-05 23:50:18'),('o4zuif0-fbxy-j4h6-n8om','HUHI37',NULL,'$2y$10$7Nr7lHpeouo.3Swq.mM.3uNu0zjJmyyEGxgTOA1F9UYq7dXSFfyHK','GASPAR MIGUEL ANGEL SALAZAR CATZIN',NULL,NULL,NULL,NULL,NULL,NULL,NULL,NULL,1,0,'80687266-6761-43a2-bd98-f42349a9bb63','2019-04-05 23:50:18','2019-04-05 23:50:18'),('o5inbsz-jb82-pdpz-751b','TIXKOKOB93',NULL,'$2y$10$7Nr7lHpeouo.3Swq.mM.3uNu0zjJmyyEGxgTOA1F9UYq7dXSFfyHK','FLOR ESCALANTE ',NULL,NULL,NULL,NULL,NULL,NULL,NULL,NULL,1,0,'80687266-6761-43a2-bd98-f42349a9bb63','2019-04-05 23:50:24','2019-04-05 23:50:24'),('oovxmfh-b0eu-eig2-vqfx','BACA4',NULL,'$2y$10$7Nr7lHpeouo.3Swq.mM.3uNu0zjJmyyEGxgTOA1F9UYq7dXSFfyHK','MINELIA CANTO LARA ',NULL,NULL,NULL,NULL,NULL,NULL,NULL,NULL,1,0,'80687266-6761-43a2-bd98-f42349a9bb63','2019-04-05 23:50:16','2019-04-05 23:50:16'),('oqb8m2u-tsud-ekd0-65ly','TINUM91',NULL,'$2y$10$7Nr7lHpeouo.3Swq.mM.3uNu0zjJmyyEGxgTOA1F9UYq7dXSFfyHK','EDUARDO EUAN ',NULL,NULL,NULL,NULL,NULL,NULL,NULL,NULL,1,0,'80687266-6761-43a2-bd98-f42349a9bb63','2019-04-05 23:50:24','2019-04-05 23:50:24'),('pabzooi-zw8g-sqmj-j9zs','TIXMEHUAC94',NULL,'$2y$10$7Nr7lHpeouo.3Swq.mM.3uNu0zjJmyyEGxgTOA1F9UYq7dXSFfyHK','JULIAN JAVIER NIC NAVARRETE',NULL,NULL,NULL,NULL,NULL,NULL,NULL,NULL,1,0,'80687266-6761-43a2-bd98-f42349a9bb63','2019-04-05 23:50:24','2019-04-05 23:50:24'),('poaxk06-c89g-5j95-b29m','KINCHIL44',NULL,'$2y$10$7Nr7lHpeouo.3Swq.mM.3uNu0zjJmyyEGxgTOA1F9UYq7dXSFfyHK','MANUEL CARRILLO PAREDES ',NULL,NULL,NULL,NULL,NULL,NULL,NULL,NULL,1,0,'80687266-6761-43a2-bd98-f42349a9bb63','2019-04-05 23:50:19','2019-04-05 23:50:19'),('puswd0o-4q2t-1vaq-wf1x','MANI47',NULL,'$2y$10$7Nr7lHpeouo.3Swq.mM.3uNu0zjJmyyEGxgTOA1F9UYq7dXSFfyHK','FRANCISCO JAVIER CALDERON YAH',NULL,NULL,NULL,NULL,NULL,NULL,NULL,NULL,1,0,'80687266-6761-43a2-bd98-f42349a9bb63','2019-04-05 23:50:19','2019-04-05 23:50:19'),('q2eh2be-iw2g-lrqk-zxib','DZIDZANTUN27',NULL,'$2y$10$7Nr7lHpeouo.3Swq.mM.3uNu0zjJmyyEGxgTOA1F9UYq7dXSFfyHK','JOSE ALPUCHE AVILES ',NULL,NULL,NULL,NULL,NULL,NULL,NULL,NULL,1,0,'80687266-6761-43a2-bd98-f42349a9bb63','2019-04-05 23:50:18','2019-04-05 23:50:18'),('qcqk8no-p14g-4idv-04jr','AKIL3',NULL,'$2y$10$7Nr7lHpeouo.3Swq.mM.3uNu0zjJmyyEGxgTOA1F9UYq7dXSFfyHK','JUAN CARLOS SANCHEZ VAZQUEZ',NULL,NULL,NULL,NULL,NULL,NULL,NULL,NULL,1,0,'80687266-6761-43a2-bd98-f42349a9bb63','2019-04-05 23:50:15','2019-04-05 23:50:15'),('qj47sew-b07b-i3xl-0evz','MERIDA1D1',NULL,'$2y$10$7Nr7lHpeouo.3Swq.mM.3uNu0zjJmyyEGxgTOA1F9UYq7dXSFfyHK','GASPAR DANIEL ALEMANY ORTIZ',NULL,NULL,NULL,NULL,NULL,NULL,NULL,NULL,1,0,'80687266-6761-43a2-bd98-f42349a9bb63','2019-04-05 23:50:15','2019-04-05 23:50:15'),('qndsc62-obgq-ua01-kvlt','CHACSINKIN16',NULL,'$2y$10$7Nr7lHpeouo.3Swq.mM.3uNu0zjJmyyEGxgTOA1F9UYq7dXSFfyHK','DANNY ONAM BALAM BALAM',NULL,NULL,NULL,NULL,NULL,NULL,NULL,NULL,1,0,'80687266-6761-43a2-bd98-f42349a9bb63','2019-04-05 23:50:16','2019-04-05 23:50:16'),('qwoc02l-319e-rlo2-6wms','TZUCACAB98',NULL,'$2y$10$7Nr7lHpeouo.3Swq.mM.3uNu0zjJmyyEGxgTOA1F9UYq7dXSFfyHK','HIGINIO CHAN ACOSTA',NULL,NULL,NULL,NULL,NULL,NULL,NULL,NULL,1,0,'80687266-6761-43a2-bd98-f42349a9bb63','2019-04-05 23:50:24','2019-04-05 23:50:24'),('r26sh0j-q3pd-93yx-2yhh','TAHDZIU73',NULL,'$2y$10$7Nr7lHpeouo.3Swq.mM.3uNu0zjJmyyEGxgTOA1F9UYq7dXSFfyHK','RODOLFO VALENTINO ALONZO ',NULL,NULL,NULL,NULL,NULL,NULL,NULL,NULL,1,0,'80687266-6761-43a2-bd98-f42349a9bb63','2019-04-05 23:50:22','2019-04-05 23:50:22'),('rhqekfi-07ag-yjnj-24ab','KANASIN41',NULL,'$2y$10$7Nr7lHpeouo.3Swq.mM.3uNu0zjJmyyEGxgTOA1F9UYq7dXSFfyHK','JOSE LUIS NOVELO AYUSO ',NULL,NULL,NULL,NULL,NULL,NULL,NULL,NULL,1,0,'80687266-6761-43a2-bd98-f42349a9bb63','2019-04-05 23:50:19','2019-04-05 23:50:19'),('rozlczs-yixl-62tz-bser','HUNUCMA38',NULL,'$2y$10$7Nr7lHpeouo.3Swq.mM.3uNu0zjJmyyEGxgTOA1F9UYq7dXSFfyHK','EDGAR COBA SAURI',NULL,NULL,NULL,NULL,NULL,NULL,NULL,NULL,1,0,'80687266-6761-43a2-bd98-f42349a9bb63','2019-04-05 23:50:19','2019-04-05 23:50:19'),('s2a97v6-idw8-dbw4-y39t','carlosJ',NULL,'$2y$10$/5WCyjtPZEhQNQ8KJj7YjukSAh0djDxetXMgtmzCACyzQuzJMkdEm','CARLOS','JOAQUIN GONZALEZ',NULL,NULL,NULL,NULL,NULL,NULL,NULL,1,1,'5197c80d-2d30-4225-a757-b31592c9e0f0','2018-06-27 21:43:12','2018-06-27 21:43:12'),('scyqd81-zn47-gjuf-v3yv','MUXUPIP54',NULL,'$2y$10$7Nr7lHpeouo.3Swq.mM.3uNu0zjJmyyEGxgTOA1F9UYq7dXSFfyHK','CLARA GUADALUPE CERVERA TELLEZ',NULL,NULL,NULL,NULL,NULL,NULL,NULL,NULL,1,0,'80687266-6761-43a2-bd98-f42349a9bb63','2019-04-05 23:50:20','2019-04-05 23:50:20'),('sxs2ye2-zvvb-f1o4-n8du','HALACHO33',NULL,'$2y$10$7Nr7lHpeouo.3Swq.mM.3uNu0zjJmyyEGxgTOA1F9UYq7dXSFfyHK','LUIS HOYOS SCHLAMME',NULL,NULL,NULL,NULL,NULL,NULL,NULL,NULL,1,0,'80687266-6761-43a2-bd98-f42349a9bb63','2019-04-05 23:50:18','2019-04-05 23:50:18'),('td0bywi-sgma-yxy2-6jaf','YAXCABA104',NULL,'$2y$10$7Nr7lHpeouo.3Swq.mM.3uNu0zjJmyyEGxgTOA1F9UYq7dXSFfyHK','JOSE DAFNE LOPEZ RODRIGUEZ',NULL,NULL,NULL,NULL,NULL,NULL,NULL,NULL,1,0,'80687266-6761-43a2-bd98-f42349a9bb63','2019-04-05 23:50:25','2019-04-05 23:50:25'),('titkhpy-pm7i-nhts-jynj','CHANKOM17',NULL,'$2y$10$7Nr7lHpeouo.3Swq.mM.3uNu0zjJmyyEGxgTOA1F9UYq7dXSFfyHK','MARIA VALENTINA POOL BOLIVAR',NULL,NULL,NULL,NULL,NULL,NULL,NULL,NULL,1,0,'80687266-6761-43a2-bd98-f42349a9bb63','2019-04-05 23:50:16','2019-04-05 23:50:16'),('u8ga1f1-wdmo-tyq5-ivb3','PROGRESO59',NULL,'$2y$10$7Nr7lHpeouo.3Swq.mM.3uNu0zjJmyyEGxgTOA1F9UYq7dXSFfyHK','WILBERTH CHI GONOGRA ',NULL,NULL,NULL,NULL,NULL,NULL,NULL,NULL,1,0,'80687266-6761-43a2-bd98-f42349a9bb63','2019-04-05 23:50:20','2019-04-05 23:50:20'),('uecdl4f-shvt-3elb-zw2q','TEMOZON85',NULL,'$2y$10$7Nr7lHpeouo.3Swq.mM.3uNu0zjJmyyEGxgTOA1F9UYq7dXSFfyHK','ANA NUÑEZ ',NULL,NULL,NULL,NULL,NULL,NULL,NULL,NULL,1,0,'80687266-6761-43a2-bd98-f42349a9bb63','2019-04-05 23:50:23','2019-04-05 23:50:23'),('ugyerse-zom5-vbzv-bsqe','SUDZAL71',NULL,'$2y$10$7Nr7lHpeouo.3Swq.mM.3uNu0zjJmyyEGxgTOA1F9UYq7dXSFfyHK','JONATHAN MEDINA PEREZ ',NULL,NULL,NULL,NULL,NULL,NULL,NULL,NULL,1,0,'80687266-6761-43a2-bd98-f42349a9bb63','2019-04-05 23:50:22','2019-04-05 23:50:22'),('ujoh597-ozap-3ru9-luho','DZONCAUICH31',NULL,'$2y$10$7Nr7lHpeouo.3Swq.mM.3uNu0zjJmyyEGxgTOA1F9UYq7dXSFfyHK','GABRIEL ARTURO CABRERA MONTERO ',NULL,NULL,NULL,NULL,NULL,NULL,NULL,NULL,1,0,'80687266-6761-43a2-bd98-f42349a9bb63','2019-04-05 23:50:18','2019-04-05 23:50:18'),('unqlmlf-ecsb-j0ot-sink','CELESTUN11',NULL,'$2y$10$7Nr7lHpeouo.3Swq.mM.3uNu0zjJmyyEGxgTOA1F9UYq7dXSFfyHK','JUAN GREGORIO GIO ORTIZ',NULL,NULL,NULL,NULL,NULL,NULL,NULL,NULL,1,0,'80687266-6761-43a2-bd98-f42349a9bb63','2019-04-05 23:50:16','2019-04-05 23:50:16'),('v0tugw6-ol09-c8ja-0g33','VALLADOLID102',NULL,'$2y$10$7Nr7lHpeouo.3Swq.mM.3uNu0zjJmyyEGxgTOA1F9UYq7dXSFfyHK','ANTONIO HOMA SERRANO ',NULL,NULL,NULL,NULL,NULL,NULL,NULL,NULL,1,0,'80687266-6761-43a2-bd98-f42349a9bb63','2019-04-05 23:50:25','2019-04-05 23:50:25'),('v5am4e4-75j2-bub9-4xkv','HOCTUN35',NULL,'$2y$10$7Nr7lHpeouo.3Swq.mM.3uNu0zjJmyyEGxgTOA1F9UYq7dXSFfyHK','CESAR PEREZ FLOTA ',NULL,NULL,NULL,NULL,NULL,NULL,NULL,NULL,1,0,'80687266-6761-43a2-bd98-f42349a9bb63','2019-04-05 23:50:18','2019-04-05 23:50:18'),('v6x4un3-3gi9-en2h-n8ek','TELCHACPUERTO83',NULL,'$2y$10$7Nr7lHpeouo.3Swq.mM.3uNu0zjJmyyEGxgTOA1F9UYq7dXSFfyHK','IRVING ARTHUR CASTILLO AVILA ',NULL,NULL,NULL,NULL,NULL,NULL,NULL,NULL,1,0,'80687266-6761-43a2-bd98-f42349a9bb63','2019-04-05 23:50:23','2019-04-05 23:50:23'),('vy1jg07-su8j-n9dc-lib6','BUCTZOTZ6',NULL,'$2y$10$7Nr7lHpeouo.3Swq.mM.3uNu0zjJmyyEGxgTOA1F9UYq7dXSFfyHK','TOMAS ALBERTO GONZALEZ CASTILLO ',NULL,NULL,NULL,NULL,NULL,NULL,NULL,NULL,1,0,'80687266-6761-43a2-bd98-f42349a9bb63','2019-04-05 23:50:16','2019-04-05 23:50:16'),('vyctv40-itm3-kq18-5rxd','MERIDA3D3',NULL,'$2y$10$7Nr7lHpeouo.3Swq.mM.3uNu0zjJmyyEGxgTOA1F9UYq7dXSFfyHK','GUADALUPE QUETZAL',NULL,NULL,NULL,NULL,NULL,NULL,NULL,NULL,1,0,'80687266-6761-43a2-bd98-f42349a9bb63','2019-04-05 23:50:15','2019-04-05 23:50:15'),('w9h7r62-vzl6-p84z-vid7','UAYMA99',NULL,'$2y$10$7Nr7lHpeouo.3Swq.mM.3uNu0zjJmyyEGxgTOA1F9UYq7dXSFfyHK','MARIO NOVELO AGUILAR ',NULL,NULL,NULL,NULL,NULL,NULL,NULL,NULL,1,0,'80687266-6761-43a2-bd98-f42349a9bb63','2019-04-05 23:50:24','2019-04-05 23:50:24'),('wp39oqb-niub-e2ij-dz3d','OPICHEN55',NULL,'$2y$10$7Nr7lHpeouo.3Swq.mM.3uNu0zjJmyyEGxgTOA1F9UYq7dXSFfyHK','PEDRO RICARDO CALAM FARFAN ',NULL,NULL,NULL,NULL,NULL,NULL,NULL,NULL,1,0,'80687266-6761-43a2-bd98-f42349a9bb63','2019-04-05 23:50:20','2019-04-05 23:50:20'),('x6iyaca-8yag-k4vx-yl34','HOCABA34',NULL,'$2y$10$7Nr7lHpeouo.3Swq.mM.3uNu0zjJmyyEGxgTOA1F9UYq7dXSFfyHK','CARLOS CARRILLO PAREDES ',NULL,NULL,NULL,NULL,NULL,NULL,NULL,NULL,1,0,'80687266-6761-43a2-bd98-f42349a9bb63','2019-04-05 23:50:18','2019-04-05 23:50:18'),('xcx2nus-waxh-17pk-5330','TEMAX84',NULL,'$2y$10$7Nr7lHpeouo.3Swq.mM.3uNu0zjJmyyEGxgTOA1F9UYq7dXSFfyHK','JULIO LIZAMA CEPEDA',NULL,NULL,NULL,NULL,NULL,NULL,NULL,NULL,1,0,'80687266-6761-43a2-bd98-f42349a9bb63','2019-04-05 23:50:23','2019-04-05 23:50:23'),('xlxbm7n-nc5n-5de9-pcqu','TICUL89',NULL,'$2y$10$7Nr7lHpeouo.3Swq.mM.3uNu0zjJmyyEGxgTOA1F9UYq7dXSFfyHK','LIMBER SOSA LARA ',NULL,NULL,NULL,NULL,NULL,NULL,NULL,NULL,1,0,'80687266-6761-43a2-bd98-f42349a9bb63','2019-04-05 23:50:23','2019-04-05 23:50:23'),('xrzvjfu-zqbt-qks8-2sp9','HOMUN36',NULL,'$2y$10$7Nr7lHpeouo.3Swq.mM.3uNu0zjJmyyEGxgTOA1F9UYq7dXSFfyHK','SANTIAGO ALBERTO  MARFIL  HERRERA',NULL,NULL,NULL,NULL,NULL,NULL,NULL,NULL,1,0,'80687266-6761-43a2-bd98-f42349a9bb63','2019-04-05 23:50:18','2019-04-05 23:50:18'),('y75mu9y-jlbk-f7o2-gijm','MAXCANU48',NULL,'$2y$10$7Nr7lHpeouo.3Swq.mM.3uNu0zjJmyyEGxgTOA1F9UYq7dXSFfyHK','CARLOS CETINA SALAZAR',NULL,NULL,NULL,NULL,NULL,NULL,NULL,NULL,1,0,'80687266-6761-43a2-bd98-f42349a9bb63','2019-04-05 23:50:20','2019-04-05 23:50:20'),('yb0c8lx-xktb-1d10-3xu8','CALOTMUL8',NULL,'$2y$10$7Nr7lHpeouo.3Swq.mM.3uNu0zjJmyyEGxgTOA1F9UYq7dXSFfyHK','AMIR ADAN RODRIGUEZ NOVELO',NULL,NULL,NULL,NULL,NULL,NULL,NULL,NULL,1,0,'80687266-6761-43a2-bd98-f42349a9bb63','2019-04-05 23:50:16','2019-04-05 23:50:16'),('yh62okh-dnmg-1yve-1io1','CONKAL13',NULL,'$2y$10$7Nr7lHpeouo.3Swq.mM.3uNu0zjJmyyEGxgTOA1F9UYq7dXSFfyHK','JORGE NOVELO',NULL,NULL,NULL,NULL,NULL,NULL,NULL,NULL,1,0,'80687266-6761-43a2-bd98-f42349a9bb63','2019-04-05 23:50:17','2019-04-05 23:50:17'),('ynml445-dyjq-ckjg-kr92','MOCOCHA51',NULL,'$2y$10$7Nr7lHpeouo.3Swq.mM.3uNu0zjJmyyEGxgTOA1F9UYq7dXSFfyHK','OSCAR JAVIER CERVERA HERRERA',NULL,NULL,NULL,NULL,NULL,NULL,NULL,NULL,1,0,'80687266-6761-43a2-bd98-f42349a9bb63','2019-04-05 23:50:20','2019-04-05 23:50:20'),('ytngy8h-qyf8-u22y-dmdt','TIMUCUY90',NULL,'$2y$10$7Nr7lHpeouo.3Swq.mM.3uNu0zjJmyyEGxgTOA1F9UYq7dXSFfyHK','AVELINO CHAN LIZAMA ',NULL,NULL,NULL,NULL,NULL,NULL,NULL,NULL,1,0,'80687266-6761-43a2-bd98-f42349a9bb63','2019-04-05 23:50:23','2019-04-05 23:50:23'),('yv3dw85-7dxz-fuoy-a57a','SINANCHE68',NULL,'$2y$10$7Nr7lHpeouo.3Swq.mM.3uNu0zjJmyyEGxgTOA1F9UYq7dXSFfyHK','CELIA SOLIS CHE ',NULL,NULL,NULL,NULL,NULL,NULL,NULL,NULL,1,0,'80687266-6761-43a2-bd98-f42349a9bb63','2019-04-05 23:50:21','2019-04-05 23:50:21'),('za3m1y2-6y6r-4n7n-50fz','TEYA88',NULL,'$2y$10$7Nr7lHpeouo.3Swq.mM.3uNu0zjJmyyEGxgTOA1F9UYq7dXSFfyHK','MARIELA MENA',NULL,NULL,NULL,NULL,NULL,NULL,NULL,NULL,1,0,'80687266-6761-43a2-bd98-f42349a9bb63','2019-04-05 23:50:23','2019-04-05 23:50:23'),('zd8ngvo-r0x7-olp7-i0bw','SAMAHIL63',NULL,'$2y$10$7Nr7lHpeouo.3Swq.mM.3uNu0zjJmyyEGxgTOA1F9UYq7dXSFfyHK','IRVING PISTE CANUL',NULL,NULL,NULL,NULL,NULL,NULL,NULL,NULL,1,0,'80687266-6761-43a2-bd98-f42349a9bb63','2019-04-05 23:50:21','2019-04-05 23:50:21'),('zldzmkh-r911-5liy-25r2','ACANCEH2',NULL,'$2y$10$7Nr7lHpeouo.3Swq.mM.3uNu0zjJmyyEGxgTOA1F9UYq7dXSFfyHK','PEDRO CARRILLO PECH',NULL,NULL,NULL,NULL,NULL,NULL,NULL,NULL,1,0,'80687266-6761-43a2-bd98-f42349a9bb63','2019-04-05 23:50:15','2019-04-05 23:50:15'),('zvoqser-58mr-it0v-yycu','SOTUTA69',NULL,'$2y$10$7Nr7lHpeouo.3Swq.mM.3uNu0zjJmyyEGxgTOA1F9UYq7dXSFfyHK','EFFY MARGARITA BARREDO VILLANUEVA',NULL,NULL,NULL,NULL,NULL,NULL,NULL,NULL,1,0,'80687266-6761-43a2-bd98-f42349a9bb63','2019-04-05 23:50:21','2019-04-05 23:50:21');
/*!40000 ALTER TABLE `users` ENABLE KEYS */;
UNLOCK TABLES;

--
-- Table structure for table `xmf_boxes_blocks`
--

DROP TABLE IF EXISTS `xmf_boxes_blocks`;
/*!40101 SET @saved_cs_client     = @@character_set_client */;
/*!40101 SET character_set_client = utf8 */;
CREATE TABLE `xmf_boxes_blocks` (
  `id` int(10) unsigned NOT NULL AUTO_INCREMENT,
  `nombre` text DEFAULT NULL,
  `descripcion` text DEFAULT NULL,
  `block` int(10) unsigned DEFAULT NULL,
  `created` datetime DEFAULT NULL,
  `modified` datetime DEFAULT NULL,
  PRIMARY KEY (`id`)
) ENGINE=InnoDB AUTO_INCREMENT=5 DEFAULT CHARSET=utf8mb4;
/*!40101 SET character_set_client = @saved_cs_client */;

--
-- Dumping data for table `xmf_boxes_blocks`
--

LOCK TABLES `xmf_boxes_blocks` WRITE;
/*!40000 ALTER TABLE `xmf_boxes_blocks` DISABLE KEYS */;
INSERT INTO `xmf_boxes_blocks` VALUES (1,'last_report','1st Coalitions',1,'2018-05-02 18:53:02','2018-05-02 18:53:02'),(2,'last_report','2nd',2,'2018-05-02 18:53:02','2018-05-02 18:53:02'),(3,'last_report','3rd',3,'2018-05-02 18:53:02','2018-05-02 18:53:02'),(4,'last_report','4th',4,'2018-05-02 18:53:02','2018-05-02 18:53:02');
/*!40000 ALTER TABLE `xmf_boxes_blocks` ENABLE KEYS */;
UNLOCK TABLES;

--
-- Table structure for table `xmf_boxes_orders`
--

DROP TABLE IF EXISTS `xmf_boxes_orders`;
/*!40101 SET @saved_cs_client     = @@character_set_client */;
/*!40101 SET character_set_client = utf8 */;
CREATE TABLE `xmf_boxes_orders` (
  `id` int(10) unsigned NOT NULL AUTO_INCREMENT,
  `name` text DEFAULT NULL,
  `formula` text DEFAULT NULL,
  `descripcion` text DEFAULT NULL,
  `xmf_partidos` int(10) unsigned DEFAULT NULL,
  `xmf_tipo_votaciones_id` int(10) unsigned DEFAULT NULL,
  `order` int(10) unsigned DEFAULT NULL,
  `partition` int(10) unsigned DEFAULT NULL,
  `xmf_boxes_blocks_id` int(10) unsigned DEFAULT NULL,
  `status` tinyint(1) NOT NULL DEFAULT 1,
  `created` datetime DEFAULT NULL,
  `modified` datetime DEFAULT NULL,
  PRIMARY KEY (`id`)
) ENGINE=InnoDB AUTO_INCREMENT=79 DEFAULT CHARSET=utf8mb4;
/*!40101 SET character_set_client = @saved_cs_client */;

--
-- Dumping data for table `xmf_boxes_orders`
--

LOCK TABLES `xmf_boxes_orders` WRITE;
/*!40000 ALTER TABLE `xmf_boxes_orders` DISABLE KEYS */;
INSERT INTO `xmf_boxes_orders` VALUES (1,'PAN-PRD-MC','','bloque-coaliciones',NULL,1,1,1,1,1,'2018-05-02 19:01:14','2018-05-02 19:01:14'),(2,'PRI-PVE-PANAL','','bloque-coaliciones',NULL,1,2,1,1,1,'2018-05-02 19:01:14','2018-05-02 19:01:14'),(3,'MORENA-PT-PES','','bloque-coaliciones',NULL,1,3,1,1,1,'2018-05-02 19:01:14','2018-05-02 19:01:14'),(4,'Bronco','','bloque-coaliciones',NULL,1,4,1,1,1,'2018-05-02 19:01:14','2018-05-02 19:01:14'),(5,'Margarita Zavala','','bloque-coaliciones',NULL,1,5,2,1,1,'2018-05-02 19:01:14','2018-05-02 19:01:14'),(6,'No Registrados','','bloque-coaliciones',NULL,1,6,2,1,1,'2018-05-02 19:01:14','2018-05-02 19:01:14'),(7,'Votos Nulos','','bloque-coaliciones',NULL,1,7,2,1,1,'2018-05-02 19:01:14','2018-05-02 19:01:14'),(8,'PAN-PRD-MC','','bloque-coaliciones',NULL,2,1,1,1,1,'2018-05-02 19:01:14','2018-05-02 19:01:14'),(9,'PRI-PVE-PANAL','','bloque-coaliciones',NULL,2,2,1,1,1,'2018-05-02 19:01:14','2018-05-02 19:01:14'),(10,'MORENA-PT-PES','','bloque-coaliciones',NULL,2,3,1,1,1,'2018-05-02 19:01:14','2018-05-02 19:01:14'),(11,'Bronco','','bloque-coaliciones',NULL,2,4,1,1,1,'2018-05-02 19:01:14','2018-05-02 19:01:14'),(12,'Margarita Zavala','','bloque-coaliciones',NULL,2,5,2,1,1,'2018-05-02 19:01:14','2018-05-02 19:01:14'),(13,'No Registrados','','bloque-coaliciones',NULL,2,6,2,1,1,'2018-05-02 19:01:14','2018-05-02 19:01:14'),(14,'Votos Nulos','','bloque-coaliciones',NULL,2,7,2,1,1,'2018-05-02 19:01:14','2018-05-02 19:01:14'),(15,'PAN-PRD-MC','','bloque-coaliciones',NULL,3,1,1,1,1,'2018-05-02 19:01:14','2018-05-02 19:01:14'),(16,'PRI-PVE-PANAL','','bloque-coaliciones',NULL,3,2,1,1,1,'2018-05-02 19:01:14','2018-05-02 19:01:14'),(17,'MORENA-PT-PES','','bloque-coaliciones',NULL,3,3,1,1,1,'2018-05-02 19:01:14','2018-05-02 19:01:14'),(18,'Bronco','','bloque-coaliciones',NULL,3,4,1,1,1,'2018-05-02 19:01:14','2018-05-02 19:01:14'),(19,'Margarita Zavala','','bloque-coaliciones',NULL,3,5,2,1,1,'2018-05-02 19:01:14','2018-05-02 19:01:14'),(20,'No Registrados','','bloque-coaliciones',NULL,3,6,2,1,1,'2018-05-02 19:01:14','2018-05-02 19:01:14'),(21,'Votos Nulos','','bloque-coaliciones',NULL,3,7,2,1,1,'2018-05-02 19:01:14','2018-05-02 19:01:14'),(22,'PAN-PRD-MC','','bloque-coaliciones',NULL,4,1,1,1,1,'2018-05-02 19:01:14','2018-05-02 19:01:14'),(23,'PRI-PVE-PANAL','','bloque-coaliciones',NULL,4,2,1,1,1,'2018-05-02 19:01:14','2018-05-02 19:01:14'),(24,'MORENA-PT','','bloque-coaliciones',NULL,4,3,1,1,1,'2018-05-02 19:01:14','2018-05-02 19:01:14'),(25,'No Registrados','','bloque-coaliciones',NULL,4,6,2,1,1,'2018-05-02 19:01:14','2018-05-02 19:01:14'),(26,'Votos Nulos','','bloque-coaliciones',NULL,4,7,2,1,1,'2018-05-02 19:01:14','2018-05-02 19:01:14'),(27,'MORENA-PT','MORENA PT','only-coalition',NULL,1,3,NULL,2,0,'2018-05-02 19:01:24','2018-05-02 19:01:24'),(28,'MORENA-PT','MORENA PT','only-coalition',NULL,2,3,NULL,2,0,'2018-05-02 19:01:24','2018-05-02 19:01:24'),(29,'MORENA-PT','MORENA PT','only-coalition',NULL,3,3,NULL,2,0,'2018-05-02 19:01:24','2018-05-02 19:01:24'),(30,'MORENA-PT','MORENA PT','only-coalition',NULL,4,3,NULL,2,1,'2018-05-02 19:01:24','2018-05-02 19:01:24'),(31,'MORENA-PT-PES','MORENA PES','only-coalition',NULL,1,1,NULL,2,1,'2018-05-02 19:01:24','2018-05-02 19:01:24'),(32,'MORENA-PT-PES','MORENA PES','only-coalition',NULL,2,1,NULL,2,1,'2018-05-02 19:01:24','2018-05-02 19:01:24'),(33,'MORENA-PT-PES','MORENA PES','only-coalition',NULL,3,1,NULL,2,1,'2018-05-02 19:01:24','2018-05-02 19:01:24'),(34,'MORENA-PT-PES','MORENA PES','only-coalition',NULL,4,1,NULL,2,0,'2018-05-02 19:01:24','2018-05-02 19:01:24'),(35,'MORENA-PT-PES','MORENA PT','only-coalition',NULL,1,2,NULL,2,1,'2018-05-02 19:01:24','2018-05-02 19:01:24'),(36,'MORENA-PT-PES','MORENA PT','only-coalition',NULL,2,2,NULL,2,1,'2018-05-02 19:01:24','2018-05-02 19:01:24'),(37,'MORENA-PT-PES','MORENA PT','only-coalition',NULL,3,2,NULL,2,1,'2018-05-02 19:01:24','2018-05-02 19:01:24'),(38,'MORENA-PT-PES','MORENA PT','only-coalition',NULL,4,2,NULL,2,0,'2018-05-02 19:01:24','2018-05-02 19:01:24'),(39,'MORENA-PT-PES','MORENA PT PES','only-coalition',NULL,1,4,NULL,2,1,'2018-05-02 19:01:24','2018-05-02 19:01:24'),(40,'MORENA-PT-PES','MORENA PT PES','only-coalition',NULL,2,4,NULL,2,1,'2018-05-02 19:01:24','2018-05-02 19:01:24'),(41,'MORENA-PT-PES','MORENA PT PES','only-coalition',NULL,3,4,NULL,2,1,'2018-05-02 19:01:24','2018-05-02 19:01:24'),(42,'MORENA-PT-PES','MORENA PT PES','only-coalition',NULL,4,4,NULL,2,0,'2018-05-02 19:01:24','2018-05-02 19:01:24'),(43,'MORENA-PT-PES','PT PES','only-coalition',NULL,1,12,NULL,2,1,'2018-05-02 19:01:24','2018-05-02 19:01:24'),(44,'MORENA-PT-PES','PT PES','only-coalition',NULL,2,12,NULL,2,1,'2018-05-02 19:01:24','2018-05-02 19:01:24'),(45,'MORENA-PT-PES','PT PES','only-coalition',NULL,3,12,NULL,2,1,'2018-05-02 19:01:24','2018-05-02 19:01:24'),(46,'MORENA-PT-PES','PT PES','only-coalition',NULL,4,12,NULL,2,0,'2018-05-02 19:01:24','2018-05-02 19:01:24'),(47,'PAN-PRD-MC','PAN MC','only-coalition',NULL,1,5,NULL,2,1,'2018-05-02 19:01:24','2018-05-02 19:01:24'),(48,'PAN-PRD-MC','PAN MC','only-coalition',NULL,2,5,NULL,2,1,'2018-05-02 19:01:24','2018-05-02 19:01:24'),(49,'PAN-PRD-MC','PAN MC','only-coalition',NULL,3,5,NULL,2,1,'2018-05-02 19:01:24','2018-05-02 19:01:24'),(50,'PAN-PRD-MC','PAN MC','only-coalition',NULL,4,5,NULL,2,1,'2018-05-02 19:01:24','2018-05-02 19:01:24'),(51,'PAN-PRD-MC','PAN PRD','only-coalition',NULL,1,6,NULL,2,1,'2018-05-02 19:01:24','2018-05-02 19:01:24'),(52,'PAN-PRD-MC','PAN PRD','only-coalition',NULL,2,6,NULL,2,1,'2018-05-02 19:01:24','2018-05-02 19:01:24'),(53,'PAN-PRD-MC','PAN PRD','only-coalition',NULL,3,6,NULL,2,1,'2018-05-02 19:01:24','2018-05-02 19:01:24'),(54,'PAN-PRD-MC','PAN PRD','only-coalition',NULL,4,6,NULL,2,1,'2018-05-02 19:01:24','2018-05-02 19:01:24'),(55,'PAN-PRD-MC','PAN PRD MC','only-coalition',NULL,1,7,NULL,2,1,'2018-05-02 19:01:24','2018-05-02 19:01:24'),(56,'PAN-PRD-MC','PAN PRD MC','only-coalition',NULL,2,7,NULL,2,1,'2018-05-02 19:01:24','2018-05-02 19:01:24'),(57,'PAN-PRD-MC','PAN PRD MC','only-coalition',NULL,3,7,NULL,2,1,'2018-05-02 19:01:24','2018-05-02 19:01:24'),(58,'PAN-PRD-MC','PAN PRD MC','only-coalition',NULL,4,7,NULL,2,1,'2018-05-02 19:01:24','2018-05-02 19:01:24'),(59,'PAN-PRD-MC','PRD MC','only-coalition',NULL,1,8,NULL,2,1,'2018-05-02 19:01:24','2018-05-02 19:01:24'),(60,'PAN-PRD-MC','PRD MC','only-coalition',NULL,2,8,NULL,2,1,'2018-05-02 19:01:24','2018-05-02 19:01:24'),(61,'PAN-PRD-MC','PRD MC','only-coalition',NULL,3,8,NULL,2,1,'2018-05-02 19:01:24','2018-05-02 19:01:24'),(62,'PAN-PRD-MC','PRD MC','only-coalition',NULL,4,8,NULL,2,1,'2018-05-02 19:01:24','2018-05-02 19:01:24'),(63,'PRI-PVE-PANAL','PRI PANAL','only-coalition',NULL,1,9,NULL,2,1,'2018-05-02 19:01:24','2018-05-02 19:01:24'),(64,'PRI-PVE-PANAL','PRI PANAL','only-coalition',NULL,2,9,NULL,2,1,'2018-05-02 19:01:24','2018-05-02 19:01:24'),(65,'PRI-PVE-PANAL','PRI PANAL','only-coalition',NULL,3,9,NULL,2,1,'2018-05-02 19:01:24','2018-05-02 19:01:24'),(66,'PRI-PVE-PANAL','PRI PANAL','only-coalition',NULL,4,9,NULL,2,1,'2018-05-02 19:01:24','2018-05-02 19:01:24'),(67,'PRI-PVE-PANAL','PRI PVE','only-coalition',NULL,1,10,NULL,2,1,'2018-05-02 19:01:24','2018-05-02 19:01:24'),(68,'PRI-PVE-PANAL','PRI PVE','only-coalition',NULL,2,10,NULL,2,1,'2018-05-02 19:01:24','2018-05-02 19:01:24'),(69,'PRI-PVE-PANAL','PRI PVE','only-coalition',NULL,3,10,NULL,2,1,'2018-05-02 19:01:24','2018-05-02 19:01:24'),(70,'PRI-PVE-PANAL','PRI PVE','only-coalition',NULL,4,10,NULL,2,1,'2018-05-02 19:01:24','2018-05-02 19:01:24'),(71,'PRI-PVE-PANAL','PRI PVE PANAL','only-coalition',NULL,1,11,NULL,2,1,'2018-05-02 19:01:24','2018-05-02 19:01:24'),(72,'PRI-PVE-PANAL','PRI PVE PANAL','only-coalition',NULL,2,11,NULL,2,1,'2018-05-02 19:01:24','2018-05-02 19:01:24'),(73,'PRI-PVE-PANAL','PRI PVE PANAL','only-coalition',NULL,3,11,NULL,2,1,'2018-05-02 19:01:24','2018-05-02 19:01:24'),(74,'PRI-PVE-PANAL','PRI PVE PANAL','only-coalition',NULL,4,11,NULL,2,1,'2018-05-02 19:01:24','2018-05-02 19:01:24'),(75,'PRI-PVE-PANAL','PVE PANAL','only-coalition',NULL,1,13,NULL,2,1,'2018-05-02 19:01:24','2018-05-02 19:01:24'),(76,'PRI-PVE-PANAL','PVE PANAL','only-coalition',NULL,2,13,NULL,2,1,'2018-05-02 19:01:24','2018-05-02 19:01:24'),(77,'PRI-PVE-PANAL','PVE PANAL','only-coalition',NULL,3,13,NULL,2,1,'2018-05-02 19:01:24','2018-05-02 19:01:24'),(78,'PRI-PVE-PANAL','PVE PANAL','only-coalition',NULL,4,13,NULL,2,1,'2018-05-02 19:01:24','2018-05-02 19:01:24');
/*!40000 ALTER TABLE `xmf_boxes_orders` ENABLE KEYS */;
UNLOCK TABLES;

--
-- Table structure for table `xmf_casillas`
--

DROP TABLE IF EXISTS `xmf_casillas`;
/*!40101 SET @saved_cs_client     = @@character_set_client */;
/*!40101 SET character_set_client = utf8 */;
CREATE TABLE `xmf_casillas` (
  `id` int(10) unsigned NOT NULL AUTO_INCREMENT,
  `user_id` char(36) DEFAULT NULL,
  `rg_id` char(36) DEFAULT NULL,
  `name` char(50) NOT NULL,
  `description` char(150) NOT NULL,
  `municipio` text DEFAULT NULL,
  `seccion` text DEFAULT NULL,
  `clave_agrupamiento` char(2) DEFAULT NULL,
  `tipo_casilla` text DEFAULT NULL,
  `urbana` text DEFAULT NULL,
  `distrito` text DEFAULT NULL,
  `locacion` text DEFAULT NULL,
  `hora_presencia` time DEFAULT NULL,
  `hora_instalacion` time DEFAULT NULL,
  `hora_inicio` time DEFAULT NULL,
  `hora_cierre` time DEFAULT NULL,
  `created` datetime DEFAULT NULL,
  `modified` datetime DEFAULT NULL,
  `lugar_indicado` tinyint(1) DEFAULT NULL,
  `gente_fila` tinyint(1) DEFAULT NULL,
  `status` char(1) DEFAULT NULL,
  `reporte` int(11) DEFAULT NULL,
  `nombres_fila` text DEFAULT NULL,
  `abogado_casilla` text DEFAULT NULL,
  `rg_casilla` text DEFAULT NULL,
  `rg_telefono` text DEFAULT NULL,
  `rc_telefono` text DEFAULT NULL,
  PRIMARY KEY (`id`),
  UNIQUE KEY `name` (`name`)
) ENGINE=InnoDB AUTO_INCREMENT=114 DEFAULT CHARSET=utf8mb4;
/*!40101 SET character_set_client = @saved_cs_client */;

--
-- Dumping data for table `xmf_casillas`
--

LOCK TABLES `xmf_casillas` WRITE;
/*!40000 ALTER TABLE `xmf_casillas` DISABLE KEYS */;
INSERT INTO `xmf_casillas` VALUES (3,'qj47sew-b07b-i3xl-0evz',NULL,'MERIDA 1','MERIDA 1',NULL,NULL,NULL,NULL,NULL,NULL,NULL,NULL,NULL,NULL,NULL,NULL,NULL,NULL,NULL,NULL,NULL,NULL,NULL,'9999473556','9999473556','9999473556'),(4,'bzi2ijr-tlh9-wk39-jvg7',NULL,'MERIDA 2','MERIDA 2',NULL,NULL,NULL,NULL,NULL,NULL,NULL,NULL,NULL,NULL,NULL,NULL,NULL,NULL,NULL,NULL,NULL,NULL,NULL,'','',''),(5,'vyctv40-itm3-kq18-5rxd',NULL,'MERIDA 3','MERIDA 3',NULL,NULL,NULL,NULL,NULL,NULL,NULL,NULL,NULL,NULL,NULL,NULL,NULL,NULL,NULL,NULL,NULL,NULL,NULL,'','',''),(6,'bkjcwj6-l8f8-vk54-9fdx',NULL,'MERIDA 4','MERIDA 4',NULL,NULL,NULL,NULL,NULL,NULL,NULL,NULL,NULL,NULL,NULL,NULL,NULL,NULL,NULL,NULL,NULL,NULL,NULL,'','',''),(7,'iwq6nd3-roh1-lo7s-2xwj',NULL,'MERIDA 5','MERIDA 5',NULL,NULL,NULL,NULL,NULL,NULL,NULL,NULL,NULL,NULL,NULL,NULL,NULL,NULL,NULL,NULL,NULL,NULL,NULL,'','',''),(8,'ewd2wjo-8874-e8a3-bny9',NULL,'MERIDA 7','MERIDA 7',NULL,NULL,NULL,NULL,NULL,NULL,NULL,NULL,NULL,NULL,NULL,NULL,NULL,NULL,NULL,NULL,NULL,NULL,NULL,'','',''),(9,'gkumiae-q9ip-bvbq-z2w0',NULL,'ABALA','ABALA',NULL,NULL,NULL,NULL,NULL,NULL,NULL,NULL,NULL,NULL,NULL,NULL,NULL,NULL,NULL,NULL,2,NULL,NULL,'9993701867','9993701867','9993701867'),(10,'zldzmkh-r911-5liy-25r2',NULL,'ACANCEH','ACANCEH',NULL,NULL,NULL,NULL,NULL,NULL,NULL,NULL,NULL,NULL,NULL,NULL,NULL,NULL,NULL,NULL,NULL,NULL,NULL,'9999044897','9999044897','9999044897'),(11,'qcqk8no-p14g-4idv-04jr',NULL,'AKIL','AKIL',NULL,NULL,NULL,NULL,NULL,NULL,NULL,NULL,NULL,NULL,NULL,NULL,NULL,NULL,NULL,NULL,NULL,NULL,NULL,'9971085406','9971085406','9971085406'),(12,'oovxmfh-b0eu-eig2-vqfx',NULL,'BACA','BACA',NULL,NULL,NULL,NULL,NULL,NULL,NULL,NULL,NULL,NULL,NULL,NULL,NULL,NULL,NULL,NULL,NULL,NULL,NULL,'9997431900','9997431900','9997431900'),(13,'1vlxzpa-3twz-pdj6-ik0e',NULL,'BOKOBA','BOKOBA',NULL,NULL,NULL,NULL,NULL,NULL,NULL,NULL,NULL,NULL,NULL,NULL,NULL,NULL,NULL,NULL,NULL,NULL,NULL,'9991770413','9991770413','9991770413'),(14,'vy1jg07-su8j-n9dc-lib6',NULL,'BUCTZOTZ','BUCTZOTZ',NULL,NULL,NULL,NULL,NULL,NULL,NULL,NULL,NULL,NULL,NULL,NULL,NULL,NULL,NULL,NULL,NULL,NULL,NULL,'9861034046','9861034046','9861034046'),(15,'5xxrbb5-66p4-27ih-gsp9',NULL,'CACALCHEN','CACALCHEN',NULL,NULL,NULL,NULL,NULL,NULL,NULL,NULL,NULL,NULL,NULL,NULL,NULL,NULL,NULL,NULL,NULL,NULL,NULL,'9993667703','9993667703','9993667703'),(16,'yb0c8lx-xktb-1d10-3xu8',NULL,'CALOTMUL','CALOTMUL',NULL,NULL,NULL,NULL,NULL,NULL,NULL,NULL,NULL,NULL,NULL,NULL,NULL,NULL,NULL,NULL,NULL,NULL,NULL,'9991084809','9991084809','9991084809'),(17,'29rs9gg-77wp-7498-m76y',NULL,'CANSAHCAB','CANSAHCAB',NULL,NULL,NULL,NULL,NULL,NULL,NULL,NULL,NULL,NULL,NULL,NULL,NULL,NULL,NULL,NULL,NULL,NULL,NULL,'9991843469','9991843469','9991843469'),(18,'e4zd0hd-ilp9-s82n-oe1v',NULL,'CANTAMAYEC','CANTAMAYEC',NULL,NULL,NULL,NULL,NULL,NULL,NULL,NULL,NULL,NULL,NULL,NULL,NULL,NULL,NULL,NULL,NULL,NULL,NULL,'9997380121','9997380121','9997380121'),(19,'unqlmlf-ecsb-j0ot-sink',NULL,'CELESTUN','CELESTUN',NULL,NULL,NULL,NULL,NULL,NULL,NULL,NULL,NULL,NULL,NULL,NULL,NULL,NULL,NULL,NULL,NULL,NULL,NULL,'9993669055','9993669055','9993669055'),(20,'muauee3-0jpe-igk4-y9k6',NULL,'CENOTILLO','CENOTILLO',NULL,NULL,NULL,NULL,NULL,NULL,NULL,NULL,NULL,NULL,NULL,NULL,NULL,NULL,NULL,NULL,NULL,NULL,NULL,'9889676219','9889676219','9889676219'),(21,'qndsc62-obgq-ua01-kvlt',NULL,'CHACSINKIN','CHACSINKIN',NULL,NULL,NULL,NULL,NULL,NULL,NULL,NULL,NULL,NULL,NULL,NULL,NULL,NULL,NULL,NULL,NULL,NULL,NULL,'9971036995','9971036995','9971036995'),(22,'titkhpy-pm7i-nhts-jynj',NULL,'CHANKOM','CHANKOM',NULL,NULL,NULL,NULL,NULL,NULL,NULL,NULL,NULL,NULL,NULL,NULL,NULL,NULL,NULL,NULL,NULL,NULL,NULL,'9851061563','9851061563','9851061563'),(23,'5kw6noe-mh8n-qgxt-oin7',NULL,'CHAPAB','CHAPAB',NULL,NULL,NULL,NULL,NULL,NULL,NULL,NULL,NULL,NULL,NULL,NULL,NULL,NULL,NULL,NULL,NULL,NULL,NULL,'9996358601','9996358601','9996358601'),(24,'63pdnqr-2urt-4vno-a7s8',NULL,'CHEMAX','CHEMAX',NULL,NULL,NULL,NULL,NULL,NULL,NULL,NULL,NULL,NULL,NULL,NULL,NULL,NULL,NULL,NULL,NULL,NULL,NULL,'9858580843','9858580843','9858580843'),(25,'7retu4s-ljpo-82vw-ba6p',NULL,'CHICHIMILA','CHICHIMILA',NULL,NULL,NULL,NULL,NULL,NULL,NULL,NULL,NULL,NULL,NULL,NULL,NULL,NULL,NULL,NULL,NULL,NULL,NULL,'9851082979','9851082979','9851082979'),(26,'4wdixkf-3w63-aedm-xqn9',NULL,'CHICXULUB PUEBLO','CHICXULUB PUEBLO',NULL,NULL,NULL,NULL,NULL,NULL,NULL,NULL,NULL,NULL,NULL,NULL,NULL,NULL,NULL,NULL,NULL,NULL,NULL,'9999078350','9999078350','9999078350'),(27,'ggcgvjw-yndz-d75s-f4fs',NULL,'CHIKINDZONOT','CHIKINDZONOT',NULL,NULL,NULL,NULL,NULL,NULL,NULL,NULL,NULL,NULL,NULL,NULL,NULL,NULL,NULL,NULL,NULL,NULL,NULL,'9979774031','9979774031','9979774031'),(28,'nic2u4d-3lrg-qzco-6ybz',NULL,'CHOCHOLA','CHOCHOLA',NULL,NULL,NULL,NULL,NULL,NULL,NULL,NULL,NULL,NULL,NULL,NULL,NULL,NULL,NULL,NULL,NULL,NULL,NULL,'9992686828','9992686828','9992686828'),(29,'hssfake-u71k-3b27-92lq',NULL,'CHUMAYEL','CHUMAYEL',NULL,NULL,NULL,NULL,NULL,NULL,NULL,NULL,NULL,NULL,NULL,NULL,NULL,NULL,NULL,NULL,NULL,NULL,NULL,'9991444262','9991444262','9991444262'),(30,'yh62okh-dnmg-1yve-1io1',NULL,'CONKAL','CONKAL',NULL,NULL,NULL,NULL,NULL,NULL,NULL,NULL,NULL,NULL,NULL,NULL,NULL,NULL,NULL,NULL,NULL,NULL,NULL,'9995937636','9995937636','9995937636'),(31,'ffcb08g-n1ks-8a76-03tw',NULL,'CUNCUNUL','CUNCUNUL',NULL,NULL,NULL,NULL,NULL,NULL,NULL,NULL,NULL,NULL,NULL,NULL,NULL,NULL,NULL,NULL,NULL,NULL,NULL,'9855934998','9855934998','9855934998'),(32,'9kma1hu-tznl-6vp4-l2y1',NULL,'CUZAMA','CUZAMA',NULL,NULL,NULL,NULL,NULL,NULL,NULL,NULL,NULL,NULL,NULL,NULL,NULL,NULL,NULL,NULL,NULL,NULL,NULL,'9992423527','9992423527','9992423527'),(33,'i2b5too-otij-xzou-vgnu',NULL,'DZAN','DZAN',NULL,NULL,NULL,NULL,NULL,NULL,NULL,NULL,NULL,NULL,NULL,NULL,NULL,NULL,NULL,NULL,NULL,NULL,NULL,'9971232716','9971232716','9971232716'),(34,'j1zyymj-uh63-4max-e7cl',NULL,'DZEMUL','DZEMUL',NULL,NULL,NULL,NULL,NULL,NULL,NULL,NULL,NULL,NULL,NULL,NULL,NULL,NULL,NULL,NULL,NULL,NULL,NULL,'9992383118','9992383118','9992383118'),(35,'q2eh2be-iw2g-lrqk-zxib',NULL,'DZIDZANTUN','DZIDZANTUN',NULL,NULL,NULL,NULL,NULL,NULL,NULL,NULL,NULL,NULL,NULL,NULL,NULL,NULL,NULL,NULL,NULL,NULL,NULL,'9991636131','9991636131','9991636131'),(36,'6orlarq-q59g-oobz-ec4q',NULL,'DZILAM DE BRAVO','DZILAM DE BRAVO',NULL,NULL,NULL,NULL,NULL,NULL,NULL,NULL,NULL,NULL,NULL,NULL,NULL,NULL,NULL,NULL,NULL,NULL,NULL,'9999100299','9999100299','9999100299'),(37,'nneriki-9ixd-mkg2-wnic',NULL,'DZILAM GONZALEZ','DZILAM GONZALEZ',NULL,NULL,NULL,NULL,NULL,NULL,NULL,NULL,NULL,NULL,NULL,NULL,NULL,NULL,NULL,NULL,NULL,NULL,NULL,'9919597107','9919597107','9919597107'),(38,'63pnxkl-5xg2-lstu-h0hs',NULL,'DZITAS','DZITAS',NULL,NULL,NULL,NULL,NULL,NULL,NULL,NULL,NULL,NULL,NULL,NULL,NULL,NULL,NULL,NULL,NULL,NULL,NULL,'9911050856','9911050856','9911050856'),(39,'ujoh597-ozap-3ru9-luho',NULL,'DZONCAUICH','DZONCAUICH',NULL,NULL,NULL,NULL,NULL,NULL,NULL,NULL,NULL,NULL,NULL,NULL,NULL,NULL,NULL,NULL,NULL,NULL,NULL,'9992424234','9992424234','9992424234'),(40,'3hxjccw-ilul-e8i6-r1em',NULL,'ESPITA','ESPITA',NULL,NULL,NULL,NULL,NULL,NULL,NULL,NULL,NULL,NULL,NULL,NULL,NULL,NULL,NULL,NULL,NULL,NULL,NULL,'9868663080','9868663080','9868663080'),(41,'sxs2ye2-zvvb-f1o4-n8du',NULL,'HALACHO','HALACHO',NULL,NULL,NULL,NULL,NULL,NULL,NULL,NULL,NULL,NULL,NULL,NULL,NULL,NULL,NULL,NULL,NULL,NULL,NULL,'9991007388','9991007388','9991007388'),(42,'x6iyaca-8yag-k4vx-yl34',NULL,'HOCABA','HOCABA',NULL,NULL,NULL,NULL,NULL,NULL,NULL,NULL,NULL,NULL,NULL,NULL,NULL,NULL,NULL,NULL,NULL,NULL,NULL,'9997432387','9997432387','9997432387'),(43,'v5am4e4-75j2-bub9-4xkv',NULL,'HOCTUN','HOCTUN',NULL,NULL,NULL,NULL,NULL,NULL,NULL,NULL,NULL,NULL,NULL,NULL,NULL,NULL,NULL,NULL,NULL,NULL,NULL,'9889665352','9889665352','9889665352'),(44,'xrzvjfu-zqbt-qks8-2sp9',NULL,'HOMUN','HOMUN',NULL,NULL,NULL,NULL,NULL,NULL,NULL,NULL,NULL,NULL,NULL,NULL,NULL,NULL,NULL,NULL,NULL,NULL,NULL,'9992424772','9992424772','9992424772'),(45,'o4zuif0-fbxy-j4h6-n8om',NULL,'HUHI','HUHI',NULL,NULL,NULL,NULL,NULL,NULL,NULL,NULL,NULL,NULL,NULL,NULL,NULL,NULL,NULL,NULL,NULL,NULL,NULL,'9999700612','9999700612','9999700612'),(46,'rozlczs-yixl-62tz-bser',NULL,'HUNUCMA','HUNUCMA',NULL,NULL,NULL,NULL,NULL,NULL,NULL,NULL,NULL,NULL,NULL,NULL,NULL,NULL,NULL,NULL,NULL,NULL,NULL,'9991576411','9991576411','9991576411'),(47,'1fo8879-q3rn-v1c0-okfe',NULL,'IXIL','IXIL',NULL,NULL,NULL,NULL,NULL,NULL,NULL,NULL,NULL,NULL,NULL,NULL,NULL,NULL,NULL,NULL,NULL,NULL,NULL,'9991842210','9991842210','9991842210'),(48,'3s05exy-0sxg-12vw-g7hi',NULL,'IZAMAL','IZAMAL',NULL,NULL,NULL,NULL,NULL,NULL,NULL,NULL,NULL,NULL,NULL,NULL,NULL,NULL,NULL,NULL,NULL,NULL,NULL,'9993319312/ 9991273347','9993319312/ 9991273347','9993319312/ 9991273347'),(49,'rhqekfi-07ag-yjnj-24ab',NULL,'KANASIN','KANASIN',NULL,NULL,NULL,NULL,NULL,NULL,NULL,NULL,NULL,NULL,NULL,NULL,NULL,NULL,NULL,NULL,NULL,NULL,NULL,'9999580770','9999580770','9999580770'),(50,'2k3q3s1-1t6o-xdwk-fcmx',NULL,'KANTUNIL','KANTUNIL',NULL,NULL,NULL,NULL,NULL,NULL,NULL,NULL,NULL,NULL,NULL,NULL,NULL,NULL,NULL,NULL,NULL,NULL,NULL,'9995767587','9995767587','9995767587'),(51,'cea45lb-27f3-v6xn-fivv',NULL,'KAUA','KAUA',NULL,NULL,NULL,NULL,NULL,NULL,NULL,NULL,NULL,NULL,NULL,NULL,NULL,NULL,NULL,NULL,NULL,NULL,NULL,'9991419786','9991419786','9991419786'),(52,'poaxk06-c89g-5j95-b29m',NULL,'KINCHIL','KINCHIL',NULL,NULL,NULL,NULL,NULL,NULL,NULL,NULL,NULL,NULL,NULL,NULL,NULL,NULL,NULL,NULL,NULL,NULL,NULL,'9992717887','9992717887','9992717887'),(53,'8v8zad6-vhvr-ln4u-3uph',NULL,'KOPOMA','KOPOMA',NULL,NULL,NULL,NULL,NULL,NULL,NULL,NULL,NULL,NULL,NULL,NULL,NULL,NULL,NULL,NULL,NULL,NULL,NULL,'9991841008','9991841008','9991841008'),(54,'9wpl6wi-ru8v-tnlj-7xqn',NULL,'MAMA','MAMA',NULL,NULL,NULL,NULL,NULL,NULL,NULL,NULL,NULL,NULL,NULL,NULL,NULL,NULL,NULL,NULL,NULL,NULL,NULL,'9979770064','9979770064','9979770064'),(55,'puswd0o-4q2t-1vaq-wf1x',NULL,'MANI','MANI',NULL,NULL,NULL,NULL,NULL,NULL,NULL,NULL,NULL,NULL,NULL,NULL,NULL,NULL,NULL,NULL,NULL,NULL,NULL,'9991407599','9991407599','9991407599'),(56,'y75mu9y-jlbk-f7o2-gijm',NULL,'MAXCANU','MAXCANU',NULL,NULL,NULL,NULL,NULL,NULL,NULL,NULL,NULL,NULL,NULL,NULL,NULL,NULL,NULL,NULL,NULL,NULL,NULL,'9991837842','9991837842','9991837842'),(57,'0sdogba-7p1s-3ygq-xzkh',NULL,'MAYAPAN','MAYAPAN',NULL,NULL,NULL,NULL,NULL,NULL,NULL,NULL,NULL,NULL,NULL,NULL,NULL,NULL,NULL,NULL,NULL,NULL,NULL,'9971214057','9971214057','9971214057'),(58,'ynml445-dyjq-ckjg-kr92',NULL,'MOCOCHA','MOCOCHA',NULL,NULL,NULL,NULL,NULL,NULL,NULL,NULL,NULL,NULL,NULL,NULL,NULL,NULL,NULL,NULL,NULL,NULL,NULL,'9992714070','9992714070','9992714070'),(59,'h7adt3q-85jk-bp8f-n6z8',NULL,'MOTUL','MOTUL',NULL,NULL,NULL,NULL,NULL,NULL,NULL,NULL,NULL,NULL,NULL,NULL,NULL,NULL,NULL,NULL,NULL,NULL,NULL,'9991273965','9991273965','9991273965'),(60,'15snxuw-xhba-21tc-yfvd',NULL,'MUNA','MUNA',NULL,NULL,NULL,NULL,NULL,NULL,NULL,NULL,NULL,NULL,NULL,NULL,NULL,NULL,NULL,NULL,NULL,NULL,NULL,'9995754853','9995754853','9995754853'),(61,'scyqd81-zn47-gjuf-v3yv',NULL,'MUXUPIP','MUXUPIP',NULL,NULL,NULL,NULL,NULL,NULL,NULL,NULL,NULL,NULL,NULL,NULL,NULL,NULL,NULL,NULL,NULL,NULL,NULL,'9991712505','9991712505','9991712505'),(62,'wp39oqb-niub-e2ij-dz3d',NULL,'OPICHEN','OPICHEN',NULL,NULL,NULL,NULL,NULL,NULL,NULL,NULL,NULL,NULL,NULL,NULL,NULL,NULL,NULL,NULL,NULL,NULL,NULL,'9979775001','9979775001','9979775001'),(63,'5ownz3l-8jo9-46z6-g9vx',NULL,'OXKUTZCAB','OXKUTZCAB',NULL,NULL,NULL,NULL,NULL,NULL,NULL,NULL,NULL,NULL,NULL,NULL,NULL,NULL,NULL,NULL,NULL,NULL,NULL,'9971022900','9971022900','9971022900'),(64,'d8flqcp-fnr0-q4f5-07d2',NULL,'PANABA','PANABA',NULL,NULL,NULL,NULL,NULL,NULL,NULL,NULL,NULL,NULL,NULL,NULL,NULL,NULL,NULL,NULL,NULL,NULL,NULL,'9861036448','9861036448','9861036448'),(65,'68fqnl4-lybn-7frr-lacg',NULL,'PETO','PETO',NULL,NULL,NULL,NULL,NULL,NULL,NULL,NULL,NULL,NULL,NULL,NULL,NULL,NULL,NULL,NULL,NULL,NULL,NULL,'9971005621','9971005621','9971005621'),(66,'u8ga1f1-wdmo-tyq5-ivb3',NULL,'PROGRESO','PROGRESO',NULL,NULL,NULL,NULL,NULL,NULL,NULL,NULL,NULL,NULL,NULL,NULL,NULL,NULL,NULL,NULL,NULL,NULL,NULL,'9991296531','9991296531','9991296531'),(67,'lslm2ju-x6ok-iihz-8ll9',NULL,'QUINTANA ROO','QUINTANA ROO',NULL,NULL,NULL,NULL,NULL,NULL,NULL,NULL,NULL,NULL,NULL,NULL,NULL,NULL,NULL,NULL,NULL,NULL,NULL,'9858521568','9858521568','9858521568'),(68,'amm9pkj-jy21-90x4-s95r',NULL,'RIO LAGARTOS','RIO LAGARTOS',NULL,NULL,NULL,NULL,NULL,NULL,NULL,NULL,NULL,NULL,NULL,NULL,NULL,NULL,NULL,NULL,NULL,NULL,NULL,'9861064195','9861064195','9861064195'),(69,'3xhdb0t-72an-l8n7-rfol',NULL,'SACALUM','SACALUM',NULL,NULL,NULL,NULL,NULL,NULL,NULL,NULL,NULL,NULL,NULL,NULL,NULL,NULL,NULL,NULL,NULL,NULL,NULL,'9971074290','9971074290','9971074290'),(70,'zd8ngvo-r0x7-olp7-i0bw',NULL,'SAMAHIL','SAMAHIL',NULL,NULL,NULL,NULL,NULL,NULL,NULL,NULL,NULL,NULL,NULL,NULL,NULL,NULL,NULL,NULL,NULL,NULL,NULL,'9992288039','9992288039','9992288039'),(71,'ksc48jm-17s7-h5t1-5q6u',NULL,'SAN FELIPE','SAN FELIPE',NULL,NULL,NULL,NULL,NULL,NULL,NULL,NULL,NULL,NULL,NULL,NULL,NULL,NULL,NULL,NULL,NULL,NULL,NULL,'9992716006','9992716006','9992716006'),(72,'g0qtwp9-sguw-wefb-ven9',NULL,'SANAHCAT','SANAHCAT',NULL,NULL,NULL,NULL,NULL,NULL,NULL,NULL,NULL,NULL,NULL,NULL,NULL,NULL,NULL,NULL,NULL,NULL,NULL,'9991999486','9991999486','9991999486'),(73,'e292af8-sdkj-0fhz-8gbt',NULL,'SANTA ELENA','SANTA ELENA',NULL,NULL,NULL,NULL,NULL,NULL,NULL,NULL,NULL,NULL,NULL,NULL,NULL,NULL,NULL,NULL,NULL,NULL,NULL,'9971087226','9971087226','9971087226'),(74,'k3kyzrn-023k-1nn9-vci6',NULL,'SEYE','SEYE',NULL,NULL,NULL,NULL,NULL,NULL,NULL,NULL,NULL,NULL,NULL,NULL,NULL,NULL,NULL,NULL,NULL,NULL,NULL,'9999561611','9999561611','9999561611'),(75,'yv3dw85-7dxz-fuoy-a57a',NULL,'SINANCHE','SINANCHE',NULL,NULL,NULL,NULL,NULL,NULL,NULL,NULL,NULL,NULL,NULL,NULL,NULL,NULL,NULL,NULL,NULL,NULL,NULL,'9997389683','9997389683','9997389683'),(76,'zvoqser-58mr-it0v-yycu',NULL,'SOTUTA','SOTUTA',NULL,NULL,NULL,NULL,NULL,NULL,NULL,NULL,NULL,NULL,NULL,NULL,NULL,NULL,NULL,NULL,NULL,NULL,NULL,'9991442080','9991442080','9991442080'),(77,'k1dldt0-gflz-66u7-szs7',NULL,'SUCILA','SUCILA',NULL,NULL,NULL,NULL,NULL,NULL,NULL,NULL,NULL,NULL,NULL,NULL,NULL,NULL,NULL,NULL,NULL,NULL,NULL,'9999071169','9999071169','9999071169'),(78,'ugyerse-zom5-vbzv-bsqe',NULL,'SUDZAL','SUDZAL',NULL,NULL,NULL,NULL,NULL,NULL,NULL,NULL,NULL,NULL,NULL,NULL,NULL,NULL,NULL,NULL,NULL,NULL,NULL,'9992574784','9992574784','9992574784'),(79,'fup2l55-zfhg-2tqj-kes6',NULL,'SUMA DE HIDALGO','SUMA DE HIDALGO',NULL,NULL,NULL,NULL,NULL,NULL,NULL,NULL,NULL,NULL,NULL,NULL,NULL,NULL,NULL,NULL,NULL,NULL,NULL,'9999479165','9999479165','9999479165'),(80,'r26sh0j-q3pd-93yx-2yhh',NULL,'TAHDZIU','TAHDZIU',NULL,NULL,NULL,NULL,NULL,NULL,NULL,NULL,NULL,NULL,NULL,NULL,NULL,NULL,NULL,NULL,NULL,NULL,NULL,'9971100376','9971100376','9971100376'),(81,'gmj33i4-1n9q-g80s-3bgu',NULL,'TAHMEK','TAHMEK',NULL,NULL,NULL,NULL,NULL,NULL,NULL,NULL,NULL,NULL,NULL,NULL,NULL,NULL,NULL,NULL,NULL,NULL,NULL,'9997389860','9997389860','9997389860'),(82,'1ifzz6l-nnm7-xzw5-a7yr',NULL,'TEABO','TEABO',NULL,NULL,NULL,NULL,NULL,NULL,NULL,NULL,NULL,NULL,NULL,NULL,NULL,NULL,NULL,NULL,NULL,NULL,NULL,'9991327026','9991327026','9991327026'),(83,'55o49q1-xpc2-8epu-0s4r',NULL,'TECOH','TECOH',NULL,NULL,NULL,NULL,NULL,NULL,NULL,NULL,NULL,NULL,NULL,NULL,NULL,NULL,NULL,NULL,NULL,NULL,NULL,'9992223314','9992223314','9992223314'),(84,'6n74wnu-w5ov-m48j-5umy',NULL,'TEKAL DE VENEGAS','TEKAL DE VENEGAS',NULL,NULL,NULL,NULL,NULL,NULL,NULL,NULL,NULL,NULL,NULL,NULL,NULL,NULL,NULL,NULL,NULL,NULL,NULL,'9997432492','9997432492','9997432492'),(85,'0o0k18r-63wr-p5r8-qgp1',NULL,'TEKANTO','TEKANTO',NULL,NULL,NULL,NULL,NULL,NULL,NULL,NULL,NULL,NULL,'20:04:00',NULL,NULL,NULL,NULL,'X',3,NULL,NULL,'9992278350','9992278350','9992278350'),(86,'5b86pt3-fa3t-khua-6r6g',NULL,'TEKAX','TEKAX',NULL,NULL,NULL,NULL,NULL,NULL,NULL,NULL,NULL,NULL,NULL,NULL,NULL,NULL,NULL,NULL,NULL,NULL,NULL,'9971006736','9971006736','9971006736'),(87,'aksatd3-aebm-uvbi-asqd',NULL,'TEKIT','TEKIT',NULL,NULL,NULL,NULL,NULL,NULL,NULL,NULL,NULL,NULL,NULL,NULL,NULL,NULL,NULL,NULL,NULL,NULL,NULL,'9992192723','9992192723','9992192723'),(88,'hsvvs6s-065k-o0hc-oifc',NULL,'TEKOM','TEKOM',NULL,NULL,NULL,NULL,NULL,NULL,NULL,NULL,NULL,NULL,NULL,NULL,NULL,NULL,NULL,NULL,NULL,NULL,NULL,'985119039','985119039','985119039'),(89,'9wu34ht-2fzo-t99f-n8rs',NULL,'TELCHAC PUEBLO','TELCHAC PUEBLO',NULL,NULL,NULL,NULL,NULL,NULL,NULL,NULL,NULL,NULL,NULL,NULL,NULL,NULL,NULL,NULL,NULL,NULL,NULL,'9991724090','9991724090','9991724090'),(90,'v6x4un3-3gi9-en2h-n8ek',NULL,'TELCHAC PUERTO','TELCHAC PUERTO',NULL,NULL,NULL,NULL,NULL,NULL,NULL,NULL,NULL,NULL,NULL,NULL,NULL,NULL,NULL,NULL,NULL,NULL,NULL,'9995021653','9995021653','9995021653'),(91,'xcx2nus-waxh-17pk-5330',NULL,'TEMAX','TEMAX',NULL,NULL,NULL,NULL,NULL,NULL,NULL,NULL,NULL,NULL,NULL,NULL,NULL,NULL,NULL,NULL,NULL,NULL,NULL,'9992009647','9992009647','9992009647'),(92,'uecdl4f-shvt-3elb-zw2q',NULL,'TEMOZON','TEMOZON',NULL,NULL,NULL,NULL,NULL,NULL,NULL,NULL,NULL,NULL,NULL,NULL,NULL,NULL,NULL,NULL,NULL,NULL,NULL,'9991515234','9991515234','9991515234'),(93,'ehoaf8m-zvxg-ryi5-vsif',NULL,'TEPAKAN','TEPAKAN',NULL,NULL,NULL,NULL,NULL,NULL,NULL,NULL,NULL,NULL,NULL,NULL,NULL,NULL,NULL,NULL,NULL,NULL,NULL,'9993501883','9993501883','9993501883'),(94,'dpo7l7b-4pdz-exro-376s',NULL,'TETIZ','TETIZ',NULL,NULL,NULL,NULL,NULL,NULL,NULL,NULL,NULL,NULL,NULL,NULL,NULL,NULL,NULL,NULL,NULL,NULL,NULL,'9991360755','9991360755','9991360755'),(95,'za3m1y2-6y6r-4n7n-50fz',NULL,'TEYA','TEYA',NULL,NULL,NULL,NULL,NULL,NULL,NULL,NULL,NULL,NULL,NULL,NULL,NULL,NULL,NULL,NULL,NULL,NULL,NULL,'9991656465','9991656465','9991656465'),(96,'xlxbm7n-nc5n-5de9-pcqu',NULL,'TICUL','TICUL',NULL,NULL,NULL,NULL,NULL,NULL,NULL,NULL,NULL,NULL,NULL,NULL,NULL,NULL,NULL,NULL,NULL,NULL,NULL,'9992713540','9992713540','9992713540'),(97,'ytngy8h-qyf8-u22y-dmdt',NULL,'TIMUCUY','TIMUCUY',NULL,NULL,NULL,NULL,NULL,NULL,NULL,NULL,NULL,NULL,NULL,NULL,NULL,NULL,NULL,NULL,NULL,NULL,NULL,'9992367988','9992367988','9992367988'),(98,'oqb8m2u-tsud-ekd0-65ly',NULL,'TINUM','TINUM',NULL,NULL,NULL,NULL,NULL,NULL,NULL,NULL,NULL,NULL,NULL,NULL,NULL,NULL,NULL,NULL,NULL,NULL,NULL,'9992587728','9992587728','9992587728'),(99,'i7mp5o5-g4c2-h14j-2w0o',NULL,'TIXCACALCUPUL','TIXCACALCUPUL',NULL,NULL,NULL,NULL,NULL,NULL,NULL,NULL,NULL,NULL,NULL,NULL,NULL,NULL,NULL,NULL,NULL,NULL,NULL,'9851021386','9851021386','9851021386'),(100,'o5inbsz-jb82-pdpz-751b',NULL,'TIXKOKOB','TIXKOKOB',NULL,NULL,NULL,NULL,NULL,NULL,NULL,NULL,NULL,NULL,NULL,NULL,NULL,NULL,NULL,NULL,NULL,NULL,NULL,'9999472953','9999472953','9999472953'),(101,'pabzooi-zw8g-sqmj-j9zs',NULL,'TIXMEHUAC','TIXMEHUAC',NULL,NULL,NULL,NULL,NULL,NULL,NULL,NULL,NULL,NULL,NULL,NULL,NULL,NULL,NULL,NULL,NULL,NULL,NULL,'9971424407','9971424407','9971424407'),(102,'9l0vmey-djcx-hoyq-107p',NULL,'TIXPEHUAL','TIXPEHUAL',NULL,NULL,NULL,NULL,NULL,NULL,NULL,NULL,NULL,NULL,NULL,NULL,NULL,NULL,NULL,NULL,NULL,NULL,NULL,'9993356769','9993356769','9993356769'),(103,'62aadig-0au2-tf5u-zwtt',NULL,'TIZIMIN','TIZIMIN',NULL,NULL,NULL,NULL,NULL,NULL,NULL,NULL,NULL,NULL,NULL,NULL,NULL,NULL,NULL,NULL,NULL,NULL,NULL,'9999699841','9999699841','9999699841'),(104,'7wvi7zo-6a4f-dsxk-pt3z',NULL,'TUNKAS','TUNKAS',NULL,NULL,NULL,NULL,NULL,NULL,NULL,NULL,NULL,NULL,NULL,NULL,NULL,NULL,NULL,NULL,NULL,NULL,NULL,'9992432727','9992432727','9992432727'),(105,'qwoc02l-319e-rlo2-6wms',NULL,'TZUCACAB','TZUCACAB',NULL,NULL,NULL,NULL,NULL,NULL,NULL,NULL,NULL,NULL,NULL,NULL,NULL,NULL,NULL,NULL,NULL,NULL,NULL,'9991908767','9991908767','9991908767'),(106,'w9h7r62-vzl6-p84z-vid7',NULL,'UAYMA','UAYMA',NULL,NULL,NULL,NULL,NULL,NULL,NULL,NULL,NULL,NULL,NULL,NULL,NULL,NULL,NULL,NULL,NULL,NULL,NULL,'9851014381','9851014381','9851014381'),(107,'2hjgor7-zto1-64ww-ckha',NULL,'UCU','UCU',NULL,NULL,NULL,NULL,NULL,NULL,NULL,NULL,NULL,NULL,NULL,NULL,NULL,NULL,NULL,NULL,NULL,NULL,NULL,'9991741320','9991741320','9991741320'),(108,'d2sx7ow-a29o-nlm5-rlyu',NULL,'UMAN','UMAN',NULL,NULL,NULL,NULL,NULL,NULL,NULL,NULL,NULL,NULL,NULL,NULL,NULL,NULL,NULL,NULL,NULL,NULL,NULL,'9999000178','9999000178','9999000178'),(109,'v0tugw6-ol09-c8ja-0g33',NULL,'VALLADOLID','VALLADOLID',NULL,NULL,NULL,NULL,NULL,NULL,NULL,NULL,NULL,NULL,NULL,NULL,NULL,NULL,NULL,NULL,NULL,NULL,NULL,'9991275234','9991275234','9991275234'),(110,'511lypr-sx92-1y5x-kns7',NULL,'XOCCHEL','XOCCHEL',NULL,NULL,NULL,NULL,NULL,NULL,NULL,NULL,NULL,NULL,NULL,NULL,NULL,NULL,NULL,NULL,NULL,NULL,NULL,'9992612096','9992612096','9992612096'),(111,'td0bywi-sgma-yxy2-6jaf',NULL,'YAXCABA','YAXCABA',NULL,NULL,NULL,NULL,NULL,NULL,NULL,NULL,NULL,NULL,NULL,NULL,NULL,NULL,NULL,NULL,NULL,NULL,NULL,'9991605444','9991605444','9991605444'),(112,'gbv06by-9xv5-ltds-a1ow',NULL,'YAXKUKUL','YAXKUKUL',NULL,NULL,NULL,NULL,NULL,NULL,NULL,NULL,NULL,NULL,NULL,NULL,NULL,NULL,NULL,NULL,NULL,NULL,NULL,'9999006662','9999006662','9999006662'),(113,'8h2h7xu-atag-977w-xjdn',NULL,'YOBAIN','YOBAIN',NULL,NULL,NULL,NULL,NULL,NULL,NULL,NULL,NULL,NULL,NULL,NULL,NULL,NULL,NULL,NULL,NULL,NULL,NULL,'9992161471','9992161471','9992161471');
/*!40000 ALTER TABLE `xmf_casillas` ENABLE KEYS */;
UNLOCK TABLES;

--
-- Table structure for table `xmf_casillas_incidencias`
--

DROP TABLE IF EXISTS `xmf_casillas_incidencias`;
/*!40101 SET @saved_cs_client     = @@character_set_client */;
/*!40101 SET character_set_client = utf8 */;
CREATE TABLE `xmf_casillas_incidencias` (
  `id` int(10) NOT NULL AUTO_INCREMENT,
  `xmf_casillas_id` int(10) unsigned DEFAULT NULL,
  `xmf_total_incidencias` int(10) unsigned DEFAULT NULL,
  `created` datetime DEFAULT NULL,
  `modified` datetime DEFAULT NULL,
  PRIMARY KEY (`id`)
) ENGINE=InnoDB DEFAULT CHARSET=latin1;
/*!40101 SET character_set_client = @saved_cs_client */;

--
-- Dumping data for table `xmf_casillas_incidencias`
--

LOCK TABLES `xmf_casillas_incidencias` WRITE;
/*!40000 ALTER TABLE `xmf_casillas_incidencias` DISABLE KEYS */;
/*!40000 ALTER TABLE `xmf_casillas_incidencias` ENABLE KEYS */;
UNLOCK TABLES;

--
-- Table structure for table `xmf_incidencias`
--

DROP TABLE IF EXISTS `xmf_incidencias`;
/*!40101 SET @saved_cs_client     = @@character_set_client */;
/*!40101 SET character_set_client = utf8 */;
CREATE TABLE `xmf_incidencias` (
  `id` int(10) unsigned NOT NULL AUTO_INCREMENT,
  `titulo` text DEFAULT NULL,
  `descripcion` text DEFAULT NULL,
  `created` datetime DEFAULT NULL,
  `modified` datetime DEFAULT NULL,
  PRIMARY KEY (`id`)
) ENGINE=InnoDB AUTO_INCREMENT=17 DEFAULT CHARSET=utf8mb4 COMMENT='TIPO INCIDENCIAS';
/*!40101 SET character_set_client = @saved_cs_client */;

--
-- Dumping data for table `xmf_incidencias`
--

LOCK TABLES `xmf_incidencias` WRITE;
/*!40000 ALTER TABLE `xmf_incidencias` DISABLE KEYS */;
INSERT INTO `xmf_incidencias` VALUES (1,'La casilla se instalo antes de las 7 am.','','2018-04-02 14:02:07','2018-04-02 14:02:07'),(2,'Falto material electoral (Boletas, tinta indeleble, listados nominales).','','2018-04-02 14:02:07','2018-04-02 14:02:07'),(3,'Se impidio el acceso a la casilla a los Representantes de Partido sin causa 8 justificada.','','2018-04-02 14:02:07','2018-04-02 14:02:07'),(4,'Se expulso de la casilla a los Representantes de Partido sin causa 11 justificada.','','2018-04-02 14:02:07','2018-04-02 14:02:07'),(5,'Se instalo la casilla, sin causa justificada, en lugar distinto al seﬁalado por el 14 Consejo Distrital.','','2018-04-02 14:02:07','2018-04-02 14:02:07'),(6,'Se recibio la votacion por personas distintas a las facultadas por la ley.','','2018-04-02 14:02:07','2018-04-02 14:02:07'),(7,'Se permitio sufragar a ciudadanos que no contaban con su credencial para votar con fotografia.','','2018-04-02 14:02:07','2018-04-02 14:02:07'),(8,'Se permitio sufragar a ciudadanos cuyo nombre no aparecio en la Lista Nominal de Electores con fotografia.','','2018-04-02 14:02:07','2018-04-02 14:02:07'),(9,'No se permitio sufragar a ciudadanos que contaban con sentencia favorable del Tribunal Electoral (JDC)','','2018-04-02 14:02:07','2018-04-02 14:02:07'),(10,'Se impidio el ejercicio del derecho al voto a los ciudadanos sin causa justificada.','','2018-04-02 14:02:07','2018-04-02 14:02:07'),(11,'Se ejercio violencia fisica o presién sobre los miembros de la Mesa Directiva de Casilla, Representantes de los Partidos o Electores.','','2018-04-02 14:02:07','2018-04-02 14:02:07'),(12,'Se cerro la votacion antes de las 17:00 horas sin que se hubiera agotado el listado nominal.','','2018-04-02 14:02:07','2018-04-02 14:02:07'),(13,'Medio dolo o error en el computo de los votos, lo cual fue determinante para el resultado de la votacion.','','2018-04-02 14:02:07','2018-04-02 14:02:07'),(14,'Se permitio la presencia de personas no acreditadas en la casilla.','','2018-04-02 14:02:07','2018-04-02 14:02:07'),(15,'Se realizo el escrutinio y computo local diferente al determinado por el Consejo Distrital','','2018-04-02 14:02:07','2018-04-02 14:02:07'),(16,'Exististieron Irregularidades graves, plenamente acreditadas y no reparables durante la jornada electoral','','2018-04-02 14:02:07','2018-04-02 14:02:07');
/*!40000 ALTER TABLE `xmf_incidencias` ENABLE KEYS */;
UNLOCK TABLES;

--
-- Table structure for table `xmf_partidos`
--

DROP TABLE IF EXISTS `xmf_partidos`;
/*!40101 SET @saved_cs_client     = @@character_set_client */;
/*!40101 SET character_set_client = utf8 */;
CREATE TABLE `xmf_partidos` (
  `id` int(10) unsigned NOT NULL AUTO_INCREMENT,
  `nombre` text DEFAULT NULL,
  `formula` text DEFAULT NULL,
  `is_coalicion` tinyint(1) NOT NULL DEFAULT 0,
  `has_parent` tinyint(1) NOT NULL DEFAULT 0,
  `parent_id` int(10) unsigned DEFAULT NULL,
  `is_funcionario` tinyint(1) NOT NULL DEFAULT 0,
  `funcionario_name` char(55) DEFAULT NULL,
  `funcionario_lastname` char(55) DEFAULT NULL,
  `description` text DEFAULT NULL,
  `created` datetime DEFAULT NULL,
  `modified` datetime DEFAULT NULL,
  `bloque` int(11) DEFAULT NULL,
  `orden` int(11) DEFAULT NULL,
  PRIMARY KEY (`id`)
) ENGINE=InnoDB AUTO_INCREMENT=39 DEFAULT CHARSET=utf8mb4 COMMENT='INFORMACION PARTIDOS';
/*!40101 SET character_set_client = @saved_cs_client */;

--
-- Dumping data for table `xmf_partidos`
--

LOCK TABLES `xmf_partidos` WRITE;
/*!40000 ALTER TABLE `xmf_partidos` DISABLE KEYS */;
INSERT INTO `xmf_partidos` VALUES (1,'PAN-PRD-MC','Diego Alberto',0,0,NULL,1,'RICARDO','ANAYA CORTES','','2018-04-02 14:02:07','2018-04-02 14:02:07',1,50),(2,'PRI-PVE-PANAL','Panchito Torres',0,0,NULL,1,'JOSÉ ANTONIO','MEADE KURIBREÑA','','2018-04-02 14:02:07','2018-04-02 14:02:07',1,51),(3,'PAN-PRD-MC','Panchito Medina',0,0,NULL,1,'RICARDO','ANAYA CORTES','','2018-04-02 14:02:07','2018-04-02 14:02:07',1,52),(4,'PRI-PVE-PANAL','Eloy Quiroz',0,0,NULL,1,'JOSÉ ANTONIO','MEADE KURIBREÑA','','2018-04-02 14:02:07','2018-04-02 14:02:07',2,53),(5,'MORENA-PT-PES','PT',0,0,NULL,1,'ANDRÉS MANUEL','LÓPEZ OBRADOR','','2018-04-02 14:02:07','2018-04-02 14:02:07',2,55),(6,'PAN-PRD-MC','MC',0,0,NULL,1,'RICARDO','ANAYA CORTES','','2018-04-02 14:02:07','2018-04-02 14:02:07',2,54),(7,'PRI-PVE-PANAL','PANAL',0,0,NULL,1,'JOSÉ ANTONIO','MEADE KURIBREÑA','','2018-04-02 14:02:07','2018-04-02 14:02:07',3,55),(8,'MORENA-PT-PES','MORENA',0,0,NULL,1,'ANDRÉS MANUEL','LÓPEZ OBRADOR','','2018-04-02 14:02:07','2018-04-02 14:02:07',3,56),(9,'MORENA-PT-PES','PES',0,0,NULL,1,'ANDRÉS MANUEL','LÓPEZ OBRADOR','','2018-04-02 14:02:07','2018-04-02 14:02:07',3,57),(10,'PAN-PRD-MC','PAN PRD MC',1,0,NULL,0,'','','','2018-04-02 14:02:07','2018-04-02 14:02:07',NULL,10),(11,'PAN-PRD-MC','PAN PRD',1,1,10,0,'','','','2018-04-02 14:02:07','2018-04-02 14:02:07',NULL,11),(12,'PAN-PRD-MC','PAN MC',1,1,10,0,'','','','2018-04-02 14:02:07','2018-04-02 14:02:07',NULL,12),(13,'PAN-PRD-MC','PRD MC',1,1,10,0,'','','','2018-04-02 14:02:07','2018-04-02 14:02:07',NULL,13),(14,'PRI-PVE-PANAL','PRI PVE PANAL',1,0,NULL,0,'','','','2018-04-02 14:02:07','2018-04-02 14:02:07',NULL,20),(15,'PRI-PVE-PANAL','PRI PVE',1,1,14,0,'','','','2018-04-02 14:02:07','2018-04-02 14:02:07',NULL,21),(16,'PRI-PVE-PANAL','PRI PANAL',1,1,14,0,'','','','2018-04-02 14:02:07','2018-04-02 14:02:07',NULL,22),(17,'PRI-PVE-PANAL','PVE PANAL',1,1,14,0,'','','','2018-04-02 14:02:07','2018-04-02 14:02:07',NULL,23),(18,'Presidente','Presidente',0,0,NULL,1,'name','lastname','','2018-04-02 14:02:07','2018-04-02 14:02:07',4,1),(19,'Secretario','Secretario',0,0,NULL,1,'name','lastname','','2018-04-02 14:02:07','2018-04-02 14:02:07',4,2),(20,'Escrutador I','Escrutador I',0,0,NULL,1,'name','lastname','','2018-04-02 14:02:07','2018-04-02 14:02:07',5,1),(21,'Escrutador II','Escrutador II',0,0,NULL,1,'name','lastname','','2018-04-02 14:02:07','2018-04-02 14:02:07',5,2),(22,'Suplente I','Suplente I',0,0,NULL,1,'name','lastname','','2018-04-02 14:02:07','2018-04-02 14:02:07',6,1),(23,'Suplente II','Suplente II',0,0,NULL,1,'name','lastname','','2018-04-02 14:02:07','2018-04-02 14:02:07',6,2),(24,'Suplente III','Suplente III',0,0,NULL,1,'name','lastname','','2018-04-02 14:02:07','2018-04-02 14:02:07',6,3),(25,'Secretario II','Secretario II',0,0,0,1,NULL,NULL,NULL,NULL,NULL,4,3),(26,'Escrutador III','Escrutador III',0,0,0,1,NULL,NULL,NULL,NULL,NULL,5,3),(27,'MORENA-PT-PES','MORENA PT PES',1,0,NULL,0,'','','','2018-04-17 20:10:46','2018-04-17 20:10:46',NULL,30),(28,'MORENA-PT-PES','MORENA PES',1,1,27,0,'','','','2018-04-17 20:16:57','2018-04-17 20:16:57',NULL,31),(29,'MORENA-PT-PES','MORENA PT',1,1,27,0,'','','','2018-04-17 20:20:15','2018-04-17 20:20:15',NULL,32),(30,'MORENA-PT-PES','PT PES',1,1,27,0,'','','','2018-04-17 20:23:06','2018-04-17 20:23:06',NULL,33),(31,'Margarita Zavala','Margarita Zavala',0,0,0,0,'MARGARITA ESTER','ZAVALA GÓMEZ DEL CAMPO','','2018-04-17 21:14:21','2018-04-17 21:14:21',NULL,61),(32,'Bronco','Bronco',0,0,0,0,'JAIME HELIODORO','RODRÍGUEZ CALDERÓN','','2018-04-17 21:14:29','2018-04-17 21:14:29',NULL,60),(33,'Votos Nulos','Votos Nulos',0,0,0,1,'','','','2018-04-17 21:14:35','2018-04-17 21:14:35',1,90),(34,'No Registrados','No Registrados',0,0,0,1,'','','','2018-04-17 21:14:39','2018-04-17 21:14:39',1,80),(36,'MORENA-PT','MORENA-PT',1,0,0,0,'LÓPEZ OBRADOR','LÓPEZ OBRADOR',NULL,NULL,NULL,NULL,59),(37,'MORENA-PT','MORENA',0,0,NULL,1,'ANDRÉS MANUEL','LÓPEZ OBRADOR','','2018-04-02 14:02:07','2018-04-02 14:02:07',3,56),(38,'MORENA-PT','PT',0,0,NULL,1,'ANDRÉS MANUEL','LÓPEZ OBRADOR','','2018-04-02 14:02:07','2018-04-02 14:02:07',2,55);
/*!40000 ALTER TABLE `xmf_partidos` ENABLE KEYS */;
UNLOCK TABLES;

--
-- Table structure for table `xmf_presences_references`
--

DROP TABLE IF EXISTS `xmf_presences_references`;
/*!40101 SET @saved_cs_client     = @@character_set_client */;
/*!40101 SET character_set_client = utf8 */;
CREATE TABLE `xmf_presences_references` (
  `id` int(10) unsigned NOT NULL AUTO_INCREMENT,
  `xmf_casillas_id` int(10) unsigned NOT NULL,
  `xmf_partidos_id` int(10) unsigned NOT NULL,
  `is_present` tinyint(1) DEFAULT NULL,
  `created` datetime DEFAULT NULL,
  `modified` datetime DEFAULT NULL,
  PRIMARY KEY (`id`)
) ENGINE=InnoDB DEFAULT CHARSET=utf8mb4;
/*!40101 SET character_set_client = @saved_cs_client */;

--
-- Dumping data for table `xmf_presences_references`
--

LOCK TABLES `xmf_presences_references` WRITE;
/*!40000 ALTER TABLE `xmf_presences_references` DISABLE KEYS */;
/*!40000 ALTER TABLE `xmf_presences_references` ENABLE KEYS */;
UNLOCK TABLES;

--
-- Temporary table structure for view `xmf_primer_reporte`
--

DROP TABLE IF EXISTS `xmf_primer_reporte`;
/*!50001 DROP VIEW IF EXISTS `xmf_primer_reporte`*/;
SET @saved_cs_client     = @@character_set_client;
SET character_set_client = utf8;
/*!50001 CREATE TABLE `xmf_primer_reporte` (
  `representante` tinyint NOT NULL,
  `xmf_casillas_id` tinyint NOT NULL,
  `xmf_partidos_id` tinyint NOT NULL,
  `nombre` tinyint NOT NULL,
  `bloque` tinyint NOT NULL,
  `orden` tinyint NOT NULL,
  `is_present` tinyint NOT NULL,
  `casilla` tinyint NOT NULL,
  `lugar_indicado` tinyint NOT NULL,
  `gente_fila` tinyint NOT NULL,
  `nombres_fila` tinyint NOT NULL
) ENGINE=MyISAM */;
SET character_set_client = @saved_cs_client;

--
-- Temporary table structure for view `xmf_primer_reporte_tab`
--

DROP TABLE IF EXISTS `xmf_primer_reporte_tab`;
/*!50001 DROP VIEW IF EXISTS `xmf_primer_reporte_tab`*/;
SET @saved_cs_client     = @@character_set_client;
SET character_set_client = utf8;
/*!50001 CREATE TABLE `xmf_primer_reporte_tab` (
  `xmf_casillas_id` tinyint NOT NULL,
  `name` tinyint NOT NULL,
  `rg_telefono` tinyint NOT NULL,
  `rc_telefono` tinyint NOT NULL
) ENGINE=MyISAM */;
SET character_set_client = @saved_cs_client;

--
-- Temporary table structure for view `xmf_reapers`
--

DROP TABLE IF EXISTS `xmf_reapers`;
/*!50001 DROP VIEW IF EXISTS `xmf_reapers`*/;
SET @saved_cs_client     = @@character_set_client;
SET character_set_client = utf8;
/*!50001 CREATE TABLE `xmf_reapers` (
  `casillas_index` tinyint NOT NULL,
  `name` tinyint NOT NULL,
  `municipio` tinyint NOT NULL,
  `seccion` tinyint NOT NULL,
  `clave_agrupamiento` tinyint NOT NULL,
  `tipo_casilla` tinyint NOT NULL,
  `urbana` tinyint NOT NULL,
  `distrito` tinyint NOT NULL,
  `locacion` tinyint NOT NULL,
  `hora_instalacion` tinyint NOT NULL,
  `hora_inicio` tinyint NOT NULL,
  `hora_cierre` tinyint NOT NULL,
  `nombre` tinyint NOT NULL,
  `formula` tinyint NOT NULL,
  `is_coalicion` tinyint NOT NULL,
  `is_funcionario` tinyint NOT NULL,
  `has_parent` tinyint NOT NULL,
  `parent_id` tinyint NOT NULL,
  `tipo` tinyint NOT NULL,
  `bloque` tinyint NOT NULL,
  `orden` tinyint NOT NULL,
  `id` tinyint NOT NULL,
  `xmf_casillas_id` tinyint NOT NULL,
  `xmf_tipo_votaciones_id` tinyint NOT NULL,
  `xmf_partidos_id` tinyint NOT NULL,
  `votes` tinyint NOT NULL
) ENGINE=MyISAM */;
SET character_set_client = @saved_cs_client;

--
-- Table structure for table `xmf_reports`
--

DROP TABLE IF EXISTS `xmf_reports`;
/*!40101 SET @saved_cs_client     = @@character_set_client */;
/*!40101 SET character_set_client = utf8 */;
CREATE TABLE `xmf_reports` (
  `id` int(10) unsigned NOT NULL AUTO_INCREMENT,
  `xmf_reports_controls_id` int(10) unsigned NOT NULL,
  `xmf_reports_definitions_id` int(10) unsigned NOT NULL,
  `xmf_casillas_id` int(10) unsigned NOT NULL,
  `xmf_partidos_id` int(10) unsigned NOT NULL,
  `xmf_tipo_votaciones_id` int(10) unsigned NOT NULL,
  `created` datetime DEFAULT NULL,
  `modified` datetime DEFAULT NULL,
  PRIMARY KEY (`id`)
) ENGINE=InnoDB DEFAULT CHARSET=utf8mb4;
/*!40101 SET character_set_client = @saved_cs_client */;

--
-- Dumping data for table `xmf_reports`
--

LOCK TABLES `xmf_reports` WRITE;
/*!40000 ALTER TABLE `xmf_reports` DISABLE KEYS */;
/*!40000 ALTER TABLE `xmf_reports` ENABLE KEYS */;
UNLOCK TABLES;

--
-- Table structure for table `xmf_reports_cierre`
--

DROP TABLE IF EXISTS `xmf_reports_cierre`;
/*!40101 SET @saved_cs_client     = @@character_set_client */;
/*!40101 SET character_set_client = utf8 */;
CREATE TABLE `xmf_reports_cierre` (
  `id` int(11) NOT NULL AUTO_INCREMENT,
  `xmf_casillas_id` int(11) NOT NULL,
  `hr_cierre` time DEFAULT NULL,
  `habia_gente_fila` tinyint(2) DEFAULT NULL,
  `votantes` int(11) DEFAULT NULL,
  `promovidos` int(11) DEFAULT NULL,
  `info_validada` tinyint(2) DEFAULT NULL,
  `created` datetime DEFAULT NULL,
  `modified` datetime DEFAULT NULL,
  PRIMARY KEY (`id`)
) ENGINE=InnoDB AUTO_INCREMENT=13 DEFAULT CHARSET=utf8mb4;
/*!40101 SET character_set_client = @saved_cs_client */;

--
-- Dumping data for table `xmf_reports_cierre`
--

LOCK TABLES `xmf_reports_cierre` WRITE;
/*!40000 ALTER TABLE `xmf_reports_cierre` DISABLE KEYS */;
INSERT INTO `xmf_reports_cierre` VALUES (1,9,NULL,NULL,600,NULL,NULL,'2019-04-06 16:20:00',NULL),(12,85,NULL,NULL,32,NULL,NULL,'2019-04-06 16:20:00',NULL);
/*!40000 ALTER TABLE `xmf_reports_cierre` ENABLE KEYS */;
UNLOCK TABLES;

--
-- Table structure for table `xmf_reports_config_definitions`
--

DROP TABLE IF EXISTS `xmf_reports_config_definitions`;
/*!40101 SET @saved_cs_client     = @@character_set_client */;
/*!40101 SET character_set_client = utf8 */;
CREATE TABLE `xmf_reports_config_definitions` (
  `id` int(10) unsigned NOT NULL AUTO_INCREMENT,
  `xmf_reports_definitions_id` int(10) unsigned NOT NULL,
  `field_name` char(1) DEFAULT NULL,
  `description` text DEFAULT NULL,
  `created` datetime DEFAULT NULL,
  `modified` datetime DEFAULT NULL,
  PRIMARY KEY (`id`)
) ENGINE=InnoDB DEFAULT CHARSET=utf8mb4;
/*!40101 SET character_set_client = @saved_cs_client */;

--
-- Dumping data for table `xmf_reports_config_definitions`
--

LOCK TABLES `xmf_reports_config_definitions` WRITE;
/*!40000 ALTER TABLE `xmf_reports_config_definitions` DISABLE KEYS */;
/*!40000 ALTER TABLE `xmf_reports_config_definitions` ENABLE KEYS */;
UNLOCK TABLES;

--
-- Table structure for table `xmf_reports_controls`
--

DROP TABLE IF EXISTS `xmf_reports_controls`;
/*!40101 SET @saved_cs_client     = @@character_set_client */;
/*!40101 SET character_set_client = utf8 */;
CREATE TABLE `xmf_reports_controls` (
  `id` int(10) unsigned NOT NULL AUTO_INCREMENT,
  `xmf_reports_id` int(10) unsigned NOT NULL,
  `xmf_users_id` int(10) unsigned NOT NULL,
  `xmf_roles_id` int(10) unsigned NOT NULL,
  `is_user_config` tinyint(1) DEFAULT 0,
  `is_role_config` tinyint(1) DEFAULT 1,
  `xmf_validations_id` int(10) unsigned NOT NULL,
  `created` datetime DEFAULT NULL,
  `modified` datetime DEFAULT NULL,
  PRIMARY KEY (`id`)
) ENGINE=InnoDB DEFAULT CHARSET=utf8mb4;
/*!40101 SET character_set_client = @saved_cs_client */;

--
-- Dumping data for table `xmf_reports_controls`
--

LOCK TABLES `xmf_reports_controls` WRITE;
/*!40000 ALTER TABLE `xmf_reports_controls` DISABLE KEYS */;
/*!40000 ALTER TABLE `xmf_reports_controls` ENABLE KEYS */;
UNLOCK TABLES;

--
-- Table structure for table `xmf_reports_definitions`
--

DROP TABLE IF EXISTS `xmf_reports_definitions`;
/*!40101 SET @saved_cs_client     = @@character_set_client */;
/*!40101 SET character_set_client = utf8 */;
CREATE TABLE `xmf_reports_definitions` (
  `id` int(10) unsigned NOT NULL AUTO_INCREMENT,
  `name` char(50) DEFAULT NULL,
  `description` text DEFAULT NULL,
  `created` datetime DEFAULT NULL,
  `modified` datetime DEFAULT NULL,
  PRIMARY KEY (`id`)
) ENGINE=InnoDB AUTO_INCREMENT=5 DEFAULT CHARSET=utf8mb4;
/*!40101 SET character_set_client = @saved_cs_client */;

--
-- Dumping data for table `xmf_reports_definitions`
--

LOCK TABLES `xmf_reports_definitions` WRITE;
/*!40000 ALTER TABLE `xmf_reports_definitions` DISABLE KEYS */;
INSERT INTO `xmf_reports_definitions` VALUES (1,'first','reporte_primero','2018-04-02 14:02:07','2018-04-02 14:02:07'),(2,'second','reporte_segundo','2018-04-02 14:02:07','2018-04-02 14:02:07'),(3,'third','reporte_tercero','2018-04-02 14:02:07','2018-04-02 14:02:07'),(4,'fourth','reporte_final','2018-04-02 14:02:07','2018-04-02 14:02:07');
/*!40000 ALTER TABLE `xmf_reports_definitions` ENABLE KEYS */;
UNLOCK TABLES;

--
-- Table structure for table `xmf_reports_segundo_tercero`
--

DROP TABLE IF EXISTS `xmf_reports_segundo_tercero`;
/*!40101 SET @saved_cs_client     = @@character_set_client */;
/*!40101 SET character_set_client = utf8 */;
CREATE TABLE `xmf_reports_segundo_tercero` (
  `id` int(11) NOT NULL AUTO_INCREMENT,
  `votantes_segundo` int(11) DEFAULT NULL,
  `promovidos_segundo` int(11) DEFAULT NULL,
  `hr_voto_segundo` time DEFAULT NULL,
  `votantes_tercero` int(11) DEFAULT NULL,
  `promovidos_tercero` int(11) DEFAULT NULL,
  `hr_voto_tercero` time DEFAULT NULL,
  `info_validada` tinyint(2) DEFAULT NULL,
  `created` datetime DEFAULT NULL,
  `modified` datetime DEFAULT NULL,
  `xmf_casillas_id` int(11) DEFAULT NULL,
  PRIMARY KEY (`id`)
) ENGINE=InnoDB AUTO_INCREMENT=5 DEFAULT CHARSET=utf8mb4;
/*!40101 SET character_set_client = @saved_cs_client */;

--
-- Dumping data for table `xmf_reports_segundo_tercero`
--

LOCK TABLES `xmf_reports_segundo_tercero` WRITE;
/*!40000 ALTER TABLE `xmf_reports_segundo_tercero` DISABLE KEYS */;
INSERT INTO `xmf_reports_segundo_tercero` VALUES (1,1000,NULL,NULL,NULL,NULL,NULL,NULL,'2019-04-06 10:00:00','2019-04-06 19:59:30',85),(2,5000,NULL,NULL,NULL,NULL,NULL,NULL,'2019-04-06 10:00:00','2019-04-06 20:02:32',9),(3,NULL,NULL,NULL,2000,NULL,NULL,NULL,'2019-04-06 14:20:00','2019-04-06 20:02:39',9),(4,NULL,NULL,NULL,45435,NULL,NULL,NULL,'2019-04-06 14:20:00','2019-04-06 20:06:42',85);
/*!40000 ALTER TABLE `xmf_reports_segundo_tercero` ENABLE KEYS */;
UNLOCK TABLES;

--
-- Table structure for table `xmf_tipo_votaciones`
--

DROP TABLE IF EXISTS `xmf_tipo_votaciones`;
/*!40101 SET @saved_cs_client     = @@character_set_client */;
/*!40101 SET character_set_client = utf8 */;
CREATE TABLE `xmf_tipo_votaciones` (
  `id` int(10) unsigned NOT NULL AUTO_INCREMENT,
  `tipo` char(50) DEFAULT NULL,
  `description` text DEFAULT NULL,
  `created` datetime DEFAULT NULL,
  `modified` datetime DEFAULT NULL,
  PRIMARY KEY (`id`)
) ENGINE=InnoDB AUTO_INCREMENT=5 DEFAULT CHARSET=utf8mb4;
/*!40101 SET character_set_client = @saved_cs_client */;

--
-- Dumping data for table `xmf_tipo_votaciones`
--

LOCK TABLES `xmf_tipo_votaciones` WRITE;
/*!40000 ALTER TABLE `xmf_tipo_votaciones` DISABLE KEYS */;
INSERT INTO `xmf_tipo_votaciones` VALUES (1,'Presidente','','2018-04-02 14:02:07','2018-04-02 14:02:07'),(2,'Senador','','2018-04-02 14:02:07','2018-04-02 14:02:07'),(3,'Diputado','','2018-04-02 14:02:07','2018-04-02 14:02:07'),(4,'Ayuntamiento','','2018-04-02 14:02:07','2018-04-02 14:02:07');
/*!40000 ALTER TABLE `xmf_tipo_votaciones` ENABLE KEYS */;
UNLOCK TABLES;

--
-- Table structure for table `xmf_validations`
--

DROP TABLE IF EXISTS `xmf_validations`;
/*!40101 SET @saved_cs_client     = @@character_set_client */;
/*!40101 SET character_set_client = utf8 */;
CREATE TABLE `xmf_validations` (
  `id` int(10) unsigned NOT NULL AUTO_INCREMENT,
  `reports_id` int(10) unsigned NOT NULL,
  `level` tinyint(4) NOT NULL,
  `level_validation` tinyint(1) DEFAULT NULL,
  `created` datetime DEFAULT NULL,
  `modified` datetime DEFAULT NULL,
  PRIMARY KEY (`id`)
) ENGINE=InnoDB DEFAULT CHARSET=utf8mb4;
/*!40101 SET character_set_client = @saved_cs_client */;

--
-- Dumping data for table `xmf_validations`
--

LOCK TABLES `xmf_validations` WRITE;
/*!40000 ALTER TABLE `xmf_validations` DISABLE KEYS */;
/*!40000 ALTER TABLE `xmf_validations` ENABLE KEYS */;
UNLOCK TABLES;

--
-- Table structure for table `xmf_validations_configs`
--

DROP TABLE IF EXISTS `xmf_validations_configs`;
/*!40101 SET @saved_cs_client     = @@character_set_client */;
/*!40101 SET character_set_client = utf8 */;
CREATE TABLE `xmf_validations_configs` (
  `id` int(10) unsigned NOT NULL AUTO_INCREMENT,
  `top_level` tinyint(4) NOT NULL,
  `role_id` char(36) DEFAULT NULL,
  `created` datetime DEFAULT NULL,
  `modified` datetime DEFAULT NULL,
  PRIMARY KEY (`id`)
) ENGINE=InnoDB DEFAULT CHARSET=utf8mb4;
/*!40101 SET character_set_client = @saved_cs_client */;

--
-- Dumping data for table `xmf_validations_configs`
--

LOCK TABLES `xmf_validations_configs` WRITE;
/*!40000 ALTER TABLE `xmf_validations_configs` DISABLE KEYS */;
/*!40000 ALTER TABLE `xmf_validations_configs` ENABLE KEYS */;
UNLOCK TABLES;

--
-- Table structure for table `xmf_validations_logs`
--

DROP TABLE IF EXISTS `xmf_validations_logs`;
/*!40101 SET @saved_cs_client     = @@character_set_client */;
/*!40101 SET character_set_client = utf8 */;
CREATE TABLE `xmf_validations_logs` (
  `id` int(10) unsigned NOT NULL AUTO_INCREMENT,
  `xmf_reports_id` int(10) unsigned NOT NULL,
  `xmf_validations_id` int(10) unsigned NOT NULL,
  `xmf_validations_configs_id` int(10) unsigned NOT NULL,
  `level` tinyint(4) NOT NULL,
  `level_validation` tinyint(1) DEFAULT NULL,
  `created` datetime DEFAULT NULL,
  `modified` datetime DEFAULT NULL,
  PRIMARY KEY (`id`)
) ENGINE=InnoDB DEFAULT CHARSET=utf8mb4;
/*!40101 SET character_set_client = @saved_cs_client */;

--
-- Dumping data for table `xmf_validations_logs`
--

LOCK TABLES `xmf_validations_logs` WRITE;
/*!40000 ALTER TABLE `xmf_validations_logs` DISABLE KEYS */;
/*!40000 ALTER TABLE `xmf_validations_logs` ENABLE KEYS */;
UNLOCK TABLES;

--
-- Temporary table structure for view `xmf_view_count_header`
--

DROP TABLE IF EXISTS `xmf_view_count_header`;
/*!50001 DROP VIEW IF EXISTS `xmf_view_count_header`*/;
SET @saved_cs_client     = @@character_set_client;
SET character_set_client = utf8;
/*!50001 CREATE TABLE `xmf_view_count_header` (
  `status` tinyint NOT NULL,
  `rg_id` tinyint NOT NULL,
  `presencias` tinyint NOT NULL,
  `ausencias` tinyint NOT NULL,
  `instaladas` tinyint NOT NULL,
  `abiertas` tinyint NOT NULL,
  `cerradas` tinyint NOT NULL
) ENGINE=MyISAM */;
SET character_set_client = @saved_cs_client;

--
-- Temporary table structure for view `xmf_view_reporte_segundos_terceros`
--

DROP TABLE IF EXISTS `xmf_view_reporte_segundos_terceros`;
/*!50001 DROP VIEW IF EXISTS `xmf_view_reporte_segundos_terceros`*/;
SET @saved_cs_client     = @@character_set_client;
SET character_set_client = utf8;
/*!50001 CREATE TABLE `xmf_view_reporte_segundos_terceros` (
  `xmf_casillas_id` tinyint NOT NULL,
  `name` tinyint NOT NULL,
  `votantes_segundo` tinyint NOT NULL,
  `promovidos_segundo` tinyint NOT NULL,
  `votantes_tercero` tinyint NOT NULL,
  `promovidos_tercero` tinyint NOT NULL,
  `is_twelve` tinyint NOT NULL,
  `is_thirdteen` tinyint NOT NULL
) ENGINE=MyISAM */;
SET character_set_client = @saved_cs_client;

--
-- Table structure for table `xmf_votes`
--

DROP TABLE IF EXISTS `xmf_votes`;
/*!40101 SET @saved_cs_client     = @@character_set_client */;
/*!40101 SET character_set_client = utf8 */;
CREATE TABLE `xmf_votes` (
  `id` int(10) unsigned NOT NULL AUTO_INCREMENT,
  `xmf_casillas_id` int(10) unsigned NOT NULL,
  `xmf_tipo_votaciones_id` int(10) unsigned NOT NULL,
  `xmf_partidos_id` int(10) unsigned NOT NULL,
  `votes` int(10) unsigned NOT NULL,
  `created` datetime DEFAULT NULL,
  `modified` datetime DEFAULT NULL,
  PRIMARY KEY (`id`)
) ENGINE=InnoDB DEFAULT CHARSET=utf8mb4;
/*!40101 SET character_set_client = @saved_cs_client */;

--
-- Dumping data for table `xmf_votes`
--

LOCK TABLES `xmf_votes` WRITE;
/*!40000 ALTER TABLE `xmf_votes` DISABLE KEYS */;
/*!40000 ALTER TABLE `xmf_votes` ENABLE KEYS */;
UNLOCK TABLES;

--
-- Final view structure for view `xmf_primer_reporte`
--

/*!50001 DROP TABLE IF EXISTS `xmf_primer_reporte`*/;
/*!50001 DROP VIEW IF EXISTS `xmf_primer_reporte`*/;
/*!50001 SET @saved_cs_client          = @@character_set_client */;
/*!50001 SET @saved_cs_results         = @@character_set_results */;
/*!50001 SET @saved_col_connection     = @@collation_connection */;
/*!50001 SET character_set_client      = utf8 */;
/*!50001 SET character_set_results     = utf8 */;
/*!50001 SET collation_connection      = utf8_general_ci */;
/*!50001 CREATE ALGORITHM=UNDEFINED */
/*!50013 DEFINER=`root`@`localhost` SQL SECURITY DEFINER */
/*!50001 VIEW `xmf_primer_reporte` AS (select concat(`p`.`funcionario_name`,' ',`p`.`funcionario_lastname`) AS `representante`,`r`.`xmf_casillas_id` AS `xmf_casillas_id`,`r`.`xmf_partidos_id` AS `xmf_partidos_id`,`p`.`formula` AS `nombre`,`p`.`bloque` AS `bloque`,`p`.`orden` AS `orden`,`r`.`is_present` AS `is_present`,`c`.`name` AS `casilla`,`c`.`lugar_indicado` AS `lugar_indicado`,`c`.`gente_fila` AS `gente_fila`,`c`.`nombres_fila` AS `nombres_fila` from (`xmf_partidos` `p` join (`xmf_casillas` `c` join `xmf_presences_references` `r` on(`r`.`xmf_casillas_id` = `c`.`id`)) on(`r`.`xmf_partidos_id` = `p`.`id`)) order by `p`.`bloque`,`p`.`orden`) */;
/*!50001 SET character_set_client      = @saved_cs_client */;
/*!50001 SET character_set_results     = @saved_cs_results */;
/*!50001 SET collation_connection      = @saved_col_connection */;

--
-- Final view structure for view `xmf_primer_reporte_tab`
--

/*!50001 DROP TABLE IF EXISTS `xmf_primer_reporte_tab`*/;
/*!50001 DROP VIEW IF EXISTS `xmf_primer_reporte_tab`*/;
/*!50001 SET @saved_cs_client          = @@character_set_client */;
/*!50001 SET @saved_cs_results         = @@character_set_results */;
/*!50001 SET @saved_col_connection     = @@collation_connection */;
/*!50001 SET character_set_client      = utf8 */;
/*!50001 SET character_set_results     = utf8 */;
/*!50001 SET collation_connection      = utf8_general_ci */;
/*!50001 CREATE ALGORITHM=UNDEFINED */
/*!50013 DEFINER=`root`@`localhost` SQL SECURITY DEFINER */
/*!50001 VIEW `xmf_primer_reporte_tab` AS (select distinct `pr`.`xmf_casillas_id` AS `xmf_casillas_id`,`c`.`name` AS `name`,`c`.`rg_telefono` AS `rg_telefono`,`c`.`rc_telefono` AS `rc_telefono` from (`xmf_presences_references` `pr` join `xmf_casillas` `c` on(`pr`.`xmf_casillas_id` = `c`.`id`))) */;
/*!50001 SET character_set_client      = @saved_cs_client */;
/*!50001 SET character_set_results     = @saved_cs_results */;
/*!50001 SET collation_connection      = @saved_col_connection */;

--
-- Final view structure for view `xmf_reapers`
--

/*!50001 DROP TABLE IF EXISTS `xmf_reapers`*/;
/*!50001 DROP VIEW IF EXISTS `xmf_reapers`*/;
/*!50001 SET @saved_cs_client          = @@character_set_client */;
/*!50001 SET @saved_cs_results         = @@character_set_results */;
/*!50001 SET @saved_col_connection     = @@collation_connection */;
/*!50001 SET character_set_client      = utf8 */;
/*!50001 SET character_set_results     = utf8 */;
/*!50001 SET collation_connection      = utf8_general_ci */;
/*!50001 CREATE ALGORITHM=UNDEFINED */
/*!50013 DEFINER=`root`@`localhost` SQL SECURITY DEFINER */
/*!50001 VIEW `xmf_reapers` AS (select `cas`.`id` AS `casillas_index`,`cas`.`name` AS `name`,`cas`.`municipio` AS `municipio`,`cas`.`seccion` AS `seccion`,`cas`.`clave_agrupamiento` AS `clave_agrupamiento`,`cas`.`tipo_casilla` AS `tipo_casilla`,`cas`.`urbana` AS `urbana`,`cas`.`distrito` AS `distrito`,`cas`.`locacion` AS `locacion`,`cas`.`hora_instalacion` AS `hora_instalacion`,`cas`.`hora_inicio` AS `hora_inicio`,`cas`.`hora_cierre` AS `hora_cierre`,`partition`.`nombre` AS `nombre`,`partition`.`formula` AS `formula`,`partition`.`is_coalicion` AS `is_coalicion`,`partition`.`is_funcionario` AS `is_funcionario`,`partition`.`has_parent` AS `has_parent`,`partition`.`parent_id` AS `parent_id`,`tvt`.`tipo` AS `tipo`,`partition`.`bloque` AS `bloque`,`partition`.`orden` AS `orden`,`vts`.`id` AS `id`,`vts`.`xmf_casillas_id` AS `xmf_casillas_id`,`vts`.`xmf_tipo_votaciones_id` AS `xmf_tipo_votaciones_id`,`vts`.`xmf_partidos_id` AS `xmf_partidos_id`,`vts`.`votes` AS `votes` from (((`xmf_casillas` `cas` join `xmf_partidos` `partition`) join `xmf_tipo_votaciones` `tvt`) left join `xmf_votes` `vts` on(`cas`.`id` = `vts`.`xmf_casillas_id` and `vts`.`xmf_tipo_votaciones_id` = `tvt`.`id` and `vts`.`xmf_partidos_id` = `partition`.`id`))) */;
/*!50001 SET character_set_client      = @saved_cs_client */;
/*!50001 SET character_set_results     = @saved_cs_results */;
/*!50001 SET collation_connection      = @saved_col_connection */;

--
-- Final view structure for view `xmf_view_count_header`
--

/*!50001 DROP TABLE IF EXISTS `xmf_view_count_header`*/;
/*!50001 DROP VIEW IF EXISTS `xmf_view_count_header`*/;
/*!50001 SET @saved_cs_client          = @@character_set_client */;
/*!50001 SET @saved_cs_results         = @@character_set_results */;
/*!50001 SET @saved_col_connection     = @@collation_connection */;
/*!50001 SET character_set_client      = utf8 */;
/*!50001 SET character_set_results     = utf8 */;
/*!50001 SET collation_connection      = utf8_general_ci */;
/*!50001 CREATE ALGORITHM=UNDEFINED */
/*!50013 DEFINER=`root`@`localhost` SQL SECURITY DEFINER */
/*!50001 VIEW `xmf_view_count_header` AS (select `xmf_casillas`.`status` AS `status`,`xmf_casillas`.`rg_id` AS `rg_id`,case when `xmf_casillas`.`status` = 'P' and `xmf_casillas`.`hora_presencia` is not null then count(`xmf_casillas`.`id`) end AS `presencias`,case when `xmf_casillas`.`status` is null and `xmf_casillas`.`hora_presencia` is null then count(`xmf_casillas`.`id`) end AS `ausencias`,case when `xmf_casillas`.`status` = 'I' and `xmf_casillas`.`hora_instalacion` is not null then count(`xmf_casillas`.`id`) end AS `instaladas`,case when `xmf_casillas`.`status` = 'V' and `xmf_casillas`.`hora_inicio` is not null then count(`xmf_casillas`.`id`) end AS `abiertas`,case when `xmf_casillas`.`status` = 'X' and `xmf_casillas`.`hora_cierre` is not null then count(`xmf_casillas`.`id`) end AS `cerradas` from `xmf_casillas` group by `xmf_casillas`.`status`,`xmf_casillas`.`rg_id`) */;
/*!50001 SET character_set_client      = @saved_cs_client */;
/*!50001 SET character_set_results     = @saved_cs_results */;
/*!50001 SET collation_connection      = @saved_col_connection */;

--
-- Final view structure for view `xmf_view_reporte_segundos_terceros`
--

/*!50001 DROP TABLE IF EXISTS `xmf_view_reporte_segundos_terceros`*/;
/*!50001 DROP VIEW IF EXISTS `xmf_view_reporte_segundos_terceros`*/;
/*!50001 SET @saved_cs_client          = @@character_set_client */;
/*!50001 SET @saved_cs_results         = @@character_set_results */;
/*!50001 SET @saved_col_connection     = @@collation_connection */;
/*!50001 SET character_set_client      = utf8 */;
/*!50001 SET character_set_results     = utf8 */;
/*!50001 SET collation_connection      = utf8_general_ci */;
/*!50001 CREATE ALGORITHM=UNDEFINED */
/*!50013 DEFINER=`root`@`localhost` SQL SECURITY DEFINER */
/*!50001 VIEW `xmf_view_reporte_segundos_terceros` AS with report as (select `rpt`.`xmf_casillas_id` AS `xmf_casillas_id`,`cas`.`name` AS `name`,`rpt`.`votantes_segundo` AS `votantes_segundo`,`rpt`.`promovidos_segundo` AS `promovidos_segundo`,`rpt`.`votantes_tercero` AS `votantes_tercero`,`rpt`.`promovidos_tercero` AS `promovidos_tercero`,case when cast(`rpt`.`created` as time) between cast('00:00:00' as time) and cast('12:00:00' as time) then 1 else 0 end AS `is_twelve`,case when cast(`rpt`.`created` as time) between cast('00:00:00' as time) and cast('15:00:00' as time) then 1 else 0 end AS `is_thirdteen` from (`xmf_reports_segundo_tercero` `rpt` join `xmf_casillas` `cas` on(`cas`.`id` = `rpt`.`xmf_casillas_id`)) where `rpt`.`xmf_casillas_id` is not null and `rpt`.`votantes_segundo` is not null or `rpt`.`votantes_tercero` is not null)select `report`.`xmf_casillas_id` AS `xmf_casillas_id`,`report`.`name` AS `name`,`report`.`votantes_segundo` AS `votantes_segundo`,`report`.`promovidos_segundo` AS `promovidos_segundo`,`report`.`votantes_tercero` AS `votantes_tercero`,`report`.`promovidos_tercero` AS `promovidos_tercero`,`report`.`is_twelve` AS `is_twelve`,`report`.`is_thirdteen` AS `is_thirdteen` from `report` */;
/*!50001 SET character_set_client      = @saved_cs_client */;
/*!50001 SET character_set_results     = @saved_cs_results */;
/*!50001 SET collation_connection      = @saved_col_connection */;
/*!40103 SET TIME_ZONE=@OLD_TIME_ZONE */;

/*!40101 SET SQL_MODE=@OLD_SQL_MODE */;
/*!40014 SET FOREIGN_KEY_CHECKS=@OLD_FOREIGN_KEY_CHECKS */;
/*!40014 SET UNIQUE_CHECKS=@OLD_UNIQUE_CHECKS */;
/*!40101 SET CHARACTER_SET_CLIENT=@OLD_CHARACTER_SET_CLIENT */;
/*!40101 SET CHARACTER_SET_RESULTS=@OLD_CHARACTER_SET_RESULTS */;
/*!40101 SET COLLATION_CONNECTION=@OLD_COLLATION_CONNECTION */;
/*!40111 SET SQL_NOTES=@OLD_SQL_NOTES */;

-- Dump completed on 2019-04-06 19:37:26
