-- MySQL dump 10.16  Distrib 10.2.24-MariaDB, for debian-linux-gnu (x86_64)
--
-- Host: localhost    Database: sicel_municipios
-- ------------------------------------------------------
-- Server version	10.2.24-MariaDB-1:10.2.24+maria~bionic

/*!40101 SET @OLD_CHARACTER_SET_CLIENT=@@CHARACTER_SET_CLIENT */;
/*!40101 SET @OLD_CHARACTER_SET_RESULTS=@@CHARACTER_SET_RESULTS */;
/*!40101 SET @OLD_COLLATION_CONNECTION=@@COLLATION_CONNECTION */;
/*!40101 SET NAMES utf8 */;
/*!40103 SET @OLD_TIME_ZONE=@@TIME_ZONE */;
/*!40103 SET TIME_ZONE='+00:00' */;
/*!40014 SET @OLD_UNIQUE_CHECKS=@@UNIQUE_CHECKS, UNIQUE_CHECKS=0 */;
/*!40014 SET @OLD_FOREIGN_KEY_CHECKS=@@FOREIGN_KEY_CHECKS, FOREIGN_KEY_CHECKS=0 */;
/*!40101 SET @OLD_SQL_MODE=@@SQL_MODE, SQL_MODE='NO_AUTO_VALUE_ON_ZERO' */;
/*!40111 SET @OLD_SQL_NOTES=@@SQL_NOTES, SQL_NOTES=0 */;

--
-- Table structure for table `acl_phinxlog`
--

DROP TABLE IF EXISTS `acl_phinxlog`;
/*!40101 SET @saved_cs_client     = @@character_set_client */;
/*!40101 SET character_set_client = utf8 */;
CREATE TABLE `acl_phinxlog` (
  `version` bigint(20) NOT NULL,
  `migration_name` varchar(100) DEFAULT NULL,
  `start_time` timestamp NULL DEFAULT NULL,
  `end_time` timestamp NULL DEFAULT NULL,
  `breakpoint` tinyint(1) NOT NULL DEFAULT 0,
  PRIMARY KEY (`version`)
) ENGINE=InnoDB DEFAULT CHARSET=utf8;
/*!40101 SET character_set_client = @saved_cs_client */;

--
-- Dumping data for table `acl_phinxlog`
--

LOCK TABLES `acl_phinxlog` WRITE;
/*!40000 ALTER TABLE `acl_phinxlog` DISABLE KEYS */;
INSERT INTO `acl_phinxlog` VALUES (20141229162641,'CakePhpDbAcl','2018-03-07 06:25:43','2018-03-07 06:25:43',0);
/*!40000 ALTER TABLE `acl_phinxlog` ENABLE KEYS */;
UNLOCK TABLES;

--
-- Table structure for table `acos`
--

DROP TABLE IF EXISTS `acos`;
/*!40101 SET @saved_cs_client     = @@character_set_client */;
/*!40101 SET character_set_client = utf8 */;
CREATE TABLE `acos` (
  `id` int(11) NOT NULL AUTO_INCREMENT,
  `parent_id` int(11) DEFAULT NULL,
  `model` varchar(255) DEFAULT NULL,
  `foreign_key` int(11) DEFAULT NULL,
  `alias` varchar(255) DEFAULT NULL,
  `lft` int(11) DEFAULT NULL,
  `rght` int(11) DEFAULT NULL,
  PRIMARY KEY (`id`),
  KEY `lft` (`lft`,`rght`),
  KEY `alias` (`alias`)
) ENGINE=InnoDB AUTO_INCREMENT=9 DEFAULT CHARSET=utf8;
/*!40101 SET character_set_client = @saved_cs_client */;

--
-- Dumping data for table `acos`
--

LOCK TABLES `acos` WRITE;
/*!40000 ALTER TABLE `acos` DISABLE KEYS */;
INSERT INTO `acos` VALUES (1,NULL,NULL,NULL,'controllers',1,14),(2,1,NULL,NULL,'Articles',2,13),(3,2,NULL,NULL,'index',3,4),(4,2,NULL,NULL,'view',5,6),(5,2,NULL,NULL,'add',7,8),(6,2,NULL,NULL,'edit',9,10),(7,2,NULL,NULL,'delete',11,12),(8,NULL,'Articles',1,NULL,15,16);
/*!40000 ALTER TABLE `acos` ENABLE KEYS */;
UNLOCK TABLES;

--
-- Table structure for table `aros`
--

DROP TABLE IF EXISTS `aros`;
/*!40101 SET @saved_cs_client     = @@character_set_client */;
/*!40101 SET character_set_client = utf8 */;
CREATE TABLE `aros` (
  `id` int(11) NOT NULL AUTO_INCREMENT,
  `parent_id` int(11) DEFAULT NULL,
  `model` varchar(255) DEFAULT NULL,
  `foreign_key` char(36) DEFAULT NULL,
  `alias` varchar(255) DEFAULT NULL,
  `lft` int(11) DEFAULT NULL,
  `rght` int(11) DEFAULT NULL,
  PRIMARY KEY (`id`),
  KEY `lft` (`lft`,`rght`),
  KEY `alias` (`alias`)
) ENGINE=InnoDB AUTO_INCREMENT=6 DEFAULT CHARSET=utf8;
/*!40101 SET character_set_client = @saved_cs_client */;

--
-- Dumping data for table `aros`
--

LOCK TABLES `aros` WRITE;
/*!40000 ALTER TABLE `aros` DISABLE KEYS */;
INSERT INTO `aros` VALUES (1,NULL,'Roles','80687266-6761-43a2-bd98-f42349a9bb63',NULL,1,4),(2,NULL,'Roles','5197c80d-2d30-4225-a757-b31592c9e0f0',NULL,5,6),(3,NULL,'Roles','e687cb91-4cdf-4ab2-992f-e76584199c2e',NULL,7,10),(4,1,'MyUsers','a51e5518-c666-40ca-92db-f27202c07160',NULL,2,3),(5,3,'MyUsers','394e7d5f-ed21-4201-a53a-7a9d3a70f66b',NULL,8,9);
/*!40000 ALTER TABLE `aros` ENABLE KEYS */;
UNLOCK TABLES;

--
-- Table structure for table `aros_acos`
--

DROP TABLE IF EXISTS `aros_acos`;
/*!40101 SET @saved_cs_client     = @@character_set_client */;
/*!40101 SET character_set_client = utf8 */;
CREATE TABLE `aros_acos` (
  `id` int(11) NOT NULL AUTO_INCREMENT,
  `aro_id` int(11) NOT NULL,
  `aco_id` int(11) NOT NULL,
  `_create` varchar(2) NOT NULL DEFAULT '0',
  `_read` varchar(2) NOT NULL DEFAULT '0',
  `_update` varchar(2) NOT NULL DEFAULT '0',
  `_delete` varchar(2) NOT NULL DEFAULT '0',
  PRIMARY KEY (`id`),
  UNIQUE KEY `aro_id` (`aro_id`,`aco_id`),
  KEY `aco_id` (`aco_id`)
) ENGINE=InnoDB AUTO_INCREMENT=6 DEFAULT CHARSET=utf8;
/*!40101 SET character_set_client = @saved_cs_client */;

--
-- Dumping data for table `aros_acos`
--

LOCK TABLES `aros_acos` WRITE;
/*!40000 ALTER TABLE `aros_acos` DISABLE KEYS */;
INSERT INTO `aros_acos` VALUES (1,1,5,'1','1','1','1'),(2,3,4,'1','1','1','1'),(3,1,3,'1','1','1','1'),(4,2,3,'1','1','1','1'),(5,3,3,'1','1','1','1');
/*!40000 ALTER TABLE `aros_acos` ENABLE KEYS */;
UNLOCK TABLES;

--
-- Table structure for table `cake_d_c_users_phinxlog`
--

DROP TABLE IF EXISTS `cake_d_c_users_phinxlog`;
/*!40101 SET @saved_cs_client     = @@character_set_client */;
/*!40101 SET character_set_client = utf8 */;
CREATE TABLE `cake_d_c_users_phinxlog` (
  `version` bigint(20) NOT NULL,
  `migration_name` varchar(100) DEFAULT NULL,
  `start_time` timestamp NULL DEFAULT NULL,
  `end_time` timestamp NULL DEFAULT NULL,
  `breakpoint` tinyint(1) NOT NULL DEFAULT 0,
  PRIMARY KEY (`version`)
) ENGINE=InnoDB DEFAULT CHARSET=utf8;
/*!40101 SET character_set_client = @saved_cs_client */;

--
-- Dumping data for table `cake_d_c_users_phinxlog`
--

LOCK TABLES `cake_d_c_users_phinxlog` WRITE;
/*!40000 ALTER TABLE `cake_d_c_users_phinxlog` DISABLE KEYS */;
INSERT INTO `cake_d_c_users_phinxlog` VALUES (20150513201111,'Initial','2018-03-07 06:25:36','2018-03-07 06:25:36',0),(20161031101316,'AddSecretToUsers','2018-03-07 06:25:36','2018-03-07 06:25:36',0);
/*!40000 ALTER TABLE `cake_d_c_users_phinxlog` ENABLE KEYS */;
UNLOCK TABLES;

--
-- Table structure for table `roles`
--

DROP TABLE IF EXISTS `roles`;
/*!40101 SET @saved_cs_client     = @@character_set_client */;
/*!40101 SET character_set_client = utf8 */;
CREATE TABLE `roles` (
  `id` char(36) NOT NULL,
  `name` char(120) NOT NULL,
  `created` datetime DEFAULT NULL,
  `modified` datetime DEFAULT NULL,
  PRIMARY KEY (`id`)
) ENGINE=InnoDB DEFAULT CHARSET=utf8mb4;
/*!40101 SET character_set_client = @saved_cs_client */;

--
-- Dumping data for table `roles`
--

LOCK TABLES `roles` WRITE;
/*!40000 ALTER TABLE `roles` DISABLE KEYS */;
INSERT INTO `roles` VALUES ('5197c80d-2d30-4225-a757-b31592c9e0f0','Admin','2018-03-07 00:27:41','2018-03-07 00:27:41'),('80687266-6761-43a2-bd98-f42349a9bb63','Captura','2018-03-07 00:27:30','2018-03-07 00:27:30'),('e687cb91-4cdf-4ab2-992f-e76584199c2e','Monitor','2018-03-07 00:27:46','2018-03-07 00:27:46');
/*!40000 ALTER TABLE `roles` ENABLE KEYS */;
UNLOCK TABLES;

--
-- Table structure for table `social_accounts`
--

DROP TABLE IF EXISTS `social_accounts`;
/*!40101 SET @saved_cs_client     = @@character_set_client */;
/*!40101 SET character_set_client = utf8 */;
CREATE TABLE `social_accounts` (
  `id` char(36) NOT NULL,
  `user_id` char(36) NOT NULL,
  `provider` varchar(255) NOT NULL,
  `username` varchar(255) DEFAULT NULL,
  `reference` varchar(255) NOT NULL,
  `avatar` varchar(255) DEFAULT NULL,
  `description` text DEFAULT NULL,
  `link` varchar(255) NOT NULL,
  `token` varchar(500) NOT NULL,
  `token_secret` varchar(500) DEFAULT NULL,
  `token_expires` datetime DEFAULT NULL,
  `active` tinyint(1) NOT NULL DEFAULT 1,
  `data` text NOT NULL,
  `created` datetime NOT NULL,
  `modified` datetime NOT NULL,
  PRIMARY KEY (`id`),
  KEY `user_id` (`user_id`),
  CONSTRAINT `social_accounts_ibfk_1` FOREIGN KEY (`user_id`) REFERENCES `users` (`id`) ON DELETE CASCADE ON UPDATE CASCADE
) ENGINE=InnoDB DEFAULT CHARSET=utf8mb4;
/*!40101 SET character_set_client = @saved_cs_client */;

--
-- Dumping data for table `social_accounts`
--

LOCK TABLES `social_accounts` WRITE;
/*!40000 ALTER TABLE `social_accounts` DISABLE KEYS */;
/*!40000 ALTER TABLE `social_accounts` ENABLE KEYS */;
UNLOCK TABLES;

--
-- Table structure for table `users`
--

DROP TABLE IF EXISTS `users`;
/*!40101 SET @saved_cs_client     = @@character_set_client */;
/*!40101 SET character_set_client = utf8 */;
CREATE TABLE `users` (
  `id` char(36) NOT NULL,
  `username` varchar(255) NOT NULL,
  `email` varchar(255) DEFAULT NULL,
  `password` varchar(255) NOT NULL,
  `first_name` varchar(50) DEFAULT NULL,
  `last_name` varchar(50) DEFAULT NULL,
  `token` varchar(255) DEFAULT NULL,
  `token_expires` datetime DEFAULT NULL,
  `api_token` varchar(255) DEFAULT NULL,
  `activation_date` datetime DEFAULT NULL,
  `secret` varchar(32) DEFAULT NULL,
  `secret_verified` tinyint(1) DEFAULT NULL,
  `tos_date` datetime DEFAULT NULL,
  `active` tinyint(1) NOT NULL DEFAULT 0,
  `is_superuser` tinyint(1) NOT NULL DEFAULT 0,
  `role_id` char(36) DEFAULT NULL,
  `created` datetime NOT NULL,
  `modified` datetime NOT NULL,
  PRIMARY KEY (`id`),
  KEY `role_id` (`role_id`),
  CONSTRAINT `users_ibfk_1` FOREIGN KEY (`role_id`) REFERENCES `roles` (`id`)
) ENGINE=InnoDB DEFAULT CHARSET=utf8mb4;
/*!40101 SET character_set_client = @saved_cs_client */;

--
-- Dumping data for table `users`
--

LOCK TABLES `users` WRITE;
/*!40000 ALTER TABLE `users` DISABLE KEYS */;
INSERT INTO `users` VALUES ('02kp9k4-i2jc-5tsk-z2x1','892C2',NULL,'$2y$10$7Nr7lHpeouo.3Swq.mM.3uNu0zjJmyyEGxgTOA1F9UYq7dXSFfyHK','USUARIO 892C2',NULL,NULL,NULL,NULL,NULL,NULL,NULL,NULL,1,0,'80687266-6761-43a2-bd98-f42349a9bb63','2019-06-01 17:54:37','2019-06-01 17:54:37'),('05zcbcx-mur1-oji6-ov3b','769B1',NULL,'$2y$10$7Nr7lHpeouo.3Swq.mM.3uNu0zjJmyyEGxgTOA1F9UYq7dXSFfyHK','USUARIO 769B1',NULL,NULL,NULL,NULL,NULL,NULL,NULL,NULL,1,0,'80687266-6761-43a2-bd98-f42349a9bb63','2019-06-01 17:54:56','2019-06-01 17:54:56'),('07oqntn-xy0h-wk1a-0amr','921B1',NULL,'$2y$10$7Nr7lHpeouo.3Swq.mM.3uNu0zjJmyyEGxgTOA1F9UYq7dXSFfyHK','USUARIO 921B1',NULL,NULL,NULL,NULL,NULL,NULL,NULL,NULL,1,0,'80687266-6761-43a2-bd98-f42349a9bb63','2019-06-01 17:54:31','2019-06-01 17:54:31'),('0b7lqi6-kisl-volw-4i0o','671B1',NULL,'$2y$10$7Nr7lHpeouo.3Swq.mM.3uNu0zjJmyyEGxgTOA1F9UYq7dXSFfyHK','USUARIO 671B1',NULL,NULL,NULL,NULL,NULL,NULL,NULL,NULL,1,0,'80687266-6761-43a2-bd98-f42349a9bb63','2019-06-01 17:54:11','2019-06-01 17:54:11'),('0eo2ek9-hj9x-7hna-xh8i','708B1',NULL,'$2y$10$7Nr7lHpeouo.3Swq.mM.3uNu0zjJmyyEGxgTOA1F9UYq7dXSFfyHK','USUARIO 708B1',NULL,NULL,NULL,NULL,NULL,NULL,NULL,NULL,1,0,'80687266-6761-43a2-bd98-f42349a9bb63','2019-06-01 17:54:21','2019-06-01 17:54:21'),('0isv8wv-mrpw-txh4-ap4h','745C1',NULL,'$2y$10$7Nr7lHpeouo.3Swq.mM.3uNu0zjJmyyEGxgTOA1F9UYq7dXSFfyHK','USUARIO 745C1',NULL,NULL,NULL,NULL,NULL,NULL,NULL,NULL,1,0,'80687266-6761-43a2-bd98-f42349a9bb63','2019-06-01 17:54:52','2019-06-01 17:54:52'),('0j85f7g-uzg2-mpzz-yo0o','874C13',NULL,'$2y$10$7Nr7lHpeouo.3Swq.mM.3uNu0zjJmyyEGxgTOA1F9UYq7dXSFfyHK','USUARIO 874C13',NULL,NULL,NULL,NULL,NULL,NULL,NULL,NULL,1,0,'80687266-6761-43a2-bd98-f42349a9bb63','2019-06-01 17:54:45','2019-06-01 17:54:45'),('0qpfumy-zjoq-ax7j-s6zr','727B1',NULL,'$2y$10$7Nr7lHpeouo.3Swq.mM.3uNu0zjJmyyEGxgTOA1F9UYq7dXSFfyHK','USUARIO 727B1',NULL,NULL,NULL,NULL,NULL,NULL,NULL,NULL,1,0,'80687266-6761-43a2-bd98-f42349a9bb63','2019-06-01 17:54:18','2019-06-01 17:54:18'),('0sxy105-8434-0o19-kgxz','710C1',NULL,'$2y$10$7Nr7lHpeouo.3Swq.mM.3uNu0zjJmyyEGxgTOA1F9UYq7dXSFfyHK','USUARIO 710C1',NULL,NULL,NULL,NULL,NULL,NULL,NULL,NULL,1,0,'80687266-6761-43a2-bd98-f42349a9bb63','2019-06-01 17:54:19','2019-06-01 17:54:19'),('0va8yov-z1n2-xwde-p773','680B1',NULL,'$2y$10$7Nr7lHpeouo.3Swq.mM.3uNu0zjJmyyEGxgTOA1F9UYq7dXSFfyHK','USUARIO 680B1',NULL,NULL,NULL,NULL,NULL,NULL,NULL,NULL,1,0,'80687266-6761-43a2-bd98-f42349a9bb63','2019-06-01 17:54:12','2019-06-01 17:54:12'),('0yept24-fclo-e51f-3sg0','701B1',NULL,'$2y$10$7Nr7lHpeouo.3Swq.mM.3uNu0zjJmyyEGxgTOA1F9UYq7dXSFfyHK','USUARIO 701B1',NULL,NULL,NULL,NULL,NULL,NULL,NULL,NULL,1,0,'80687266-6761-43a2-bd98-f42349a9bb63','2019-06-01 17:54:25','2019-06-01 17:54:25'),('0ygivew-dcj3-ykyw-oiu8','891C1',NULL,'$2y$10$7Nr7lHpeouo.3Swq.mM.3uNu0zjJmyyEGxgTOA1F9UYq7dXSFfyHK','USUARIO 891C1',NULL,NULL,NULL,NULL,NULL,NULL,NULL,NULL,1,0,'80687266-6761-43a2-bd98-f42349a9bb63','2019-06-01 17:54:37','2019-06-01 17:54:37'),('1098z34-5ufu-eos8-ao24','690B1',NULL,'$2y$10$7Nr7lHpeouo.3Swq.mM.3uNu0zjJmyyEGxgTOA1F9UYq7dXSFfyHK','USUARIO 690B1',NULL,NULL,NULL,NULL,NULL,NULL,NULL,NULL,1,0,'80687266-6761-43a2-bd98-f42349a9bb63','2019-06-01 17:54:16','2019-06-01 17:54:16'),('17z2udw-3v0d-lgd4-3ndj','ulisesM',NULL,'$2y$10$A2d8Ndnrtm360ipRiXNjmOksr82CF64HcUiK2adXB8r43VgQkjnhG','ULISES','MEJÍA',NULL,NULL,NULL,NULL,NULL,NULL,NULL,1,1,'5197c80d-2d30-4225-a757-b31592c9e0f0','2018-06-27 21:43:12','2018-06-27 21:43:12'),('1ea4iho-a267-d0gt-50xl','678C1',NULL,'$2y$10$7Nr7lHpeouo.3Swq.mM.3uNu0zjJmyyEGxgTOA1F9UYq7dXSFfyHK','USUARIO 678C1',NULL,NULL,NULL,NULL,NULL,NULL,NULL,NULL,1,0,'80687266-6761-43a2-bd98-f42349a9bb63','2019-06-01 17:54:11','2019-06-01 17:54:11'),('1evjkdl-eqbm-0eca-5glr','875C20',NULL,'$2y$10$7Nr7lHpeouo.3Swq.mM.3uNu0zjJmyyEGxgTOA1F9UYq7dXSFfyHK','USUARIO 875C20',NULL,NULL,NULL,NULL,NULL,NULL,NULL,NULL,1,0,'80687266-6761-43a2-bd98-f42349a9bb63','2019-06-01 17:54:47','2019-06-01 17:54:47'),('1h7a94l-c62v-iuyy-59jg','874C10',NULL,'$2y$10$7Nr7lHpeouo.3Swq.mM.3uNu0zjJmyyEGxgTOA1F9UYq7dXSFfyHK','USUARIO 874C10',NULL,NULL,NULL,NULL,NULL,NULL,NULL,NULL,1,0,'80687266-6761-43a2-bd98-f42349a9bb63','2019-06-01 17:54:44','2019-06-01 17:54:44'),('1huf17j-8o70-rlwe-7oic','892B1',NULL,'$2y$10$7Nr7lHpeouo.3Swq.mM.3uNu0zjJmyyEGxgTOA1F9UYq7dXSFfyHK','USUARIO 892B1',NULL,NULL,NULL,NULL,NULL,NULL,NULL,NULL,1,0,'80687266-6761-43a2-bd98-f42349a9bb63','2019-06-01 17:54:37','2019-06-01 17:54:37'),('1jbftwz-kw9s-ok8l-gj67','875C13',NULL,'$2y$10$7Nr7lHpeouo.3Swq.mM.3uNu0zjJmyyEGxgTOA1F9UYq7dXSFfyHK','USUARIO 875C13',NULL,NULL,NULL,NULL,NULL,NULL,NULL,NULL,1,0,'80687266-6761-43a2-bd98-f42349a9bb63','2019-06-01 17:54:46','2019-06-01 17:54:46'),('1o4y1yi-vdkb-7keg-hcov','884B1',NULL,'$2y$10$7Nr7lHpeouo.3Swq.mM.3uNu0zjJmyyEGxgTOA1F9UYq7dXSFfyHK','USUARIO 884B1',NULL,NULL,NULL,NULL,NULL,NULL,NULL,NULL,1,0,'80687266-6761-43a2-bd98-f42349a9bb63','2019-06-01 17:54:40','2019-06-01 17:54:40'),('1ou807m-20rz-lmri-gkwf','875C11',NULL,'$2y$10$7Nr7lHpeouo.3Swq.mM.3uNu0zjJmyyEGxgTOA1F9UYq7dXSFfyHK','USUARIO 875C11',NULL,NULL,NULL,NULL,NULL,NULL,NULL,NULL,1,0,'80687266-6761-43a2-bd98-f42349a9bb63','2019-06-01 17:54:46','2019-06-01 17:54:46'),('1q2c6hh-0co1-8kvs-4r9n','874C7',NULL,'$2y$10$7Nr7lHpeouo.3Swq.mM.3uNu0zjJmyyEGxgTOA1F9UYq7dXSFfyHK','USUARIO 874C7',NULL,NULL,NULL,NULL,NULL,NULL,NULL,NULL,1,0,'80687266-6761-43a2-bd98-f42349a9bb63','2019-06-01 17:54:44','2019-06-01 17:54:44'),('1qear0h-xhd0-3mep-yu43','694C2',NULL,'$2y$10$7Nr7lHpeouo.3Swq.mM.3uNu0zjJmyyEGxgTOA1F9UYq7dXSFfyHK','USUARIO 694C2',NULL,NULL,NULL,NULL,NULL,NULL,NULL,NULL,1,0,'80687266-6761-43a2-bd98-f42349a9bb63','2019-06-01 17:54:22','2019-06-01 17:54:22'),('1rubass-m17g-xzxl-xjhv','700C1',NULL,'$2y$10$7Nr7lHpeouo.3Swq.mM.3uNu0zjJmyyEGxgTOA1F9UYq7dXSFfyHK','USUARIO 700C1',NULL,NULL,NULL,NULL,NULL,NULL,NULL,NULL,1,0,'80687266-6761-43a2-bd98-f42349a9bb63','2019-06-01 17:54:24','2019-06-01 17:54:24'),('1sua7up-ui6b-eyhm-ke06','681C4',NULL,'$2y$10$7Nr7lHpeouo.3Swq.mM.3uNu0zjJmyyEGxgTOA1F9UYq7dXSFfyHK','USUARIO 681C4',NULL,NULL,NULL,NULL,NULL,NULL,NULL,NULL,1,0,'80687266-6761-43a2-bd98-f42349a9bb63','2019-06-01 17:54:14','2019-06-01 17:54:14'),('211vviy-3crv-8ubi-acv1','762B1',NULL,'$2y$10$7Nr7lHpeouo.3Swq.mM.3uNu0zjJmyyEGxgTOA1F9UYq7dXSFfyHK','USUARIO 762B1',NULL,NULL,NULL,NULL,NULL,NULL,NULL,NULL,1,0,'80687266-6761-43a2-bd98-f42349a9bb63','2019-06-01 17:54:48','2019-06-01 17:54:48'),('238zaxa-cu61-ihhy-86df','726B1',NULL,'$2y$10$7Nr7lHpeouo.3Swq.mM.3uNu0zjJmyyEGxgTOA1F9UYq7dXSFfyHK','USUARIO 726B1',NULL,NULL,NULL,NULL,NULL,NULL,NULL,NULL,1,0,'80687266-6761-43a2-bd98-f42349a9bb63','2019-06-01 17:54:17','2019-06-01 17:54:17'),('243zxbq-cteq-0a1h-owlm','905B1',NULL,'$2y$10$7Nr7lHpeouo.3Swq.mM.3uNu0zjJmyyEGxgTOA1F9UYq7dXSFfyHK','USUARIO 905B1',NULL,NULL,NULL,NULL,NULL,NULL,NULL,NULL,1,0,'80687266-6761-43a2-bd98-f42349a9bb63','2019-06-01 17:54:18','2019-06-01 17:54:18'),('24w3x5h-t2dv-fct4-g14n','709B1',NULL,'$2y$10$7Nr7lHpeouo.3Swq.mM.3uNu0zjJmyyEGxgTOA1F9UYq7dXSFfyHK','USUARIO 709B1',NULL,NULL,NULL,NULL,NULL,NULL,NULL,NULL,1,0,'80687266-6761-43a2-bd98-f42349a9bb63','2019-06-01 17:54:23','2019-06-01 17:54:23'),('26y7b0r-15ih-y8jd-vq4h','874C4',NULL,'$2y$10$7Nr7lHpeouo.3Swq.mM.3uNu0zjJmyyEGxgTOA1F9UYq7dXSFfyHK','USUARIO 874C4',NULL,NULL,NULL,NULL,NULL,NULL,NULL,NULL,1,0,'80687266-6761-43a2-bd98-f42349a9bb63','2019-06-01 17:54:44','2019-06-01 17:54:44'),('27fc5gb-5vrj-hfj8-0inm','687C1',NULL,'$2y$10$7Nr7lHpeouo.3Swq.mM.3uNu0zjJmyyEGxgTOA1F9UYq7dXSFfyHK','USUARIO 687C1',NULL,NULL,NULL,NULL,NULL,NULL,NULL,NULL,1,0,'80687266-6761-43a2-bd98-f42349a9bb63','2019-06-01 17:54:19','2019-06-01 17:54:19'),('28ge1r8-ygij-0bx9-o2ga','755B1',NULL,'$2y$10$7Nr7lHpeouo.3Swq.mM.3uNu0zjJmyyEGxgTOA1F9UYq7dXSFfyHK','USUARIO 755B1',NULL,NULL,NULL,NULL,NULL,NULL,NULL,NULL,1,0,'80687266-6761-43a2-bd98-f42349a9bb63','2019-06-01 17:54:55','2019-06-01 17:54:55'),('293d9ky-tro9-jgok-ke8c','877B1',NULL,'$2y$10$7Nr7lHpeouo.3Swq.mM.3uNu0zjJmyyEGxgTOA1F9UYq7dXSFfyHK','USUARIO 877B1',NULL,NULL,NULL,NULL,NULL,NULL,NULL,NULL,1,0,'80687266-6761-43a2-bd98-f42349a9bb63','2019-06-01 17:54:43','2019-06-01 17:54:43'),('2gnsumi-bpwf-t1kh-2tyx','691C1',NULL,'$2y$10$7Nr7lHpeouo.3Swq.mM.3uNu0zjJmyyEGxgTOA1F9UYq7dXSFfyHK','USUARIO 691C1',NULL,NULL,NULL,NULL,NULL,NULL,NULL,NULL,1,0,'80687266-6761-43a2-bd98-f42349a9bb63','2019-06-01 17:54:15','2019-06-01 17:54:15'),('2odhi5q-lb1z-u0j0-h5b2','706B1',NULL,'$2y$10$7Nr7lHpeouo.3Swq.mM.3uNu0zjJmyyEGxgTOA1F9UYq7dXSFfyHK','USUARIO 706B1',NULL,NULL,NULL,NULL,NULL,NULL,NULL,NULL,1,0,'80687266-6761-43a2-bd98-f42349a9bb63','2019-06-01 17:54:26','2019-06-01 17:54:26'),('2p6hhn3-9y99-8xqu-wsjy','718C2',NULL,'$2y$10$7Nr7lHpeouo.3Swq.mM.3uNu0zjJmyyEGxgTOA1F9UYq7dXSFfyHK','USUARIO 718C2',NULL,NULL,NULL,NULL,NULL,NULL,NULL,NULL,1,0,'80687266-6761-43a2-bd98-f42349a9bb63','2019-06-01 17:54:17','2019-06-01 17:54:17'),('2zx3s11-uxz8-m4vr-p8v1','694C5',NULL,'$2y$10$7Nr7lHpeouo.3Swq.mM.3uNu0zjJmyyEGxgTOA1F9UYq7dXSFfyHK','USUARIO 694C5',NULL,NULL,NULL,NULL,NULL,NULL,NULL,NULL,1,0,'80687266-6761-43a2-bd98-f42349a9bb63','2019-06-01 17:54:22','2019-06-01 17:54:22'),('317kkdx-pm32-q14p-ldqr','875C21',NULL,'$2y$10$7Nr7lHpeouo.3Swq.mM.3uNu0zjJmyyEGxgTOA1F9UYq7dXSFfyHK','USUARIO 875C21',NULL,NULL,NULL,NULL,NULL,NULL,NULL,NULL,1,0,'80687266-6761-43a2-bd98-f42349a9bb63','2019-06-01 17:54:47','2019-06-01 17:54:47'),('33oqpz7-dfcw-5wto-ij48','705B1',NULL,'$2y$10$7Nr7lHpeouo.3Swq.mM.3uNu0zjJmyyEGxgTOA1F9UYq7dXSFfyHK','USUARIO 705B1',NULL,NULL,NULL,NULL,NULL,NULL,NULL,NULL,1,0,'80687266-6761-43a2-bd98-f42349a9bb63','2019-06-01 17:54:26','2019-06-01 17:54:26'),('36v1x93-653m-a3l2-z1x6','674C2',NULL,'$2y$10$7Nr7lHpeouo.3Swq.mM.3uNu0zjJmyyEGxgTOA1F9UYq7dXSFfyHK','USUARIO 674C2',NULL,NULL,NULL,NULL,NULL,NULL,NULL,NULL,1,0,'80687266-6761-43a2-bd98-f42349a9bb63','2019-06-01 17:54:27','2019-06-01 17:54:27'),('38m12my-efvh-gs0i-6uf2','874C6',NULL,'$2y$10$7Nr7lHpeouo.3Swq.mM.3uNu0zjJmyyEGxgTOA1F9UYq7dXSFfyHK','USUARIO 874C6',NULL,NULL,NULL,NULL,NULL,NULL,NULL,NULL,1,0,'80687266-6761-43a2-bd98-f42349a9bb63','2019-06-01 17:54:44','2019-06-01 17:54:44'),('391flmq-c7wq-odtw-b61r','718C1',NULL,'$2y$10$7Nr7lHpeouo.3Swq.mM.3uNu0zjJmyyEGxgTOA1F9UYq7dXSFfyHK','USUARIO 718C1',NULL,NULL,NULL,NULL,NULL,NULL,NULL,NULL,1,0,'80687266-6761-43a2-bd98-f42349a9bb63','2019-06-01 17:54:17','2019-06-01 17:54:17'),('3ahh2xj-48um-esen-6b3u','880C1',NULL,'$2y$10$7Nr7lHpeouo.3Swq.mM.3uNu0zjJmyyEGxgTOA1F9UYq7dXSFfyHK','USUARIO 880C1',NULL,NULL,NULL,NULL,NULL,NULL,NULL,NULL,1,0,'80687266-6761-43a2-bd98-f42349a9bb63','2019-06-01 17:54:40','2019-06-01 17:54:40'),('3hrkrh8-oaby-jped-c5p9','876C2',NULL,'$2y$10$7Nr7lHpeouo.3Swq.mM.3uNu0zjJmyyEGxgTOA1F9UYq7dXSFfyHK','USUARIO 876C2',NULL,NULL,NULL,NULL,NULL,NULL,NULL,NULL,1,0,'80687266-6761-43a2-bd98-f42349a9bb63','2019-06-01 17:54:42','2019-06-01 17:54:42'),('3i0b0g6-zpbz-q2li-6qab','725C2',NULL,'$2y$10$7Nr7lHpeouo.3Swq.mM.3uNu0zjJmyyEGxgTOA1F9UYq7dXSFfyHK','USUARIO 725C2',NULL,NULL,NULL,NULL,NULL,NULL,NULL,NULL,1,0,'80687266-6761-43a2-bd98-f42349a9bb63','2019-06-01 17:54:21','2019-06-01 17:54:21'),('3jebhi5-agao-sdvx-xq39','879C1',NULL,'$2y$10$7Nr7lHpeouo.3Swq.mM.3uNu0zjJmyyEGxgTOA1F9UYq7dXSFfyHK','USUARIO 879C1',NULL,NULL,NULL,NULL,NULL,NULL,NULL,NULL,1,0,'80687266-6761-43a2-bd98-f42349a9bb63','2019-06-01 17:54:41','2019-06-01 17:54:41'),('3lnoqb5-c39r-9osu-xrfs','708C1',NULL,'$2y$10$7Nr7lHpeouo.3Swq.mM.3uNu0zjJmyyEGxgTOA1F9UYq7dXSFfyHK','USUARIO 708C1',NULL,NULL,NULL,NULL,NULL,NULL,NULL,NULL,1,0,'80687266-6761-43a2-bd98-f42349a9bb63','2019-06-01 17:54:21','2019-06-01 17:54:21'),('3rp6ja5-4x2l-i6su-5t4l','908B1',NULL,'$2y$10$7Nr7lHpeouo.3Swq.mM.3uNu0zjJmyyEGxgTOA1F9UYq7dXSFfyHK','USUARIO 908B1',NULL,NULL,NULL,NULL,NULL,NULL,NULL,NULL,1,0,'80687266-6761-43a2-bd98-f42349a9bb63','2019-06-01 17:54:18','2019-06-01 17:54:18'),('405po3c-8j60-mg5j-du1n','703B1',NULL,'$2y$10$7Nr7lHpeouo.3Swq.mM.3uNu0zjJmyyEGxgTOA1F9UYq7dXSFfyHK','USUARIO 703B1',NULL,NULL,NULL,NULL,NULL,NULL,NULL,NULL,1,0,'80687266-6761-43a2-bd98-f42349a9bb63','2019-06-01 17:54:26','2019-06-01 17:54:26'),('40kbo82-ji2n-dztj-x32c','738C1',NULL,'$2y$10$7Nr7lHpeouo.3Swq.mM.3uNu0zjJmyyEGxgTOA1F9UYq7dXSFfyHK','USUARIO 738C1',NULL,NULL,NULL,NULL,NULL,NULL,NULL,NULL,1,0,'80687266-6761-43a2-bd98-f42349a9bb63','2019-06-01 17:54:28','2019-06-01 17:54:28'),('411r52r-s3gr-72fz-myop','732B1',NULL,'$2y$10$7Nr7lHpeouo.3Swq.mM.3uNu0zjJmyyEGxgTOA1F9UYq7dXSFfyHK','USUARIO 732B1',NULL,NULL,NULL,NULL,NULL,NULL,NULL,NULL,1,0,'80687266-6761-43a2-bd98-f42349a9bb63','2019-06-01 17:54:27','2019-06-01 17:54:27'),('43juasz-pqct-6mzu-y57m','713C1',NULL,'$2y$10$7Nr7lHpeouo.3Swq.mM.3uNu0zjJmyyEGxgTOA1F9UYq7dXSFfyHK','USUARIO 713C1',NULL,NULL,NULL,NULL,NULL,NULL,NULL,NULL,1,0,'80687266-6761-43a2-bd98-f42349a9bb63','2019-06-01 17:54:16','2019-06-01 17:54:16'),('4aibdlo-t4bx-sg0b-980x','671C1',NULL,'$2y$10$7Nr7lHpeouo.3Swq.mM.3uNu0zjJmyyEGxgTOA1F9UYq7dXSFfyHK','USUARIO 671C1',NULL,NULL,NULL,NULL,NULL,NULL,NULL,NULL,1,0,'80687266-6761-43a2-bd98-f42349a9bb63','2019-06-01 17:54:11','2019-06-01 17:54:11'),('4qe44ep-mnyb-5xtn-id8y','875C14',NULL,'$2y$10$7Nr7lHpeouo.3Swq.mM.3uNu0zjJmyyEGxgTOA1F9UYq7dXSFfyHK','USUARIO 875C14',NULL,NULL,NULL,NULL,NULL,NULL,NULL,NULL,1,0,'80687266-6761-43a2-bd98-f42349a9bb63','2019-06-01 17:54:47','2019-06-01 17:54:47'),('53kc3ft-cco4-kqbi-fijy','875C16',NULL,'$2y$10$7Nr7lHpeouo.3Swq.mM.3uNu0zjJmyyEGxgTOA1F9UYq7dXSFfyHK','USUARIO 875C16',NULL,NULL,NULL,NULL,NULL,NULL,NULL,NULL,1,0,'80687266-6761-43a2-bd98-f42349a9bb63','2019-06-01 17:54:47','2019-06-01 17:54:47'),('5a0srl6-27kf-yp6v-wi02','914B1',NULL,'$2y$10$7Nr7lHpeouo.3Swq.mM.3uNu0zjJmyyEGxgTOA1F9UYq7dXSFfyHK','USUARIO 914B1',NULL,NULL,NULL,NULL,NULL,NULL,NULL,NULL,1,0,'80687266-6761-43a2-bd98-f42349a9bb63','2019-06-01 17:54:28','2019-06-01 17:54:28'),('5d5zmx5-cmep-huhn-efm8','M0NIT0R01',NULL,'$2y$10$qQaDRgCZdK/nDzAlNUQaV.N5361oyrLhEmtosT5Lue78ztyzZV.NW','MONITOR','01',NULL,NULL,NULL,NULL,NULL,NULL,NULL,1,0,'e687cb91-4cdf-4ab2-992f-e76584199c2e','2018-06-27 21:02:57','2018-06-27 21:02:57'),('5g74w5r-i1r3-wc94-9jyv','913B1',NULL,'$2y$10$7Nr7lHpeouo.3Swq.mM.3uNu0zjJmyyEGxgTOA1F9UYq7dXSFfyHK','USUARIO 913B1',NULL,NULL,NULL,NULL,NULL,NULL,NULL,NULL,1,0,'80687266-6761-43a2-bd98-f42349a9bb63','2019-06-01 17:54:30','2019-06-01 17:54:30'),('5gubf90-wrg2-wzzw-awk8','891B1',NULL,'$2y$10$7Nr7lHpeouo.3Swq.mM.3uNu0zjJmyyEGxgTOA1F9UYq7dXSFfyHK','USUARIO 891B1',NULL,NULL,NULL,NULL,NULL,NULL,NULL,NULL,1,0,'80687266-6761-43a2-bd98-f42349a9bb63','2019-06-01 17:54:36','2019-06-01 17:54:36'),('5kpvta7-alla-tll2-kil1','723B1',NULL,'$2y$10$7Nr7lHpeouo.3Swq.mM.3uNu0zjJmyyEGxgTOA1F9UYq7dXSFfyHK','USUARIO 723B1',NULL,NULL,NULL,NULL,NULL,NULL,NULL,NULL,1,0,'80687266-6761-43a2-bd98-f42349a9bb63','2019-06-01 17:54:20','2019-06-01 17:54:20'),('5pemwb5-s9sp-xpfd-r8fr','896B1',NULL,'$2y$10$7Nr7lHpeouo.3Swq.mM.3uNu0zjJmyyEGxgTOA1F9UYq7dXSFfyHK','USUARIO 896B1',NULL,NULL,NULL,NULL,NULL,NULL,NULL,NULL,1,0,'80687266-6761-43a2-bd98-f42349a9bb63','2019-06-01 17:54:33','2019-06-01 17:54:33'),('5tz097k-9cs9-sx47-8mkl','696C1',NULL,'$2y$10$7Nr7lHpeouo.3Swq.mM.3uNu0zjJmyyEGxgTOA1F9UYq7dXSFfyHK','USUARIO 696C1',NULL,NULL,NULL,NULL,NULL,NULL,NULL,NULL,1,0,'80687266-6761-43a2-bd98-f42349a9bb63','2019-06-01 17:54:23','2019-06-01 17:54:23'),('5uy6v2f-2gwp-8571-j68x','760B1',NULL,'$2y$10$7Nr7lHpeouo.3Swq.mM.3uNu0zjJmyyEGxgTOA1F9UYq7dXSFfyHK','USUARIO 760B1',NULL,NULL,NULL,NULL,NULL,NULL,NULL,NULL,1,0,'80687266-6761-43a2-bd98-f42349a9bb63','2019-06-01 17:54:50','2019-06-01 17:54:50'),('62icfuo-pnru-9wid-8ost','875C23',NULL,'$2y$10$7Nr7lHpeouo.3Swq.mM.3uNu0zjJmyyEGxgTOA1F9UYq7dXSFfyHK','USUARIO 875C23',NULL,NULL,NULL,NULL,NULL,NULL,NULL,NULL,1,0,'80687266-6761-43a2-bd98-f42349a9bb63','2019-06-01 17:54:48','2019-06-01 17:54:48'),('664sap3-28sv-5rw2-wqsy','715C1',NULL,'$2y$10$7Nr7lHpeouo.3Swq.mM.3uNu0zjJmyyEGxgTOA1F9UYq7dXSFfyHK','USUARIO 715C1',NULL,NULL,NULL,NULL,NULL,NULL,NULL,NULL,1,0,'80687266-6761-43a2-bd98-f42349a9bb63','2019-06-01 17:54:20','2019-06-01 17:54:20'),('6gjouva-p2dg-uohn-6ogf','752B1',NULL,'$2y$10$7Nr7lHpeouo.3Swq.mM.3uNu0zjJmyyEGxgTOA1F9UYq7dXSFfyHK','USUARIO 752B1',NULL,NULL,NULL,NULL,NULL,NULL,NULL,NULL,1,0,'80687266-6761-43a2-bd98-f42349a9bb63','2019-06-01 17:54:50','2019-06-01 17:54:50'),('6j4golj-4lu5-ukmx-yyj0','721C1',NULL,'$2y$10$7Nr7lHpeouo.3Swq.mM.3uNu0zjJmyyEGxgTOA1F9UYq7dXSFfyHK','USUARIO 721C1',NULL,NULL,NULL,NULL,NULL,NULL,NULL,NULL,1,0,'80687266-6761-43a2-bd98-f42349a9bb63','2019-06-01 17:54:17','2019-06-01 17:54:17'),('6ogfwzj-sxyi-2hli-e5zr','748B1',NULL,'$2y$10$7Nr7lHpeouo.3Swq.mM.3uNu0zjJmyyEGxgTOA1F9UYq7dXSFfyHK','USUARIO 748B1',NULL,NULL,NULL,NULL,NULL,NULL,NULL,NULL,1,0,'80687266-6761-43a2-bd98-f42349a9bb63','2019-06-01 17:54:53','2019-06-01 17:54:53'),('6s3yien-u7g1-vcla-u5jz','727C1',NULL,'$2y$10$7Nr7lHpeouo.3Swq.mM.3uNu0zjJmyyEGxgTOA1F9UYq7dXSFfyHK','USUARIO 727C1',NULL,NULL,NULL,NULL,NULL,NULL,NULL,NULL,1,0,'80687266-6761-43a2-bd98-f42349a9bb63','2019-06-01 17:54:18','2019-06-01 17:54:18'),('6tyv1pu-i3hg-qthw-708g','900B1',NULL,'$2y$10$7Nr7lHpeouo.3Swq.mM.3uNu0zjJmyyEGxgTOA1F9UYq7dXSFfyHK','USUARIO 900B1',NULL,NULL,NULL,NULL,NULL,NULL,NULL,NULL,1,0,'80687266-6761-43a2-bd98-f42349a9bb63','2019-06-01 17:54:17','2019-06-01 17:54:17'),('72bddfd3-7d2b-4638-92ca-d101259a1399','ADMIN3','cyaber@vosr.com','$2y$10$/5WCyjtPZEhQNQ8KJj7YjukSAh0djDxetXMgtmzCACyzQuzJMkdEm','Carlos','Lopez','',NULL,'',NULL,'',1,NULL,1,1,'5197c80d-2d30-4225-a757-b31592c9e0f0','2018-05-16 02:07:05','2018-05-16 02:07:05'),('74m3w30-buo2-mnbj-ecda','694C3',NULL,'$2y$10$7Nr7lHpeouo.3Swq.mM.3uNu0zjJmyyEGxgTOA1F9UYq7dXSFfyHK','USUARIO 694C3',NULL,NULL,NULL,NULL,NULL,NULL,NULL,NULL,1,0,'80687266-6761-43a2-bd98-f42349a9bb63','2019-06-01 17:54:22','2019-06-01 17:54:22'),('7b4g9pd-g3h4-2min-sm3j','892C1',NULL,'$2y$10$7Nr7lHpeouo.3Swq.mM.3uNu0zjJmyyEGxgTOA1F9UYq7dXSFfyHK','USUARIO 892C1',NULL,NULL,NULL,NULL,NULL,NULL,NULL,NULL,1,0,'80687266-6761-43a2-bd98-f42349a9bb63','2019-06-01 17:54:37','2019-06-01 17:54:37'),('7e4wtdb-zfi0-k0i0-w19q','712B1',NULL,'$2y$10$7Nr7lHpeouo.3Swq.mM.3uNu0zjJmyyEGxgTOA1F9UYq7dXSFfyHK','USUARIO 712B1',NULL,NULL,NULL,NULL,NULL,NULL,NULL,NULL,1,0,'80687266-6761-43a2-bd98-f42349a9bb63','2019-06-01 17:54:16','2019-06-01 17:54:16'),('7jr2033-wlw4-hodu-kr6v','701C1',NULL,'$2y$10$7Nr7lHpeouo.3Swq.mM.3uNu0zjJmyyEGxgTOA1F9UYq7dXSFfyHK','USUARIO 701C1',NULL,NULL,NULL,NULL,NULL,NULL,NULL,NULL,1,0,'80687266-6761-43a2-bd98-f42349a9bb63','2019-06-01 17:54:25','2019-06-01 17:54:25'),('7s04wun-4afz-1790-xe7j','680C2',NULL,'$2y$10$7Nr7lHpeouo.3Swq.mM.3uNu0zjJmyyEGxgTOA1F9UYq7dXSFfyHK','USUARIO 680C2',NULL,NULL,NULL,NULL,NULL,NULL,NULL,NULL,1,0,'80687266-6761-43a2-bd98-f42349a9bb63','2019-06-01 17:54:12','2019-06-01 17:54:12'),('7wd517o-eqig-2o3r-45oh','672B1',NULL,'$2y$10$7Nr7lHpeouo.3Swq.mM.3uNu0zjJmyyEGxgTOA1F9UYq7dXSFfyHK','USUARIO 672B1',NULL,NULL,NULL,NULL,NULL,NULL,NULL,NULL,1,0,'80687266-6761-43a2-bd98-f42349a9bb63','2019-06-01 17:54:13','2019-06-01 17:54:13'),('83td5f5-4ak3-rwrb-3v97','694C4',NULL,'$2y$10$7Nr7lHpeouo.3Swq.mM.3uNu0zjJmyyEGxgTOA1F9UYq7dXSFfyHK','USUARIO 694C4',NULL,NULL,NULL,NULL,NULL,NULL,NULL,NULL,1,0,'80687266-6761-43a2-bd98-f42349a9bb63','2019-06-01 17:54:22','2019-06-01 17:54:22'),('86e06920-6035-419d-906f-cc672f90adm2','ADMIN2',NULL,'$2y$10$/5WCyjtPZEhQNQ8KJj7YjukSAh0djDxetXMgtmzCACyzQuzJMkdEm','ULISES','MEJIA',NULL,NULL,NULL,NULL,NULL,NULL,NULL,1,1,'5197c80d-2d30-4225-a757-b31592c9e0f0','2018-05-06 17:20:39','2018-05-06 17:20:39'),('86e06920-6035-419d-906f-cc672f90eadm','ADMIN1',NULL,'$2y$10$/5WCyjtPZEhQNQ8KJj7YjukSAh0djDxetXMgtmzCACyzQuzJMkdEm','CRISTINA','TORRES',NULL,NULL,NULL,NULL,NULL,NULL,NULL,1,1,'5197c80d-2d30-4225-a757-b31592c9e0f0','2018-05-06 17:14:41','2018-05-06 17:14:41'),('875ej9s-rq8p-f8qf-62nn','876B1',NULL,'$2y$10$7Nr7lHpeouo.3Swq.mM.3uNu0zjJmyyEGxgTOA1F9UYq7dXSFfyHK','USUARIO 876B1',NULL,NULL,NULL,NULL,NULL,NULL,NULL,NULL,1,0,'80687266-6761-43a2-bd98-f42349a9bb63','2019-06-01 17:54:42','2019-06-01 17:54:42'),('8a5i97k-kk27-8c5x-j625','676B1',NULL,'$2y$10$7Nr7lHpeouo.3Swq.mM.3uNu0zjJmyyEGxgTOA1F9UYq7dXSFfyHK','USUARIO 676B1',NULL,NULL,NULL,NULL,NULL,NULL,NULL,NULL,1,0,'80687266-6761-43a2-bd98-f42349a9bb63','2019-06-01 17:54:12','2019-06-01 17:54:12'),('8bv8yjt-9q1j-e2v0-8cfj','707C1',NULL,'$2y$10$7Nr7lHpeouo.3Swq.mM.3uNu0zjJmyyEGxgTOA1F9UYq7dXSFfyHK','USUARIO 707C1',NULL,NULL,NULL,NULL,NULL,NULL,NULL,NULL,1,0,'80687266-6761-43a2-bd98-f42349a9bb63','2019-06-01 17:54:26','2019-06-01 17:54:26'),('8dse2rt-dnsv-nyif-aqyf','899B1',NULL,'$2y$10$7Nr7lHpeouo.3Swq.mM.3uNu0zjJmyyEGxgTOA1F9UYq7dXSFfyHK','USUARIO 899B1',NULL,NULL,NULL,NULL,NULL,NULL,NULL,NULL,1,0,'80687266-6761-43a2-bd98-f42349a9bb63','2019-06-01 17:54:34','2019-06-01 17:54:34'),('8dskhjb-myjl-4gh4-41or','681C2',NULL,'$2y$10$7Nr7lHpeouo.3Swq.mM.3uNu0zjJmyyEGxgTOA1F9UYq7dXSFfyHK','USUARIO 681C2',NULL,NULL,NULL,NULL,NULL,NULL,NULL,NULL,1,0,'80687266-6761-43a2-bd98-f42349a9bb63','2019-06-01 17:54:14','2019-06-01 17:54:14'),('8ebi4v9-q5uo-eegk-osk9','754B1',NULL,'$2y$10$7Nr7lHpeouo.3Swq.mM.3uNu0zjJmyyEGxgTOA1F9UYq7dXSFfyHK','USUARIO 754B1',NULL,NULL,NULL,NULL,NULL,NULL,NULL,NULL,1,0,'80687266-6761-43a2-bd98-f42349a9bb63','2019-06-01 17:54:51','2019-06-01 17:54:51'),('8h2uuzj-mbkg-ii0q-048b','688C1',NULL,'$2y$10$7Nr7lHpeouo.3Swq.mM.3uNu0zjJmyyEGxgTOA1F9UYq7dXSFfyHK','USUARIO 688C1',NULL,NULL,NULL,NULL,NULL,NULL,NULL,NULL,1,0,'80687266-6761-43a2-bd98-f42349a9bb63','2019-06-01 17:54:15','2019-06-01 17:54:15'),('8ouwomk-laf5-qfr8-uo4f','722C1',NULL,'$2y$10$7Nr7lHpeouo.3Swq.mM.3uNu0zjJmyyEGxgTOA1F9UYq7dXSFfyHK','USUARIO 722C1',NULL,NULL,NULL,NULL,NULL,NULL,NULL,NULL,1,0,'80687266-6761-43a2-bd98-f42349a9bb63','2019-06-01 17:54:20','2019-06-01 17:54:20'),('8pdfg4s-kla5-m7nw-w7od','768C3',NULL,'$2y$10$7Nr7lHpeouo.3Swq.mM.3uNu0zjJmyyEGxgTOA1F9UYq7dXSFfyHK','USUARIO 768C3',NULL,NULL,NULL,NULL,NULL,NULL,NULL,NULL,1,0,'80687266-6761-43a2-bd98-f42349a9bb63','2019-06-01 17:54:58','2019-06-01 17:54:58'),('8x9kr4r-otzj-59em-rdmz','685C1',NULL,'$2y$10$7Nr7lHpeouo.3Swq.mM.3uNu0zjJmyyEGxgTOA1F9UYq7dXSFfyHK','USUARIO 685C1',NULL,NULL,NULL,NULL,NULL,NULL,NULL,NULL,1,0,'80687266-6761-43a2-bd98-f42349a9bb63','2019-06-01 17:54:15','2019-06-01 17:54:15'),('8ys3wra-ipmt-3cw0-nc5d','700B1',NULL,'$2y$10$7Nr7lHpeouo.3Swq.mM.3uNu0zjJmyyEGxgTOA1F9UYq7dXSFfyHK','USUARIO 700B1',NULL,NULL,NULL,NULL,NULL,NULL,NULL,NULL,1,0,'80687266-6761-43a2-bd98-f42349a9bb63','2019-06-01 17:54:24','2019-06-01 17:54:24'),('8yuhwcn-ebze-xnna-4ozh','693B1',NULL,'$2y$10$7Nr7lHpeouo.3Swq.mM.3uNu0zjJmyyEGxgTOA1F9UYq7dXSFfyHK','USUARIO 693B1',NULL,NULL,NULL,NULL,NULL,NULL,NULL,NULL,1,0,'80687266-6761-43a2-bd98-f42349a9bb63','2019-06-01 17:54:19','2019-06-01 17:54:19'),('8z0q9rb-nz05-dp9p-uml0','206B1',NULL,'$2y$10$7Nr7lHpeouo.3Swq.mM.3uNu0zjJmyyEGxgTOA1F9UYq7dXSFfyHK','USUARIO 206B1',NULL,NULL,NULL,NULL,NULL,NULL,NULL,NULL,1,0,'80687266-6761-43a2-bd98-f42349a9bb63','2019-06-01 17:54:53','2019-06-01 17:54:53'),('9a1ymcu-qlyf-d4lb-2ofe','738B1',NULL,'$2y$10$7Nr7lHpeouo.3Swq.mM.3uNu0zjJmyyEGxgTOA1F9UYq7dXSFfyHK','USUARIO 738B1',NULL,NULL,NULL,NULL,NULL,NULL,NULL,NULL,1,0,'80687266-6761-43a2-bd98-f42349a9bb63','2019-06-01 17:54:27','2019-06-01 17:54:27'),('9aosff9-muko-se7e-z4gn','681C1',NULL,'$2y$10$7Nr7lHpeouo.3Swq.mM.3uNu0zjJmyyEGxgTOA1F9UYq7dXSFfyHK','USUARIO 681C1',NULL,NULL,NULL,NULL,NULL,NULL,NULL,NULL,1,0,'80687266-6761-43a2-bd98-f42349a9bb63','2019-06-01 17:54:14','2019-06-01 17:54:14'),('9gm11b8-v2e0-cg6s-lf20','686B1',NULL,'$2y$10$7Nr7lHpeouo.3Swq.mM.3uNu0zjJmyyEGxgTOA1F9UYq7dXSFfyHK','USUARIO 686B1',NULL,NULL,NULL,NULL,NULL,NULL,NULL,NULL,1,0,'80687266-6761-43a2-bd98-f42349a9bb63','2019-06-01 17:54:18','2019-06-01 17:54:18'),('9k8mjqs-4jem-g43i-v1ia','699B1',NULL,'$2y$10$7Nr7lHpeouo.3Swq.mM.3uNu0zjJmyyEGxgTOA1F9UYq7dXSFfyHK','USUARIO 699B1',NULL,NULL,NULL,NULL,NULL,NULL,NULL,NULL,1,0,'80687266-6761-43a2-bd98-f42349a9bb63','2019-06-01 17:54:24','2019-06-01 17:54:24'),('9ne685e-ulmz-mws5-yf8u','675C1',NULL,'$2y$10$7Nr7lHpeouo.3Swq.mM.3uNu0zjJmyyEGxgTOA1F9UYq7dXSFfyHK','USUARIO 675C1',NULL,NULL,NULL,NULL,NULL,NULL,NULL,NULL,1,0,'80687266-6761-43a2-bd98-f42349a9bb63','2019-06-01 17:54:13','2019-06-01 17:54:13'),('a0e3jxe-2k09-6c5u-eqsh','722B1',NULL,'$2y$10$7Nr7lHpeouo.3Swq.mM.3uNu0zjJmyyEGxgTOA1F9UYq7dXSFfyHK','USUARIO 722B1',NULL,NULL,NULL,NULL,NULL,NULL,NULL,NULL,1,0,'80687266-6761-43a2-bd98-f42349a9bb63','2019-06-01 17:54:20','2019-06-01 17:54:20'),('a48c3tz-a2ri-8qb0-x3o9','720B1',NULL,'$2y$10$7Nr7lHpeouo.3Swq.mM.3uNu0zjJmyyEGxgTOA1F9UYq7dXSFfyHK','USUARIO 720B1',NULL,NULL,NULL,NULL,NULL,NULL,NULL,NULL,1,0,'80687266-6761-43a2-bd98-f42349a9bb63','2019-06-01 17:54:17','2019-06-01 17:54:17'),('a5yt3q6-9iwu-lxtz-yffu','697B1',NULL,'$2y$10$7Nr7lHpeouo.3Swq.mM.3uNu0zjJmyyEGxgTOA1F9UYq7dXSFfyHK','USUARIO 697B1',NULL,NULL,NULL,NULL,NULL,NULL,NULL,NULL,1,0,'80687266-6761-43a2-bd98-f42349a9bb63','2019-06-01 17:54:23','2019-06-01 17:54:23'),('aaa87ua-ryz9-44xl-tsl1','769C1',NULL,'$2y$10$7Nr7lHpeouo.3Swq.mM.3uNu0zjJmyyEGxgTOA1F9UYq7dXSFfyHK','USUARIO 769C1',NULL,NULL,NULL,NULL,NULL,NULL,NULL,NULL,1,0,'80687266-6761-43a2-bd98-f42349a9bb63','2019-06-01 17:54:56','2019-06-01 17:54:56'),('abx4zax-k56q-ne3e-iry0','875C9',NULL,'$2y$10$7Nr7lHpeouo.3Swq.mM.3uNu0zjJmyyEGxgTOA1F9UYq7dXSFfyHK','USUARIO 875C9',NULL,NULL,NULL,NULL,NULL,NULL,NULL,NULL,1,0,'80687266-6761-43a2-bd98-f42349a9bb63','2019-06-01 17:54:46','2019-06-01 17:54:46'),('aep627v-j25p-qfiq-2o5c','875C8',NULL,'$2y$10$7Nr7lHpeouo.3Swq.mM.3uNu0zjJmyyEGxgTOA1F9UYq7dXSFfyHK','USUARIO 875C8',NULL,NULL,NULL,NULL,NULL,NULL,NULL,NULL,1,0,'80687266-6761-43a2-bd98-f42349a9bb63','2019-06-01 17:54:46','2019-06-01 17:54:46'),('afbjgfz-omv6-cyca-s225','875C18',NULL,'$2y$10$7Nr7lHpeouo.3Swq.mM.3uNu0zjJmyyEGxgTOA1F9UYq7dXSFfyHK','USUARIO 875C18',NULL,NULL,NULL,NULL,NULL,NULL,NULL,NULL,1,0,'80687266-6761-43a2-bd98-f42349a9bb63','2019-06-01 17:54:47','2019-06-01 17:54:47'),('akxzkgn-efzh-sxml-jfhh','702C1',NULL,'$2y$10$7Nr7lHpeouo.3Swq.mM.3uNu0zjJmyyEGxgTOA1F9UYq7dXSFfyHK','USUARIO 702C1',NULL,NULL,NULL,NULL,NULL,NULL,NULL,NULL,1,0,'80687266-6761-43a2-bd98-f42349a9bb63','2019-06-01 17:54:25','2019-06-01 17:54:25'),('anejaw9-owpa-dfvd-osf4','874C1',NULL,'$2y$10$7Nr7lHpeouo.3Swq.mM.3uNu0zjJmyyEGxgTOA1F9UYq7dXSFfyHK','USUARIO 874C1',NULL,NULL,NULL,NULL,NULL,NULL,NULL,NULL,1,0,'80687266-6761-43a2-bd98-f42349a9bb63','2019-06-01 17:54:43','2019-06-01 17:54:43'),('anma4za-twae-xyl4-yd58','911B1',NULL,'$2y$10$7Nr7lHpeouo.3Swq.mM.3uNu0zjJmyyEGxgTOA1F9UYq7dXSFfyHK','USUARIO 911B1',NULL,NULL,NULL,NULL,NULL,NULL,NULL,NULL,1,0,'80687266-6761-43a2-bd98-f42349a9bb63','2019-06-01 17:54:18','2019-06-01 17:54:18'),('auj9jys-qh1r-04uo-upcn','673B1',NULL,'$2y$10$7Nr7lHpeouo.3Swq.mM.3uNu0zjJmyyEGxgTOA1F9UYq7dXSFfyHK','USUARIO 673B1',NULL,NULL,NULL,NULL,NULL,NULL,NULL,NULL,1,0,'80687266-6761-43a2-bd98-f42349a9bb63','2019-06-01 17:54:13','2019-06-01 17:54:13'),('ay7bx7h-w7cu-z425-6leq','875C2',NULL,'$2y$10$7Nr7lHpeouo.3Swq.mM.3uNu0zjJmyyEGxgTOA1F9UYq7dXSFfyHK','USUARIO 875C2',NULL,NULL,NULL,NULL,NULL,NULL,NULL,NULL,1,0,'80687266-6761-43a2-bd98-f42349a9bb63','2019-06-01 17:54:45','2019-06-01 17:54:45'),('b9rjjct-7pck-mev1-j1nb','888C2',NULL,'$2y$10$7Nr7lHpeouo.3Swq.mM.3uNu0zjJmyyEGxgTOA1F9UYq7dXSFfyHK','USUARIO 888C2',NULL,NULL,NULL,NULL,NULL,NULL,NULL,NULL,1,0,'80687266-6761-43a2-bd98-f42349a9bb63','2019-06-01 17:54:36','2019-06-01 17:54:36'),('b9x548u-o7by-kjas-g5l0','897B1',NULL,'$2y$10$7Nr7lHpeouo.3Swq.mM.3uNu0zjJmyyEGxgTOA1F9UYq7dXSFfyHK','USUARIO 897B1',NULL,NULL,NULL,NULL,NULL,NULL,NULL,NULL,1,0,'80687266-6761-43a2-bd98-f42349a9bb63','2019-06-01 17:54:33','2019-06-01 17:54:33'),('ba9q5r1-a0fl-756c-bps6','877C1',NULL,'$2y$10$7Nr7lHpeouo.3Swq.mM.3uNu0zjJmyyEGxgTOA1F9UYq7dXSFfyHK','USUARIO 877C1',NULL,NULL,NULL,NULL,NULL,NULL,NULL,NULL,1,0,'80687266-6761-43a2-bd98-f42349a9bb63','2019-06-01 17:54:43','2019-06-01 17:54:43'),('bf34lzw-lqso-94wk-sn10','763S1',NULL,'$2y$10$7Nr7lHpeouo.3Swq.mM.3uNu0zjJmyyEGxgTOA1F9UYq7dXSFfyHK','USUARIO 763S1',NULL,NULL,NULL,NULL,NULL,NULL,NULL,NULL,1,0,'80687266-6761-43a2-bd98-f42349a9bb63','2019-06-01 17:54:49','2019-06-01 17:54:49'),('biwh29h-ec1m-pq45-fgyk','681C6',NULL,'$2y$10$7Nr7lHpeouo.3Swq.mM.3uNu0zjJmyyEGxgTOA1F9UYq7dXSFfyHK','USUARIO 681C6',NULL,NULL,NULL,NULL,NULL,NULL,NULL,NULL,1,0,'80687266-6761-43a2-bd98-f42349a9bb63','2019-06-01 17:54:14','2019-06-01 17:54:14'),('bmtfgmj-wd52-35vo-f8p1','875C3',NULL,'$2y$10$7Nr7lHpeouo.3Swq.mM.3uNu0zjJmyyEGxgTOA1F9UYq7dXSFfyHK','USUARIO 875C3',NULL,NULL,NULL,NULL,NULL,NULL,NULL,NULL,1,0,'80687266-6761-43a2-bd98-f42349a9bb63','2019-06-01 17:54:45','2019-06-01 17:54:45'),('bxnb7my-2eha-ab6x-fbkw','768C2',NULL,'$2y$10$7Nr7lHpeouo.3Swq.mM.3uNu0zjJmyyEGxgTOA1F9UYq7dXSFfyHK','USUARIO 768C2',NULL,NULL,NULL,NULL,NULL,NULL,NULL,NULL,1,0,'80687266-6761-43a2-bd98-f42349a9bb63','2019-06-01 17:54:58','2019-06-01 17:54:58'),('byhigim-1jt6-rxyc-mjqa','672C1',NULL,'$2y$10$7Nr7lHpeouo.3Swq.mM.3uNu0zjJmyyEGxgTOA1F9UYq7dXSFfyHK','USUARIO 672C1',NULL,NULL,NULL,NULL,NULL,NULL,NULL,NULL,1,0,'80687266-6761-43a2-bd98-f42349a9bb63','2019-06-01 17:54:13','2019-06-01 17:54:13'),('c532ltp-jy81-p0vv-v5jn','773C1',NULL,'$2y$10$7Nr7lHpeouo.3Swq.mM.3uNu0zjJmyyEGxgTOA1F9UYq7dXSFfyHK','USUARIO 773C1',NULL,NULL,NULL,NULL,NULL,NULL,NULL,NULL,1,0,'80687266-6761-43a2-bd98-f42349a9bb63','2019-06-01 17:54:57','2019-06-01 17:54:57'),('cl6a7cl-2lvd-mj99-2igm','725C1',NULL,'$2y$10$7Nr7lHpeouo.3Swq.mM.3uNu0zjJmyyEGxgTOA1F9UYq7dXSFfyHK','USUARIO 725C1',NULL,NULL,NULL,NULL,NULL,NULL,NULL,NULL,1,0,'80687266-6761-43a2-bd98-f42349a9bb63','2019-06-01 17:54:21','2019-06-01 17:54:21'),('clzbeb5-cmal-zgsp-e96a','875C22',NULL,'$2y$10$7Nr7lHpeouo.3Swq.mM.3uNu0zjJmyyEGxgTOA1F9UYq7dXSFfyHK','USUARIO 875C22',NULL,NULL,NULL,NULL,NULL,NULL,NULL,NULL,1,0,'80687266-6761-43a2-bd98-f42349a9bb63','2019-06-01 17:54:48','2019-06-01 17:54:48'),('cnhckl1-qziw-rvga-sib8','711C1',NULL,'$2y$10$7Nr7lHpeouo.3Swq.mM.3uNu0zjJmyyEGxgTOA1F9UYq7dXSFfyHK','USUARIO 711C1',NULL,NULL,NULL,NULL,NULL,NULL,NULL,NULL,1,0,'80687266-6761-43a2-bd98-f42349a9bb63','2019-06-01 17:54:16','2019-06-01 17:54:16'),('cnozqpv-l558-wohl-smvu','768C1',NULL,'$2y$10$7Nr7lHpeouo.3Swq.mM.3uNu0zjJmyyEGxgTOA1F9UYq7dXSFfyHK','USUARIO 768C1',NULL,NULL,NULL,NULL,NULL,NULL,NULL,NULL,1,0,'80687266-6761-43a2-bd98-f42349a9bb63','2019-06-01 17:54:58','2019-06-01 17:54:58'),('cv9mrfv-deez-n6kv-i3xx','735B1',NULL,'$2y$10$7Nr7lHpeouo.3Swq.mM.3uNu0zjJmyyEGxgTOA1F9UYq7dXSFfyHK','USUARIO 735B1',NULL,NULL,NULL,NULL,NULL,NULL,NULL,NULL,1,0,'80687266-6761-43a2-bd98-f42349a9bb63','2019-06-01 17:54:31','2019-06-01 17:54:31'),('cvtlmf2-eudw-770c-50tr','680C5',NULL,'$2y$10$7Nr7lHpeouo.3Swq.mM.3uNu0zjJmyyEGxgTOA1F9UYq7dXSFfyHK','USUARIO 680C5',NULL,NULL,NULL,NULL,NULL,NULL,NULL,NULL,1,0,'80687266-6761-43a2-bd98-f42349a9bb63','2019-06-01 17:54:12','2019-06-01 17:54:12'),('cy87a9v-q6ut-j2kz-i9im','206C5',NULL,'$2y$10$7Nr7lHpeouo.3Swq.mM.3uNu0zjJmyyEGxgTOA1F9UYq7dXSFfyHK','USUARIO 206C5',NULL,NULL,NULL,NULL,NULL,NULL,NULL,NULL,1,0,'80687266-6761-43a2-bd98-f42349a9bb63','2019-06-01 17:54:54','2019-06-01 17:54:54'),('d2habuh-rji3-25vf-rxk4','695B1',NULL,'$2y$10$7Nr7lHpeouo.3Swq.mM.3uNu0zjJmyyEGxgTOA1F9UYq7dXSFfyHK','USUARIO 695B1',NULL,NULL,NULL,NULL,NULL,NULL,NULL,NULL,1,0,'80687266-6761-43a2-bd98-f42349a9bb63','2019-06-01 17:54:23','2019-06-01 17:54:23'),('dbq0oa8-z4u6-c4jc-hohp','874C5',NULL,'$2y$10$7Nr7lHpeouo.3Swq.mM.3uNu0zjJmyyEGxgTOA1F9UYq7dXSFfyHK','USUARIO 874C5',NULL,NULL,NULL,NULL,NULL,NULL,NULL,NULL,1,0,'80687266-6761-43a2-bd98-f42349a9bb63','2019-06-01 17:54:44','2019-06-01 17:54:44'),('dmhrre7-qdle-i2zi-zgjh','734C1',NULL,'$2y$10$7Nr7lHpeouo.3Swq.mM.3uNu0zjJmyyEGxgTOA1F9UYq7dXSFfyHK','USUARIO 734C1',NULL,NULL,NULL,NULL,NULL,NULL,NULL,NULL,1,0,'80687266-6761-43a2-bd98-f42349a9bb63','2019-06-01 17:54:31','2019-06-01 17:54:31'),('dn91bv1-v8yy-wf5j-8b5j','692B1',NULL,'$2y$10$7Nr7lHpeouo.3Swq.mM.3uNu0zjJmyyEGxgTOA1F9UYq7dXSFfyHK','USUARIO 692B1',NULL,NULL,NULL,NULL,NULL,NULL,NULL,NULL,1,0,'80687266-6761-43a2-bd98-f42349a9bb63','2019-06-01 17:54:19','2019-06-01 17:54:19'),('dpek21x-lolu-5b1k-pvrn','875C5',NULL,'$2y$10$7Nr7lHpeouo.3Swq.mM.3uNu0zjJmyyEGxgTOA1F9UYq7dXSFfyHK','USUARIO 875C5',NULL,NULL,NULL,NULL,NULL,NULL,NULL,NULL,1,0,'80687266-6761-43a2-bd98-f42349a9bb63','2019-06-01 17:54:45','2019-06-01 17:54:45'),('dypwx9j-khn1-ikrr-qehf','763B1',NULL,'$2y$10$7Nr7lHpeouo.3Swq.mM.3uNu0zjJmyyEGxgTOA1F9UYq7dXSFfyHK','USUARIO 763B1',NULL,NULL,NULL,NULL,NULL,NULL,NULL,NULL,1,0,'80687266-6761-43a2-bd98-f42349a9bb63','2019-06-01 17:54:48','2019-06-01 17:54:48'),('e830ao8-qslu-qjke-oprd','902B1',NULL,'$2y$10$7Nr7lHpeouo.3Swq.mM.3uNu0zjJmyyEGxgTOA1F9UYq7dXSFfyHK','USUARIO 902B1',NULL,NULL,NULL,NULL,NULL,NULL,NULL,NULL,1,0,'80687266-6761-43a2-bd98-f42349a9bb63','2019-06-01 17:54:34','2019-06-01 17:54:34'),('eci8h3l-f0od-i2bh-7zwn','206S1',NULL,'$2y$10$7Nr7lHpeouo.3Swq.mM.3uNu0zjJmyyEGxgTOA1F9UYq7dXSFfyHK','USUARIO 206S1',NULL,NULL,NULL,NULL,NULL,NULL,NULL,NULL,1,0,'80687266-6761-43a2-bd98-f42349a9bb63','2019-06-01 17:54:48','2019-06-01 17:54:48'),('eh44n6p-8y0o-vulf-x0m8','901B1',NULL,'$2y$10$7Nr7lHpeouo.3Swq.mM.3uNu0zjJmyyEGxgTOA1F9UYq7dXSFfyHK','USUARIO 901B1',NULL,NULL,NULL,NULL,NULL,NULL,NULL,NULL,1,0,'80687266-6761-43a2-bd98-f42349a9bb63','2019-06-01 17:54:32','2019-06-01 17:54:32'),('ehdn430-uf4t-abc0-m7ir','890C1',NULL,'$2y$10$7Nr7lHpeouo.3Swq.mM.3uNu0zjJmyyEGxgTOA1F9UYq7dXSFfyHK','USUARIO 890C1',NULL,NULL,NULL,NULL,NULL,NULL,NULL,NULL,1,0,'80687266-6761-43a2-bd98-f42349a9bb63','2019-06-01 17:54:37','2019-06-01 17:54:37'),('ei19o12-qhri-wssw-v0i9','894B1',NULL,'$2y$10$7Nr7lHpeouo.3Swq.mM.3uNu0zjJmyyEGxgTOA1F9UYq7dXSFfyHK','USUARIO 894B1',NULL,NULL,NULL,NULL,NULL,NULL,NULL,NULL,1,0,'80687266-6761-43a2-bd98-f42349a9bb63','2019-06-01 17:54:33','2019-06-01 17:54:33'),('enil1lr-83xj-p7zn-pq4g','767C1',NULL,'$2y$10$7Nr7lHpeouo.3Swq.mM.3uNu0zjJmyyEGxgTOA1F9UYq7dXSFfyHK','USUARIO 767C1',NULL,NULL,NULL,NULL,NULL,NULL,NULL,NULL,1,0,'80687266-6761-43a2-bd98-f42349a9bb63','2019-06-01 17:54:56','2019-06-01 17:54:56'),('er7eio5-p4x7-bjvh-h6oy','876C4',NULL,'$2y$10$7Nr7lHpeouo.3Swq.mM.3uNu0zjJmyyEGxgTOA1F9UYq7dXSFfyHK','USUARIO 876C4',NULL,NULL,NULL,NULL,NULL,NULL,NULL,NULL,1,0,'80687266-6761-43a2-bd98-f42349a9bb63','2019-06-01 17:54:42','2019-06-01 17:54:42'),('ergblcm-bqgy-0dgt-pkiz','753B1',NULL,'$2y$10$7Nr7lHpeouo.3Swq.mM.3uNu0zjJmyyEGxgTOA1F9UYq7dXSFfyHK','USUARIO 753B1',NULL,NULL,NULL,NULL,NULL,NULL,NULL,NULL,1,0,'80687266-6761-43a2-bd98-f42349a9bb63','2019-06-01 17:54:51','2019-06-01 17:54:51'),('erw6thz-9osz-bkw5-54fr','681C5',NULL,'$2y$10$7Nr7lHpeouo.3Swq.mM.3uNu0zjJmyyEGxgTOA1F9UYq7dXSFfyHK','USUARIO 681C5',NULL,NULL,NULL,NULL,NULL,NULL,NULL,NULL,1,0,'80687266-6761-43a2-bd98-f42349a9bb63','2019-06-01 17:54:14','2019-06-01 17:54:14'),('et1cecl-3t9s-caxe-5m8j','709C1',NULL,'$2y$10$7Nr7lHpeouo.3Swq.mM.3uNu0zjJmyyEGxgTOA1F9UYq7dXSFfyHK','USUARIO 709C1',NULL,NULL,NULL,NULL,NULL,NULL,NULL,NULL,1,0,'80687266-6761-43a2-bd98-f42349a9bb63','2019-06-01 17:54:23','2019-06-01 17:54:23'),('ezup593-7jct-8pqs-sd9j','688B1',NULL,'$2y$10$7Nr7lHpeouo.3Swq.mM.3uNu0zjJmyyEGxgTOA1F9UYq7dXSFfyHK','USUARIO 688B1',NULL,NULL,NULL,NULL,NULL,NULL,NULL,NULL,1,0,'80687266-6761-43a2-bd98-f42349a9bb63','2019-06-01 17:54:15','2019-06-01 17:54:15'),('f0gbtet-4guj-qxyx-lq5z','875C6',NULL,'$2y$10$7Nr7lHpeouo.3Swq.mM.3uNu0zjJmyyEGxgTOA1F9UYq7dXSFfyHK','USUARIO 875C6',NULL,NULL,NULL,NULL,NULL,NULL,NULL,NULL,1,0,'80687266-6761-43a2-bd98-f42349a9bb63','2019-06-01 17:54:46','2019-06-01 17:54:46'),('f8u8g0a-9861-wrbj-hskn','875C1',NULL,'$2y$10$7Nr7lHpeouo.3Swq.mM.3uNu0zjJmyyEGxgTOA1F9UYq7dXSFfyHK','USUARIO 875C1',NULL,NULL,NULL,NULL,NULL,NULL,NULL,NULL,1,0,'80687266-6761-43a2-bd98-f42349a9bb63','2019-06-01 17:54:45','2019-06-01 17:54:45'),('fawsllk-v0ht-xi2b-dff6','684B1',NULL,'$2y$10$7Nr7lHpeouo.3Swq.mM.3uNu0zjJmyyEGxgTOA1F9UYq7dXSFfyHK','USUARIO 684B1',NULL,NULL,NULL,NULL,NULL,NULL,NULL,NULL,1,0,'80687266-6761-43a2-bd98-f42349a9bb63','2019-06-01 17:54:14','2019-06-01 17:54:14'),('fg59fdp-lqt6-2j88-qvu5','206C12',NULL,'$2y$10$7Nr7lHpeouo.3Swq.mM.3uNu0zjJmyyEGxgTOA1F9UYq7dXSFfyHK','USUARIO 206C12',NULL,NULL,NULL,NULL,NULL,NULL,NULL,NULL,1,0,'80687266-6761-43a2-bd98-f42349a9bb63','2019-06-01 17:54:55','2019-06-01 17:54:55'),('fif3ovp-7hg2-0gnm-k3lz','679B1',NULL,'$2y$10$7Nr7lHpeouo.3Swq.mM.3uNu0zjJmyyEGxgTOA1F9UYq7dXSFfyHK','USUARIO 679B1',NULL,NULL,NULL,NULL,NULL,NULL,NULL,NULL,1,0,'80687266-6761-43a2-bd98-f42349a9bb63','2019-06-01 17:54:11','2019-06-01 17:54:11'),('fiykok1-66b4-3zxp-w3gb','206C9',NULL,'$2y$10$7Nr7lHpeouo.3Swq.mM.3uNu0zjJmyyEGxgTOA1F9UYq7dXSFfyHK','USUARIO 206C9',NULL,NULL,NULL,NULL,NULL,NULL,NULL,NULL,1,0,'80687266-6761-43a2-bd98-f42349a9bb63','2019-06-01 17:54:54','2019-06-01 17:54:54'),('flnefhv-ne5m-ku8d-lwbe','720C2',NULL,'$2y$10$7Nr7lHpeouo.3Swq.mM.3uNu0zjJmyyEGxgTOA1F9UYq7dXSFfyHK','USUARIO 720C2',NULL,NULL,NULL,NULL,NULL,NULL,NULL,NULL,1,0,'80687266-6761-43a2-bd98-f42349a9bb63','2019-06-01 17:54:18','2019-06-01 17:54:18'),('fo434qw-vmyr-6kyt-2wvr','206C7',NULL,'$2y$10$7Nr7lHpeouo.3Swq.mM.3uNu0zjJmyyEGxgTOA1F9UYq7dXSFfyHK','USUARIO 206C7',NULL,NULL,NULL,NULL,NULL,NULL,NULL,NULL,1,0,'80687266-6761-43a2-bd98-f42349a9bb63','2019-06-01 17:54:54','2019-06-01 17:54:54'),('fo9kp6m-fghu-oz9s-863p','206C4',NULL,'$2y$10$7Nr7lHpeouo.3Swq.mM.3uNu0zjJmyyEGxgTOA1F9UYq7dXSFfyHK','USUARIO 206C4',NULL,NULL,NULL,NULL,NULL,NULL,NULL,NULL,1,0,'80687266-6761-43a2-bd98-f42349a9bb63','2019-06-01 17:54:54','2019-06-01 17:54:54'),('fsb553a-p14h-epw6-34p5','206C3',NULL,'$2y$10$7Nr7lHpeouo.3Swq.mM.3uNu0zjJmyyEGxgTOA1F9UYq7dXSFfyHK','USUARIO 206C3',NULL,NULL,NULL,NULL,NULL,NULL,NULL,NULL,1,0,'80687266-6761-43a2-bd98-f42349a9bb63','2019-06-01 17:54:54','2019-06-01 17:54:54'),('fvyrut5-yxqe-nhs2-pvbm','692C1',NULL,'$2y$10$7Nr7lHpeouo.3Swq.mM.3uNu0zjJmyyEGxgTOA1F9UYq7dXSFfyHK','USUARIO 692C1',NULL,NULL,NULL,NULL,NULL,NULL,NULL,NULL,1,0,'80687266-6761-43a2-bd98-f42349a9bb63','2019-06-01 17:54:19','2019-06-01 17:54:19'),('g1k3pqj-dmhb-pax1-6j1s','744B1',NULL,'$2y$10$7Nr7lHpeouo.3Swq.mM.3uNu0zjJmyyEGxgTOA1F9UYq7dXSFfyHK','USUARIO 744B1',NULL,NULL,NULL,NULL,NULL,NULL,NULL,NULL,1,0,'80687266-6761-43a2-bd98-f42349a9bb63','2019-06-01 17:54:51','2019-06-01 17:54:51'),('g4mbq84-r53f-mj0p-pd24','678B1',NULL,'$2y$10$7Nr7lHpeouo.3Swq.mM.3uNu0zjJmyyEGxgTOA1F9UYq7dXSFfyHK','USUARIO 678B1',NULL,NULL,NULL,NULL,NULL,NULL,NULL,NULL,1,0,'80687266-6761-43a2-bd98-f42349a9bb63','2019-06-01 17:54:11','2019-06-01 17:54:11'),('g8gca32-dekq-dgbx-9b52','717B1',NULL,'$2y$10$7Nr7lHpeouo.3Swq.mM.3uNu0zjJmyyEGxgTOA1F9UYq7dXSFfyHK','USUARIO 717B1',NULL,NULL,NULL,NULL,NULL,NULL,NULL,NULL,1,0,'80687266-6761-43a2-bd98-f42349a9bb63','2019-06-01 17:54:20','2019-06-01 17:54:20'),('gat1wvq-6ac0-3qll-3a84','898B1',NULL,'$2y$10$7Nr7lHpeouo.3Swq.mM.3uNu0zjJmyyEGxgTOA1F9UYq7dXSFfyHK','USUARIO 898B1',NULL,NULL,NULL,NULL,NULL,NULL,NULL,NULL,1,0,'80687266-6761-43a2-bd98-f42349a9bb63','2019-06-01 17:54:32','2019-06-01 17:54:32'),('gbgrodh-yrc7-43l1-gqn0','691B1',NULL,'$2y$10$7Nr7lHpeouo.3Swq.mM.3uNu0zjJmyyEGxgTOA1F9UYq7dXSFfyHK','USUARIO 691B1',NULL,NULL,NULL,NULL,NULL,NULL,NULL,NULL,1,0,'80687266-6761-43a2-bd98-f42349a9bb63','2019-06-01 17:54:15','2019-06-01 17:54:15'),('gdqxq86-nf3k-u094-ri4u','682B1',NULL,'$2y$10$7Nr7lHpeouo.3Swq.mM.3uNu0zjJmyyEGxgTOA1F9UYq7dXSFfyHK','USUARIO 682B1',NULL,NULL,NULL,NULL,NULL,NULL,NULL,NULL,1,0,'80687266-6761-43a2-bd98-f42349a9bb63','2019-06-01 17:54:15','2019-06-01 17:54:15'),('ge5q99s-xplu-qqfm-jwmz','726C1',NULL,'$2y$10$7Nr7lHpeouo.3Swq.mM.3uNu0zjJmyyEGxgTOA1F9UYq7dXSFfyHK','USUARIO 726C1',NULL,NULL,NULL,NULL,NULL,NULL,NULL,NULL,1,0,'80687266-6761-43a2-bd98-f42349a9bb63','2019-06-01 17:54:17','2019-06-01 17:54:17'),('gge435d-iqmn-lico-xhey','704C1',NULL,'$2y$10$7Nr7lHpeouo.3Swq.mM.3uNu0zjJmyyEGxgTOA1F9UYq7dXSFfyHK','USUARIO 704C1',NULL,NULL,NULL,NULL,NULL,NULL,NULL,NULL,1,0,'80687266-6761-43a2-bd98-f42349a9bb63','2019-06-01 17:54:26','2019-06-01 17:54:26'),('gghhed8-a393-p6th-8qar','680C1',NULL,'$2y$10$7Nr7lHpeouo.3Swq.mM.3uNu0zjJmyyEGxgTOA1F9UYq7dXSFfyHK','USUARIO 680C1',NULL,NULL,NULL,NULL,NULL,NULL,NULL,NULL,1,0,'80687266-6761-43a2-bd98-f42349a9bb63','2019-06-01 17:54:12','2019-06-01 17:54:12'),('gja3rmt-rfny-nb5e-emj9','920B1',NULL,'$2y$10$7Nr7lHpeouo.3Swq.mM.3uNu0zjJmyyEGxgTOA1F9UYq7dXSFfyHK','USUARIO 920B1',NULL,NULL,NULL,NULL,NULL,NULL,NULL,NULL,1,0,'80687266-6761-43a2-bd98-f42349a9bb63','2019-06-01 17:54:30','2019-06-01 17:54:30'),('gl7hek3-z117-v4xz-m61k','875C17',NULL,'$2y$10$7Nr7lHpeouo.3Swq.mM.3uNu0zjJmyyEGxgTOA1F9UYq7dXSFfyHK','USUARIO 875C17',NULL,NULL,NULL,NULL,NULL,NULL,NULL,NULL,1,0,'80687266-6761-43a2-bd98-f42349a9bb63','2019-06-01 17:54:47','2019-06-01 17:54:47'),('gn5p6xp-vtze-7n27-rzil','206C13',NULL,'$2y$10$7Nr7lHpeouo.3Swq.mM.3uNu0zjJmyyEGxgTOA1F9UYq7dXSFfyHK','USUARIO 206C13',NULL,NULL,NULL,NULL,NULL,NULL,NULL,NULL,1,0,'80687266-6761-43a2-bd98-f42349a9bb63','2019-06-01 17:54:55','2019-06-01 17:54:55'),('gpgzq3c-wot7-8ojn-ujha','206C14',NULL,'$2y$10$7Nr7lHpeouo.3Swq.mM.3uNu0zjJmyyEGxgTOA1F9UYq7dXSFfyHK','USUARIO 206C14',NULL,NULL,NULL,NULL,NULL,NULL,NULL,NULL,1,0,'80687266-6761-43a2-bd98-f42349a9bb63','2019-06-01 17:54:55','2019-06-01 17:54:55'),('gq9dy08-yqyu-fxpa-68ze','698C1',NULL,'$2y$10$7Nr7lHpeouo.3Swq.mM.3uNu0zjJmyyEGxgTOA1F9UYq7dXSFfyHK','USUARIO 698C1',NULL,NULL,NULL,NULL,NULL,NULL,NULL,NULL,1,0,'80687266-6761-43a2-bd98-f42349a9bb63','2019-06-01 17:54:24','2019-06-01 17:54:24'),('gqexdoe-gms5-eb0x-y6gi','883C1',NULL,'$2y$10$7Nr7lHpeouo.3Swq.mM.3uNu0zjJmyyEGxgTOA1F9UYq7dXSFfyHK','USUARIO 883C1',NULL,NULL,NULL,NULL,NULL,NULL,NULL,NULL,1,0,'80687266-6761-43a2-bd98-f42349a9bb63','2019-06-01 17:54:38','2019-06-01 17:54:38'),('grp6dp6-oef9-3ymd-4izy','696B1',NULL,'$2y$10$7Nr7lHpeouo.3Swq.mM.3uNu0zjJmyyEGxgTOA1F9UYq7dXSFfyHK','USUARIO 696B1',NULL,NULL,NULL,NULL,NULL,NULL,NULL,NULL,1,0,'80687266-6761-43a2-bd98-f42349a9bb63','2019-06-01 17:54:23','2019-06-01 17:54:23'),('gttynwg-lbm9-r7vg-ap0p','767B1',NULL,'$2y$10$7Nr7lHpeouo.3Swq.mM.3uNu0zjJmyyEGxgTOA1F9UYq7dXSFfyHK','USUARIO 767B1',NULL,NULL,NULL,NULL,NULL,NULL,NULL,NULL,1,0,'80687266-6761-43a2-bd98-f42349a9bb63','2019-06-01 17:54:56','2019-06-01 17:54:56'),('gvxc0wc-yzw0-tcnr-m8n8','910B1',NULL,'$2y$10$7Nr7lHpeouo.3Swq.mM.3uNu0zjJmyyEGxgTOA1F9UYq7dXSFfyHK','USUARIO 910B1',NULL,NULL,NULL,NULL,NULL,NULL,NULL,NULL,1,0,'80687266-6761-43a2-bd98-f42349a9bb63','2019-06-01 17:54:29','2019-06-01 17:54:29'),('gz8otkx-f0p1-vm0w-bhxl','680C3',NULL,'$2y$10$7Nr7lHpeouo.3Swq.mM.3uNu0zjJmyyEGxgTOA1F9UYq7dXSFfyHK','USUARIO 680C3',NULL,NULL,NULL,NULL,NULL,NULL,NULL,NULL,1,0,'80687266-6761-43a2-bd98-f42349a9bb63','2019-06-01 17:54:12','2019-06-01 17:54:12'),('h03cyjw-x6qq-qbyz-b1ut','759B1',NULL,'$2y$10$7Nr7lHpeouo.3Swq.mM.3uNu0zjJmyyEGxgTOA1F9UYq7dXSFfyHK','USUARIO 759B1',NULL,NULL,NULL,NULL,NULL,NULL,NULL,NULL,1,0,'80687266-6761-43a2-bd98-f42349a9bb63','2019-06-01 17:54:50','2019-06-01 17:54:50'),('h68aqc9-6lb2-n1gf-19f8','675C3',NULL,'$2y$10$7Nr7lHpeouo.3Swq.mM.3uNu0zjJmyyEGxgTOA1F9UYq7dXSFfyHK','USUARIO 675C3',NULL,NULL,NULL,NULL,NULL,NULL,NULL,NULL,1,0,'80687266-6761-43a2-bd98-f42349a9bb63','2019-06-01 17:54:13','2019-06-01 17:54:13'),('hq32349-6zl1-w72d-ub2c','728B1',NULL,'$2y$10$7Nr7lHpeouo.3Swq.mM.3uNu0zjJmyyEGxgTOA1F9UYq7dXSFfyHK','USUARIO 728B1',NULL,NULL,NULL,NULL,NULL,NULL,NULL,NULL,1,0,'80687266-6761-43a2-bd98-f42349a9bb63','2019-06-01 17:54:18','2019-06-01 17:54:18'),('hqy0rtk-ueb1-fuv4-z1ou','703C1',NULL,'$2y$10$7Nr7lHpeouo.3Swq.mM.3uNu0zjJmyyEGxgTOA1F9UYq7dXSFfyHK','USUARIO 703C1',NULL,NULL,NULL,NULL,NULL,NULL,NULL,NULL,1,0,'80687266-6761-43a2-bd98-f42349a9bb63','2019-06-01 17:54:26','2019-06-01 17:54:26'),('huukphm-mnmg-gi34-lqhn','716B1',NULL,'$2y$10$7Nr7lHpeouo.3Swq.mM.3uNu0zjJmyyEGxgTOA1F9UYq7dXSFfyHK','USUARIO 716B1',NULL,NULL,NULL,NULL,NULL,NULL,NULL,NULL,1,0,'80687266-6761-43a2-bd98-f42349a9bb63','2019-06-01 17:54:20','2019-06-01 17:54:20'),('hwpdhxx-zuer-864t-fu85','889C1',NULL,'$2y$10$7Nr7lHpeouo.3Swq.mM.3uNu0zjJmyyEGxgTOA1F9UYq7dXSFfyHK','USUARIO 889C1',NULL,NULL,NULL,NULL,NULL,NULL,NULL,NULL,1,0,'80687266-6761-43a2-bd98-f42349a9bb63','2019-06-01 17:54:39','2019-06-01 17:54:39'),('hzw2ei3-cewr-l3cy-cn0i','cristinaT',NULL,'$2y$10$Tt7QO3QyKR0VRX3JkYDLPOnzrNQOUiQyQKhl2lcXGpwyq9ui8uCbS','CRISTINA','TORRES',NULL,NULL,NULL,NULL,NULL,NULL,NULL,1,1,'5197c80d-2d30-4225-a757-b31592c9e0f0','2018-06-27 21:43:12','2018-06-27 21:43:12'),('i7oln0p-82z9-p39o-vaut','702B1',NULL,'$2y$10$7Nr7lHpeouo.3Swq.mM.3uNu0zjJmyyEGxgTOA1F9UYq7dXSFfyHK','USUARIO 702B1',NULL,NULL,NULL,NULL,NULL,NULL,NULL,NULL,1,0,'80687266-6761-43a2-bd98-f42349a9bb63','2019-06-01 17:54:25','2019-06-01 17:54:25'),('ia3buun-l0b3-3xhr-4sjk','881C2',NULL,'$2y$10$7Nr7lHpeouo.3Swq.mM.3uNu0zjJmyyEGxgTOA1F9UYq7dXSFfyHK','USUARIO 881C2',NULL,NULL,NULL,NULL,NULL,NULL,NULL,NULL,1,0,'80687266-6761-43a2-bd98-f42349a9bb63','2019-06-01 17:54:38','2019-06-01 17:54:38'),('icaj7x7-olyj-hm1g-ld9s','875C25',NULL,'$2y$10$7Nr7lHpeouo.3Swq.mM.3uNu0zjJmyyEGxgTOA1F9UYq7dXSFfyHK','USUARIO 875C25',NULL,NULL,NULL,NULL,NULL,NULL,NULL,NULL,1,0,'80687266-6761-43a2-bd98-f42349a9bb63','2019-06-01 17:54:48','2019-06-01 17:54:48'),('iccj6ng-obg9-bz1b-oq8z','768C5',NULL,'$2y$10$7Nr7lHpeouo.3Swq.mM.3uNu0zjJmyyEGxgTOA1F9UYq7dXSFfyHK','USUARIO 768C5',NULL,NULL,NULL,NULL,NULL,NULL,NULL,NULL,1,0,'80687266-6761-43a2-bd98-f42349a9bb63','2019-06-01 17:54:58','2019-06-01 17:54:58'),('iczujql-nocp-ksyx-a65j','757B1',NULL,'$2y$10$7Nr7lHpeouo.3Swq.mM.3uNu0zjJmyyEGxgTOA1F9UYq7dXSFfyHK','USUARIO 757B1',NULL,NULL,NULL,NULL,NULL,NULL,NULL,NULL,1,0,'80687266-6761-43a2-bd98-f42349a9bb63','2019-06-01 17:54:49','2019-06-01 17:54:49'),('id5ocuq-jgya-dc2r-w9me','694C1',NULL,'$2y$10$7Nr7lHpeouo.3Swq.mM.3uNu0zjJmyyEGxgTOA1F9UYq7dXSFfyHK','USUARIO 694C1',NULL,NULL,NULL,NULL,NULL,NULL,NULL,NULL,1,0,'80687266-6761-43a2-bd98-f42349a9bb63','2019-06-01 17:54:22','2019-06-01 17:54:22'),('ij4jp02-qesz-tegn-x1kx','719C1',NULL,'$2y$10$7Nr7lHpeouo.3Swq.mM.3uNu0zjJmyyEGxgTOA1F9UYq7dXSFfyHK','USUARIO 719C1',NULL,NULL,NULL,NULL,NULL,NULL,NULL,NULL,1,0,'80687266-6761-43a2-bd98-f42349a9bb63','2019-06-01 17:54:17','2019-06-01 17:54:17'),('insg3tz-zkx6-srsk-704u','882B1',NULL,'$2y$10$7Nr7lHpeouo.3Swq.mM.3uNu0zjJmyyEGxgTOA1F9UYq7dXSFfyHK','USUARIO 882B1',NULL,NULL,NULL,NULL,NULL,NULL,NULL,NULL,1,0,'80687266-6761-43a2-bd98-f42349a9bb63','2019-06-01 17:54:40','2019-06-01 17:54:40'),('ioml6jc-6y2e-cjv5-rz6n','736B1',NULL,'$2y$10$7Nr7lHpeouo.3Swq.mM.3uNu0zjJmyyEGxgTOA1F9UYq7dXSFfyHK','USUARIO 736B1',NULL,NULL,NULL,NULL,NULL,NULL,NULL,NULL,1,0,'80687266-6761-43a2-bd98-f42349a9bb63','2019-06-01 17:54:31','2019-06-01 17:54:31'),('itrhp4t-2ud7-9qsr-gxw2','918B1',NULL,'$2y$10$7Nr7lHpeouo.3Swq.mM.3uNu0zjJmyyEGxgTOA1F9UYq7dXSFfyHK','USUARIO 918B1',NULL,NULL,NULL,NULL,NULL,NULL,NULL,NULL,1,0,'80687266-6761-43a2-bd98-f42349a9bb63','2019-06-01 17:54:30','2019-06-01 17:54:30'),('izh3qcm-z2u3-9hx6-7fpg','766B1',NULL,'$2y$10$7Nr7lHpeouo.3Swq.mM.3uNu0zjJmyyEGxgTOA1F9UYq7dXSFfyHK','USUARIO 766B1',NULL,NULL,NULL,NULL,NULL,NULL,NULL,NULL,1,0,'80687266-6761-43a2-bd98-f42349a9bb63','2019-06-01 17:54:57','2019-06-01 17:54:57'),('j2s0cwn-oo7w-2n4t-66ep','759C1',NULL,'$2y$10$7Nr7lHpeouo.3Swq.mM.3uNu0zjJmyyEGxgTOA1F9UYq7dXSFfyHK','USUARIO 759C1',NULL,NULL,NULL,NULL,NULL,NULL,NULL,NULL,1,0,'80687266-6761-43a2-bd98-f42349a9bb63','2019-06-01 17:54:50','2019-06-01 17:54:50'),('j90552v-m2m5-yis9-k0n2','875C15',NULL,'$2y$10$7Nr7lHpeouo.3Swq.mM.3uNu0zjJmyyEGxgTOA1F9UYq7dXSFfyHK','USUARIO 875C15',NULL,NULL,NULL,NULL,NULL,NULL,NULL,NULL,1,0,'80687266-6761-43a2-bd98-f42349a9bb63','2019-06-01 17:54:47','2019-06-01 17:54:47'),('ja511qc-0hww-3zxx-so04','886B1',NULL,'$2y$10$7Nr7lHpeouo.3Swq.mM.3uNu0zjJmyyEGxgTOA1F9UYq7dXSFfyHK','USUARIO 886B1',NULL,NULL,NULL,NULL,NULL,NULL,NULL,NULL,1,0,'80687266-6761-43a2-bd98-f42349a9bb63','2019-06-01 17:54:41','2019-06-01 17:54:41'),('jct6utu-bij1-jl4p-e49y','669B1',NULL,'$2y$10$7Nr7lHpeouo.3Swq.mM.3uNu0zjJmyyEGxgTOA1F9UYq7dXSFfyHK','USUARIO 669B1',NULL,NULL,NULL,NULL,NULL,NULL,NULL,NULL,1,0,'80687266-6761-43a2-bd98-f42349a9bb63','2019-06-01 17:54:11','2019-06-01 17:54:11'),('jecy9am-gxts-w418-99ff','729C2',NULL,'$2y$10$7Nr7lHpeouo.3Swq.mM.3uNu0zjJmyyEGxgTOA1F9UYq7dXSFfyHK','USUARIO 729C2',NULL,NULL,NULL,NULL,NULL,NULL,NULL,NULL,1,0,'80687266-6761-43a2-bd98-f42349a9bb63','2019-06-01 17:54:22','2019-06-01 17:54:22'),('jjz2wor-wvm3-8e76-nigg','919B1',NULL,'$2y$10$7Nr7lHpeouo.3Swq.mM.3uNu0zjJmyyEGxgTOA1F9UYq7dXSFfyHK','USUARIO 919B1',NULL,NULL,NULL,NULL,NULL,NULL,NULL,NULL,1,0,'80687266-6761-43a2-bd98-f42349a9bb63','2019-06-01 17:54:30','2019-06-01 17:54:30'),('jlzajlj-n8u9-tlpv-lfm7','917B1',NULL,'$2y$10$7Nr7lHpeouo.3Swq.mM.3uNu0zjJmyyEGxgTOA1F9UYq7dXSFfyHK','USUARIO 917B1',NULL,NULL,NULL,NULL,NULL,NULL,NULL,NULL,1,0,'80687266-6761-43a2-bd98-f42349a9bb63','2019-06-01 17:54:30','2019-06-01 17:54:30'),('jmzo9ht-y1d7-zzsz-p4k7','875B1',NULL,'$2y$10$7Nr7lHpeouo.3Swq.mM.3uNu0zjJmyyEGxgTOA1F9UYq7dXSFfyHK','USUARIO 875B1',NULL,NULL,NULL,NULL,NULL,NULL,NULL,NULL,1,0,'80687266-6761-43a2-bd98-f42349a9bb63','2019-06-01 17:54:45','2019-06-01 17:54:45'),('jotu9aq-rx2s-gyw1-dnq2','720C1',NULL,'$2y$10$7Nr7lHpeouo.3Swq.mM.3uNu0zjJmyyEGxgTOA1F9UYq7dXSFfyHK','USUARIO 720C1',NULL,NULL,NULL,NULL,NULL,NULL,NULL,NULL,1,0,'80687266-6761-43a2-bd98-f42349a9bb63','2019-06-01 17:54:18','2019-06-01 17:54:18'),('js7et6b-8sg1-mn7f-n8fn','771C1',NULL,'$2y$10$7Nr7lHpeouo.3Swq.mM.3uNu0zjJmyyEGxgTOA1F9UYq7dXSFfyHK','USUARIO 771C1',NULL,NULL,NULL,NULL,NULL,NULL,NULL,NULL,1,0,'80687266-6761-43a2-bd98-f42349a9bb63','2019-06-01 17:54:56','2019-06-01 17:54:56'),('jsfo7se-j1ss-48mz-1iko','876C5',NULL,'$2y$10$7Nr7lHpeouo.3Swq.mM.3uNu0zjJmyyEGxgTOA1F9UYq7dXSFfyHK','USUARIO 876C5',NULL,NULL,NULL,NULL,NULL,NULL,NULL,NULL,1,0,'80687266-6761-43a2-bd98-f42349a9bb63','2019-06-01 17:54:42','2019-06-01 17:54:42'),('k1rlqgd-d9hl-u9ph-wnno','876C3',NULL,'$2y$10$7Nr7lHpeouo.3Swq.mM.3uNu0zjJmyyEGxgTOA1F9UYq7dXSFfyHK','USUARIO 876C3',NULL,NULL,NULL,NULL,NULL,NULL,NULL,NULL,1,0,'80687266-6761-43a2-bd98-f42349a9bb63','2019-06-01 17:54:42','2019-06-01 17:54:42'),('k1ut2a7-tnve-uklo-ta1g','694B1',NULL,'$2y$10$7Nr7lHpeouo.3Swq.mM.3uNu0zjJmyyEGxgTOA1F9UYq7dXSFfyHK','USUARIO 694B1',NULL,NULL,NULL,NULL,NULL,NULL,NULL,NULL,1,0,'80687266-6761-43a2-bd98-f42349a9bb63','2019-06-01 17:54:22','2019-06-01 17:54:22'),('k4l0j08-qake-mdns-kve6','748C1',NULL,'$2y$10$7Nr7lHpeouo.3Swq.mM.3uNu0zjJmyyEGxgTOA1F9UYq7dXSFfyHK','USUARIO 748C1',NULL,NULL,NULL,NULL,NULL,NULL,NULL,NULL,1,0,'80687266-6761-43a2-bd98-f42349a9bb63','2019-06-01 17:54:53','2019-06-01 17:54:53'),('k9qptid-7jgv-bs0p-hbiz','770C1',NULL,'$2y$10$7Nr7lHpeouo.3Swq.mM.3uNu0zjJmyyEGxgTOA1F9UYq7dXSFfyHK','USUARIO 770C1',NULL,NULL,NULL,NULL,NULL,NULL,NULL,NULL,1,0,'80687266-6761-43a2-bd98-f42349a9bb63','2019-06-01 17:54:56','2019-06-01 17:54:56'),('karv69l-xn6n-apo9-6w1e','741C1',NULL,'$2y$10$7Nr7lHpeouo.3Swq.mM.3uNu0zjJmyyEGxgTOA1F9UYq7dXSFfyHK','USUARIO 741C1',NULL,NULL,NULL,NULL,NULL,NULL,NULL,NULL,1,0,'80687266-6761-43a2-bd98-f42349a9bb63','2019-06-01 17:54:28','2019-06-01 17:54:28'),('kgp7wi5-rzu8-tkul-dom2','768C4',NULL,'$2y$10$7Nr7lHpeouo.3Swq.mM.3uNu0zjJmyyEGxgTOA1F9UYq7dXSFfyHK','USUARIO 768C4',NULL,NULL,NULL,NULL,NULL,NULL,NULL,NULL,1,0,'80687266-6761-43a2-bd98-f42349a9bb63','2019-06-01 17:54:58','2019-06-01 17:54:58'),('kgr0uoi-klu2-9ixm-e4f2','881B1',NULL,'$2y$10$7Nr7lHpeouo.3Swq.mM.3uNu0zjJmyyEGxgTOA1F9UYq7dXSFfyHK','USUARIO 881B1',NULL,NULL,NULL,NULL,NULL,NULL,NULL,NULL,1,0,'80687266-6761-43a2-bd98-f42349a9bb63','2019-06-01 17:54:38','2019-06-01 17:54:38'),('ki1glad-vd43-24ng-aytv','702C3',NULL,'$2y$10$7Nr7lHpeouo.3Swq.mM.3uNu0zjJmyyEGxgTOA1F9UYq7dXSFfyHK','USUARIO 702C3',NULL,NULL,NULL,NULL,NULL,NULL,NULL,NULL,1,0,'80687266-6761-43a2-bd98-f42349a9bb63','2019-06-01 17:54:25','2019-06-01 17:54:25'),('kjw5ckc-s4bh-3a0z-qs3s','682C1',NULL,'$2y$10$7Nr7lHpeouo.3Swq.mM.3uNu0zjJmyyEGxgTOA1F9UYq7dXSFfyHK','USUARIO 682C1',NULL,NULL,NULL,NULL,NULL,NULL,NULL,NULL,1,0,'80687266-6761-43a2-bd98-f42349a9bb63','2019-06-01 17:54:15','2019-06-01 17:54:15'),('kvm20wj-rs2r-8cyt-fa3z','740C1',NULL,'$2y$10$7Nr7lHpeouo.3Swq.mM.3uNu0zjJmyyEGxgTOA1F9UYq7dXSFfyHK','USUARIO 740C1',NULL,NULL,NULL,NULL,NULL,NULL,NULL,NULL,1,0,'80687266-6761-43a2-bd98-f42349a9bb63','2019-06-01 17:54:28','2019-06-01 17:54:28'),('ljh1422-313d-fvrd-w88h','668C1',NULL,'$2y$10$7Nr7lHpeouo.3Swq.mM.3uNu0zjJmyyEGxgTOA1F9UYq7dXSFfyHK','USUARIO 668C1',NULL,NULL,NULL,NULL,NULL,NULL,NULL,NULL,1,0,'80687266-6761-43a2-bd98-f42349a9bb63','2019-06-01 17:54:11','2019-06-01 17:54:11'),('lqtxdqb-vuxb-w4ga-g94c','874C2',NULL,'$2y$10$7Nr7lHpeouo.3Swq.mM.3uNu0zjJmyyEGxgTOA1F9UYq7dXSFfyHK','USUARIO 874C2',NULL,NULL,NULL,NULL,NULL,NULL,NULL,NULL,1,0,'80687266-6761-43a2-bd98-f42349a9bb63','2019-06-01 17:54:43','2019-06-01 17:54:43'),('lui64jp-6wd1-m2gl-g253','756B1',NULL,'$2y$10$7Nr7lHpeouo.3Swq.mM.3uNu0zjJmyyEGxgTOA1F9UYq7dXSFfyHK','USUARIO 756B1',NULL,NULL,NULL,NULL,NULL,NULL,NULL,NULL,1,0,'80687266-6761-43a2-bd98-f42349a9bb63','2019-06-01 17:54:55','2019-06-01 17:54:55'),('m2fd883-6nl1-16eq-dsi6','922B1',NULL,'$2y$10$7Nr7lHpeouo.3Swq.mM.3uNu0zjJmyyEGxgTOA1F9UYq7dXSFfyHK','USUARIO 922B1',NULL,NULL,NULL,NULL,NULL,NULL,NULL,NULL,1,0,'80687266-6761-43a2-bd98-f42349a9bb63','2019-06-01 17:54:31','2019-06-01 17:54:31'),('m3ecqiv-c581-7iiv-avxm','729C1',NULL,'$2y$10$7Nr7lHpeouo.3Swq.mM.3uNu0zjJmyyEGxgTOA1F9UYq7dXSFfyHK','USUARIO 729C1',NULL,NULL,NULL,NULL,NULL,NULL,NULL,NULL,1,0,'80687266-6761-43a2-bd98-f42349a9bb63','2019-06-01 17:54:22','2019-06-01 17:54:22'),('mjrgqx1-mqc3-9i98-g4ei','888B1',NULL,'$2y$10$7Nr7lHpeouo.3Swq.mM.3uNu0zjJmyyEGxgTOA1F9UYq7dXSFfyHK','USUARIO 888B1',NULL,NULL,NULL,NULL,NULL,NULL,NULL,NULL,1,0,'80687266-6761-43a2-bd98-f42349a9bb63','2019-06-01 17:54:35','2019-06-01 17:54:35'),('mpz9htz-cqtw-l4qq-tgad','765C1',NULL,'$2y$10$7Nr7lHpeouo.3Swq.mM.3uNu0zjJmyyEGxgTOA1F9UYq7dXSFfyHK','USUARIO 765C1',NULL,NULL,NULL,NULL,NULL,NULL,NULL,NULL,1,0,'80687266-6761-43a2-bd98-f42349a9bb63','2019-06-01 17:54:49','2019-06-01 17:54:49'),('na2luea-h35s-o2lr-vah2','766C1',NULL,'$2y$10$7Nr7lHpeouo.3Swq.mM.3uNu0zjJmyyEGxgTOA1F9UYq7dXSFfyHK','USUARIO 766C1',NULL,NULL,NULL,NULL,NULL,NULL,NULL,NULL,1,0,'80687266-6761-43a2-bd98-f42349a9bb63','2019-06-01 17:54:58','2019-06-01 17:54:58'),('ndqn4oz-5kni-k7li-5i3z','906B1',NULL,'$2y$10$7Nr7lHpeouo.3Swq.mM.3uNu0zjJmyyEGxgTOA1F9UYq7dXSFfyHK','USUARIO 906B1',NULL,NULL,NULL,NULL,NULL,NULL,NULL,NULL,1,0,'80687266-6761-43a2-bd98-f42349a9bb63','2019-06-01 17:54:32','2019-06-01 17:54:32'),('nhe49ko-ytgd-ip4r-kfha','881C1',NULL,'$2y$10$7Nr7lHpeouo.3Swq.mM.3uNu0zjJmyyEGxgTOA1F9UYq7dXSFfyHK','USUARIO 881C1',NULL,NULL,NULL,NULL,NULL,NULL,NULL,NULL,1,0,'80687266-6761-43a2-bd98-f42349a9bb63','2019-06-01 17:54:38','2019-06-01 17:54:38'),('nih88iw-hjmq-cwnz-0ri2','702C2',NULL,'$2y$10$7Nr7lHpeouo.3Swq.mM.3uNu0zjJmyyEGxgTOA1F9UYq7dXSFfyHK','USUARIO 702C2',NULL,NULL,NULL,NULL,NULL,NULL,NULL,NULL,1,0,'80687266-6761-43a2-bd98-f42349a9bb63','2019-06-01 17:54:25','2019-06-01 17:54:25'),('nkrrj9s-g0fo-ct1y-3g41','875C7',NULL,'$2y$10$7Nr7lHpeouo.3Swq.mM.3uNu0zjJmyyEGxgTOA1F9UYq7dXSFfyHK','USUARIO 875C7',NULL,NULL,NULL,NULL,NULL,NULL,NULL,NULL,1,0,'80687266-6761-43a2-bd98-f42349a9bb63','2019-06-01 17:54:46','2019-06-01 17:54:46'),('nlqi3jf-jylf-evwf-dxyd','673C1',NULL,'$2y$10$7Nr7lHpeouo.3Swq.mM.3uNu0zjJmyyEGxgTOA1F9UYq7dXSFfyHK','USUARIO 673C1',NULL,NULL,NULL,NULL,NULL,NULL,NULL,NULL,1,0,'80687266-6761-43a2-bd98-f42349a9bb63','2019-06-01 17:54:13','2019-06-01 17:54:13'),('no052pb-oqwj-fgzl-cmiw','724C1',NULL,'$2y$10$7Nr7lHpeouo.3Swq.mM.3uNu0zjJmyyEGxgTOA1F9UYq7dXSFfyHK','USUARIO 724C1',NULL,NULL,NULL,NULL,NULL,NULL,NULL,NULL,1,0,'80687266-6761-43a2-bd98-f42349a9bb63','2019-06-01 17:54:20','2019-06-01 17:54:20'),('nrri2mw-peyq-pdt1-9h5z','725B1',NULL,'$2y$10$7Nr7lHpeouo.3Swq.mM.3uNu0zjJmyyEGxgTOA1F9UYq7dXSFfyHK','USUARIO 725B1',NULL,NULL,NULL,NULL,NULL,NULL,NULL,NULL,1,0,'80687266-6761-43a2-bd98-f42349a9bb63','2019-06-01 17:54:21','2019-06-01 17:54:21'),('nue1ymk-txl4-pd7s-bhgt','674B1',NULL,'$2y$10$7Nr7lHpeouo.3Swq.mM.3uNu0zjJmyyEGxgTOA1F9UYq7dXSFfyHK','USUARIO 674B1',NULL,NULL,NULL,NULL,NULL,NULL,NULL,NULL,1,0,'80687266-6761-43a2-bd98-f42349a9bb63','2019-06-01 17:54:27','2019-06-01 17:54:27'),('nuq0oxg-kref-soo3-95ub','907B1',NULL,'$2y$10$7Nr7lHpeouo.3Swq.mM.3uNu0zjJmyyEGxgTOA1F9UYq7dXSFfyHK','USUARIO 907B1',NULL,NULL,NULL,NULL,NULL,NULL,NULL,NULL,1,0,'80687266-6761-43a2-bd98-f42349a9bb63','2019-06-01 17:54:30','2019-06-01 17:54:30'),('nvs49up-j7xd-xp0u-h9x2','717C1',NULL,'$2y$10$7Nr7lHpeouo.3Swq.mM.3uNu0zjJmyyEGxgTOA1F9UYq7dXSFfyHK','USUARIO 717C1',NULL,NULL,NULL,NULL,NULL,NULL,NULL,NULL,1,0,'80687266-6761-43a2-bd98-f42349a9bb63','2019-06-01 17:54:20','2019-06-01 17:54:20'),('o21m9mh-5kom-hzpj-s6gi','702C4',NULL,'$2y$10$7Nr7lHpeouo.3Swq.mM.3uNu0zjJmyyEGxgTOA1F9UYq7dXSFfyHK','USUARIO 702C4',NULL,NULL,NULL,NULL,NULL,NULL,NULL,NULL,1,0,'80687266-6761-43a2-bd98-f42349a9bb63','2019-06-01 17:54:25','2019-06-01 17:54:25'),('o7biw6n-8kgt-wslg-a9qe','685B1',NULL,'$2y$10$7Nr7lHpeouo.3Swq.mM.3uNu0zjJmyyEGxgTOA1F9UYq7dXSFfyHK','USUARIO 685B1',NULL,NULL,NULL,NULL,NULL,NULL,NULL,NULL,1,0,'80687266-6761-43a2-bd98-f42349a9bb63','2019-06-01 17:54:15','2019-06-01 17:54:15'),('oe4h501-fq53-rqba-uvo7','750B1',NULL,'$2y$10$7Nr7lHpeouo.3Swq.mM.3uNu0zjJmyyEGxgTOA1F9UYq7dXSFfyHK','USUARIO 750B1',NULL,NULL,NULL,NULL,NULL,NULL,NULL,NULL,1,0,'80687266-6761-43a2-bd98-f42349a9bb63','2019-06-01 17:54:55','2019-06-01 17:54:55'),('oh5ad1t-mivn-h7e9-wfpx','885B1',NULL,'$2y$10$7Nr7lHpeouo.3Swq.mM.3uNu0zjJmyyEGxgTOA1F9UYq7dXSFfyHK','USUARIO 885B1',NULL,NULL,NULL,NULL,NULL,NULL,NULL,NULL,1,0,'80687266-6761-43a2-bd98-f42349a9bb63','2019-06-01 17:54:39','2019-06-01 17:54:39'),('okxgnog-naul-dnfq-aind','875C10',NULL,'$2y$10$7Nr7lHpeouo.3Swq.mM.3uNu0zjJmyyEGxgTOA1F9UYq7dXSFfyHK','USUARIO 875C10',NULL,NULL,NULL,NULL,NULL,NULL,NULL,NULL,1,0,'80687266-6761-43a2-bd98-f42349a9bb63','2019-06-01 17:54:46','2019-06-01 17:54:46'),('oqsud5p-bwjg-y9ko-ekx9','729B1',NULL,'$2y$10$7Nr7lHpeouo.3Swq.mM.3uNu0zjJmyyEGxgTOA1F9UYq7dXSFfyHK','USUARIO 729B1',NULL,NULL,NULL,NULL,NULL,NULL,NULL,NULL,1,0,'80687266-6761-43a2-bd98-f42349a9bb63','2019-06-01 17:54:21','2019-06-01 17:54:21'),('oswu3a3-xryn-7oot-7k4z','206C11',NULL,'$2y$10$7Nr7lHpeouo.3Swq.mM.3uNu0zjJmyyEGxgTOA1F9UYq7dXSFfyHK','USUARIO 206C11',NULL,NULL,NULL,NULL,NULL,NULL,NULL,NULL,1,0,'80687266-6761-43a2-bd98-f42349a9bb63','2019-06-01 17:54:55','2019-06-01 17:54:55'),('ow6642g-09n3-av5r-s2sw','874C11',NULL,'$2y$10$7Nr7lHpeouo.3Swq.mM.3uNu0zjJmyyEGxgTOA1F9UYq7dXSFfyHK','USUARIO 874C11',NULL,NULL,NULL,NULL,NULL,NULL,NULL,NULL,1,0,'80687266-6761-43a2-bd98-f42349a9bb63','2019-06-01 17:54:44','2019-06-01 17:54:44'),('oxhyc4t-ohww-j4ij-t2xq','745B1',NULL,'$2y$10$7Nr7lHpeouo.3Swq.mM.3uNu0zjJmyyEGxgTOA1F9UYq7dXSFfyHK','USUARIO 745B1',NULL,NULL,NULL,NULL,NULL,NULL,NULL,NULL,1,0,'80687266-6761-43a2-bd98-f42349a9bb63','2019-06-01 17:54:52','2019-06-01 17:54:52'),('p73a0u2-qkeq-mky9-7dhm','713B1',NULL,'$2y$10$7Nr7lHpeouo.3Swq.mM.3uNu0zjJmyyEGxgTOA1F9UYq7dXSFfyHK','USUARIO 713B1',NULL,NULL,NULL,NULL,NULL,NULL,NULL,NULL,1,0,'80687266-6761-43a2-bd98-f42349a9bb63','2019-06-01 17:54:16','2019-06-01 17:54:16'),('p9frp3g-n0bv-s592-tkgv','742B1',NULL,'$2y$10$7Nr7lHpeouo.3Swq.mM.3uNu0zjJmyyEGxgTOA1F9UYq7dXSFfyHK','USUARIO 742B1',NULL,NULL,NULL,NULL,NULL,NULL,NULL,NULL,1,0,'80687266-6761-43a2-bd98-f42349a9bb63','2019-06-01 17:54:57','2019-06-01 17:54:57'),('phsfvz2-2jin-3ybc-0moi','875C4',NULL,'$2y$10$7Nr7lHpeouo.3Swq.mM.3uNu0zjJmyyEGxgTOA1F9UYq7dXSFfyHK','USUARIO 875C4',NULL,NULL,NULL,NULL,NULL,NULL,NULL,NULL,1,0,'80687266-6761-43a2-bd98-f42349a9bb63','2019-06-01 17:54:45','2019-06-01 17:54:45'),('pm7nies-dy23-r1fn-9m9z','670B1',NULL,'$2y$10$7Nr7lHpeouo.3Swq.mM.3uNu0zjJmyyEGxgTOA1F9UYq7dXSFfyHK','USUARIO 670B1',NULL,NULL,NULL,NULL,NULL,NULL,NULL,NULL,1,0,'80687266-6761-43a2-bd98-f42349a9bb63','2019-06-01 17:54:13','2019-06-01 17:54:13'),('pmw2krv-t5nu-zq1v-3xp1','676C1',NULL,'$2y$10$7Nr7lHpeouo.3Swq.mM.3uNu0zjJmyyEGxgTOA1F9UYq7dXSFfyHK','USUARIO 676C1',NULL,NULL,NULL,NULL,NULL,NULL,NULL,NULL,1,0,'80687266-6761-43a2-bd98-f42349a9bb63','2019-06-01 17:54:12','2019-06-01 17:54:12'),('poqxcza-9hzv-ijwc-ylp9','912B1',NULL,'$2y$10$7Nr7lHpeouo.3Swq.mM.3uNu0zjJmyyEGxgTOA1F9UYq7dXSFfyHK','USUARIO 912B1',NULL,NULL,NULL,NULL,NULL,NULL,NULL,NULL,1,0,'80687266-6761-43a2-bd98-f42349a9bb63','2019-06-01 17:54:33','2019-06-01 17:54:33'),('pr4gwjp-y0x2-qzty-9fuv','887B1',NULL,'$2y$10$7Nr7lHpeouo.3Swq.mM.3uNu0zjJmyyEGxgTOA1F9UYq7dXSFfyHK','USUARIO 887B1',NULL,NULL,NULL,NULL,NULL,NULL,NULL,NULL,1,0,'80687266-6761-43a2-bd98-f42349a9bb63','2019-06-01 17:54:39','2019-06-01 17:54:39'),('pumkhh4-kt07-pnq6-nizx','709C2',NULL,'$2y$10$7Nr7lHpeouo.3Swq.mM.3uNu0zjJmyyEGxgTOA1F9UYq7dXSFfyHK','USUARIO 709C2',NULL,NULL,NULL,NULL,NULL,NULL,NULL,NULL,1,0,'80687266-6761-43a2-bd98-f42349a9bb63','2019-06-01 17:54:23','2019-06-01 17:54:23'),('py4fro9-xw54-2wge-ttdi','733C1',NULL,'$2y$10$7Nr7lHpeouo.3Swq.mM.3uNu0zjJmyyEGxgTOA1F9UYq7dXSFfyHK','USUARIO 733C1',NULL,NULL,NULL,NULL,NULL,NULL,NULL,NULL,1,0,'80687266-6761-43a2-bd98-f42349a9bb63','2019-06-01 17:54:35','2019-06-01 17:54:35'),('qd6qyt8-uv2u-w33l-h7ti','674C1',NULL,'$2y$10$7Nr7lHpeouo.3Swq.mM.3uNu0zjJmyyEGxgTOA1F9UYq7dXSFfyHK','USUARIO 674C1',NULL,NULL,NULL,NULL,NULL,NULL,NULL,NULL,1,0,'80687266-6761-43a2-bd98-f42349a9bb63','2019-06-01 17:54:27','2019-06-01 17:54:27'),('qeacuo8-1nco-yvht-ku7m','886C1',NULL,'$2y$10$7Nr7lHpeouo.3Swq.mM.3uNu0zjJmyyEGxgTOA1F9UYq7dXSFfyHK','USUARIO 886C1',NULL,NULL,NULL,NULL,NULL,NULL,NULL,NULL,1,0,'80687266-6761-43a2-bd98-f42349a9bb63','2019-06-01 17:54:41','2019-06-01 17:54:41'),('qko0oxy-wgzg-obup-i54z','883B1',NULL,'$2y$10$7Nr7lHpeouo.3Swq.mM.3uNu0zjJmyyEGxgTOA1F9UYq7dXSFfyHK','USUARIO 883B1',NULL,NULL,NULL,NULL,NULL,NULL,NULL,NULL,1,0,'80687266-6761-43a2-bd98-f42349a9bb63','2019-06-01 17:54:38','2019-06-01 17:54:38'),('qmp5hax-ytwi-j1zs-7m7i','761B1',NULL,'$2y$10$7Nr7lHpeouo.3Swq.mM.3uNu0zjJmyyEGxgTOA1F9UYq7dXSFfyHK','USUARIO 761B1',NULL,NULL,NULL,NULL,NULL,NULL,NULL,NULL,1,0,'80687266-6761-43a2-bd98-f42349a9bb63','2019-06-01 17:54:48','2019-06-01 17:54:48'),('qnn02or-zyu2-u5pg-qua5','686C1',NULL,'$2y$10$7Nr7lHpeouo.3Swq.mM.3uNu0zjJmyyEGxgTOA1F9UYq7dXSFfyHK','USUARIO 686C1',NULL,NULL,NULL,NULL,NULL,NULL,NULL,NULL,1,0,'80687266-6761-43a2-bd98-f42349a9bb63','2019-06-01 17:54:19','2019-06-01 17:54:19'),('qrui03h-4gcg-d905-etcl','878C1',NULL,'$2y$10$7Nr7lHpeouo.3Swq.mM.3uNu0zjJmyyEGxgTOA1F9UYq7dXSFfyHK','USUARIO 878C1',NULL,NULL,NULL,NULL,NULL,NULL,NULL,NULL,1,0,'80687266-6761-43a2-bd98-f42349a9bb63','2019-06-01 17:54:43','2019-06-01 17:54:43'),('qsjqi9f-gbpo-eaia-ys7y','681B1',NULL,'$2y$10$7Nr7lHpeouo.3Swq.mM.3uNu0zjJmyyEGxgTOA1F9UYq7dXSFfyHK','USUARIO 681B1',NULL,NULL,NULL,NULL,NULL,NULL,NULL,NULL,1,0,'80687266-6761-43a2-bd98-f42349a9bb63','2019-06-01 17:54:14','2019-06-01 17:54:14'),('qvf8nsv-0tb4-iyc1-z4mv','746C1',NULL,'$2y$10$7Nr7lHpeouo.3Swq.mM.3uNu0zjJmyyEGxgTOA1F9UYq7dXSFfyHK','USUARIO 746C1',NULL,NULL,NULL,NULL,NULL,NULL,NULL,NULL,1,0,'80687266-6761-43a2-bd98-f42349a9bb63','2019-06-01 17:54:52','2019-06-01 17:54:52'),('qxettl4-ebz4-6hlj-hrot','741B1',NULL,'$2y$10$7Nr7lHpeouo.3Swq.mM.3uNu0zjJmyyEGxgTOA1F9UYq7dXSFfyHK','USUARIO 741B1',NULL,NULL,NULL,NULL,NULL,NULL,NULL,NULL,1,0,'80687266-6761-43a2-bd98-f42349a9bb63','2019-06-01 17:54:28','2019-06-01 17:54:28'),('r2efq6m-il7r-26er-dw8p','875C19',NULL,'$2y$10$7Nr7lHpeouo.3Swq.mM.3uNu0zjJmyyEGxgTOA1F9UYq7dXSFfyHK','USUARIO 875C19',NULL,NULL,NULL,NULL,NULL,NULL,NULL,NULL,1,0,'80687266-6761-43a2-bd98-f42349a9bb63','2019-06-01 17:54:47','2019-06-01 17:54:47'),('r53q3qh-xpcl-dzg2-4pl6','895B1',NULL,'$2y$10$7Nr7lHpeouo.3Swq.mM.3uNu0zjJmyyEGxgTOA1F9UYq7dXSFfyHK','USUARIO 895B1',NULL,NULL,NULL,NULL,NULL,NULL,NULL,NULL,1,0,'80687266-6761-43a2-bd98-f42349a9bb63','2019-06-01 17:54:33','2019-06-01 17:54:33'),('r6wl98j-5ieb-bc4a-46sg','878B1',NULL,'$2y$10$7Nr7lHpeouo.3Swq.mM.3uNu0zjJmyyEGxgTOA1F9UYq7dXSFfyHK','USUARIO 878B1',NULL,NULL,NULL,NULL,NULL,NULL,NULL,NULL,1,0,'80687266-6761-43a2-bd98-f42349a9bb63','2019-06-01 17:54:43','2019-06-01 17:54:43'),('rh9uypk-9h3z-yd62-cdad','920S1',NULL,'$2y$10$7Nr7lHpeouo.3Swq.mM.3uNu0zjJmyyEGxgTOA1F9UYq7dXSFfyHK','USUARIO 920S1',NULL,NULL,NULL,NULL,NULL,NULL,NULL,NULL,1,0,'80687266-6761-43a2-bd98-f42349a9bb63','2019-06-01 17:54:30','2019-06-01 17:54:30'),('rm1yfl3-bp5q-pwg3-u3vn','724B1',NULL,'$2y$10$7Nr7lHpeouo.3Swq.mM.3uNu0zjJmyyEGxgTOA1F9UYq7dXSFfyHK','USUARIO 724B1',NULL,NULL,NULL,NULL,NULL,NULL,NULL,NULL,1,0,'80687266-6761-43a2-bd98-f42349a9bb63','2019-06-01 17:54:20','2019-06-01 17:54:20'),('rnetxvg-29lx-r4ex-qgxc','680C4',NULL,'$2y$10$7Nr7lHpeouo.3Swq.mM.3uNu0zjJmyyEGxgTOA1F9UYq7dXSFfyHK','USUARIO 680C4',NULL,NULL,NULL,NULL,NULL,NULL,NULL,NULL,1,0,'80687266-6761-43a2-bd98-f42349a9bb63','2019-06-01 17:54:12','2019-06-01 17:54:12'),('rvqy00y-mx9m-03rp-j2s5','893B1',NULL,'$2y$10$7Nr7lHpeouo.3Swq.mM.3uNu0zjJmyyEGxgTOA1F9UYq7dXSFfyHK','USUARIO 893B1',NULL,NULL,NULL,NULL,NULL,NULL,NULL,NULL,1,0,'80687266-6761-43a2-bd98-f42349a9bb63','2019-06-01 17:54:33','2019-06-01 17:54:33'),('rx1492v-l35c-y207-f5ru','733B1',NULL,'$2y$10$7Nr7lHpeouo.3Swq.mM.3uNu0zjJmyyEGxgTOA1F9UYq7dXSFfyHK','USUARIO 733B1',NULL,NULL,NULL,NULL,NULL,NULL,NULL,NULL,1,0,'80687266-6761-43a2-bd98-f42349a9bb63','2019-06-01 17:54:35','2019-06-01 17:54:35'),('rz6ormd-yeeo-n8lh-kzmh','679C1',NULL,'$2y$10$7Nr7lHpeouo.3Swq.mM.3uNu0zjJmyyEGxgTOA1F9UYq7dXSFfyHK','USUARIO 679C1',NULL,NULL,NULL,NULL,NULL,NULL,NULL,NULL,1,0,'80687266-6761-43a2-bd98-f42349a9bb63','2019-06-01 17:54:12','2019-06-01 17:54:12'),('s0ftcg4-25s1-h0u9-brsd','751B1',NULL,'$2y$10$7Nr7lHpeouo.3Swq.mM.3uNu0zjJmyyEGxgTOA1F9UYq7dXSFfyHK','USUARIO 751B1',NULL,NULL,NULL,NULL,NULL,NULL,NULL,NULL,1,0,'80687266-6761-43a2-bd98-f42349a9bb63','2019-06-01 17:54:55','2019-06-01 17:54:55'),('s2a97v6-idw8-dbw4-y39t','carlosJ',NULL,'$2y$10$/5WCyjtPZEhQNQ8KJj7YjukSAh0djDxetXMgtmzCACyzQuzJMkdEm','CARLOS','JOAQUIN GONZALEZ',NULL,NULL,NULL,NULL,NULL,NULL,NULL,1,1,'5197c80d-2d30-4225-a757-b31592c9e0f0','2018-06-27 21:43:12','2018-06-27 21:43:12'),('s2sv9hl-f14m-9oa9-wdsd','719B1',NULL,'$2y$10$7Nr7lHpeouo.3Swq.mM.3uNu0zjJmyyEGxgTOA1F9UYq7dXSFfyHK','USUARIO 719B1',NULL,NULL,NULL,NULL,NULL,NULL,NULL,NULL,1,0,'80687266-6761-43a2-bd98-f42349a9bb63','2019-06-01 17:54:16','2019-06-01 17:54:16'),('s3cep0a-4c96-bj32-80dj','683C1',NULL,'$2y$10$7Nr7lHpeouo.3Swq.mM.3uNu0zjJmyyEGxgTOA1F9UYq7dXSFfyHK','USUARIO 683C1',NULL,NULL,NULL,NULL,NULL,NULL,NULL,NULL,1,0,'80687266-6761-43a2-bd98-f42349a9bb63','2019-06-01 17:54:14','2019-06-01 17:54:14'),('s4ybpq5-19uk-whlf-22cg','714C1',NULL,'$2y$10$7Nr7lHpeouo.3Swq.mM.3uNu0zjJmyyEGxgTOA1F9UYq7dXSFfyHK','USUARIO 714C1',NULL,NULL,NULL,NULL,NULL,NULL,NULL,NULL,1,0,'80687266-6761-43a2-bd98-f42349a9bb63','2019-06-01 17:54:16','2019-06-01 17:54:16'),('sggwycx-v9bs-9esg-ifu2','875C24',NULL,'$2y$10$7Nr7lHpeouo.3Swq.mM.3uNu0zjJmyyEGxgTOA1F9UYq7dXSFfyHK','USUARIO 875C24',NULL,NULL,NULL,NULL,NULL,NULL,NULL,NULL,1,0,'80687266-6761-43a2-bd98-f42349a9bb63','2019-06-01 17:54:48','2019-06-01 17:54:48'),('smehoc2-cfan-vqtt-zb17','764C1',NULL,'$2y$10$7Nr7lHpeouo.3Swq.mM.3uNu0zjJmyyEGxgTOA1F9UYq7dXSFfyHK','USUARIO 764C1',NULL,NULL,NULL,NULL,NULL,NULL,NULL,NULL,1,0,'80687266-6761-43a2-bd98-f42349a9bb63','2019-06-01 17:54:49','2019-06-01 17:54:49'),('stha9ys-4omk-g958-auxk','206C2',NULL,'$2y$10$7Nr7lHpeouo.3Swq.mM.3uNu0zjJmyyEGxgTOA1F9UYq7dXSFfyHK','USUARIO 206C2',NULL,NULL,NULL,NULL,NULL,NULL,NULL,NULL,1,0,'80687266-6761-43a2-bd98-f42349a9bb63','2019-06-01 17:54:54','2019-06-01 17:54:54'),('sv7cavi-vh8i-psre-8zhx','677B1',NULL,'$2y$10$7Nr7lHpeouo.3Swq.mM.3uNu0zjJmyyEGxgTOA1F9UYq7dXSFfyHK','USUARIO 677B1',NULL,NULL,NULL,NULL,NULL,NULL,NULL,NULL,1,0,'80687266-6761-43a2-bd98-f42349a9bb63','2019-06-01 17:54:12','2019-06-01 17:54:12'),('t0pa0g5-yvh8-38qn-71u3','206C6',NULL,'$2y$10$7Nr7lHpeouo.3Swq.mM.3uNu0zjJmyyEGxgTOA1F9UYq7dXSFfyHK','USUARIO 206C6',NULL,NULL,NULL,NULL,NULL,NULL,NULL,NULL,1,0,'80687266-6761-43a2-bd98-f42349a9bb63','2019-06-01 17:54:54','2019-06-01 17:54:54'),('t4orntk-v1z1-3a5g-hqmy','206C10',NULL,'$2y$10$7Nr7lHpeouo.3Swq.mM.3uNu0zjJmyyEGxgTOA1F9UYq7dXSFfyHK','USUARIO 206C10',NULL,NULL,NULL,NULL,NULL,NULL,NULL,NULL,1,0,'80687266-6761-43a2-bd98-f42349a9bb63','2019-06-01 17:54:55','2019-06-01 17:54:55'),('t6sf0fk-h1la-385v-gcd4','875C12',NULL,'$2y$10$7Nr7lHpeouo.3Swq.mM.3uNu0zjJmyyEGxgTOA1F9UYq7dXSFfyHK','USUARIO 875C12',NULL,NULL,NULL,NULL,NULL,NULL,NULL,NULL,1,0,'80687266-6761-43a2-bd98-f42349a9bb63','2019-06-01 17:54:46','2019-06-01 17:54:46'),('tcms263-p1lz-qjvp-o558','770B1',NULL,'$2y$10$7Nr7lHpeouo.3Swq.mM.3uNu0zjJmyyEGxgTOA1F9UYq7dXSFfyHK','USUARIO 770B1',NULL,NULL,NULL,NULL,NULL,NULL,NULL,NULL,1,0,'80687266-6761-43a2-bd98-f42349a9bb63','2019-06-01 17:54:56','2019-06-01 17:54:56'),('tgv95ca-1kpp-glz5-jawx','693C1',NULL,'$2y$10$7Nr7lHpeouo.3Swq.mM.3uNu0zjJmyyEGxgTOA1F9UYq7dXSFfyHK','USUARIO 693C1',NULL,NULL,NULL,NULL,NULL,NULL,NULL,NULL,1,0,'80687266-6761-43a2-bd98-f42349a9bb63','2019-06-01 17:54:19','2019-06-01 17:54:19'),('tijukoj-bha7-9c20-f31e','747B1',NULL,'$2y$10$7Nr7lHpeouo.3Swq.mM.3uNu0zjJmyyEGxgTOA1F9UYq7dXSFfyHK','USUARIO 747B1',NULL,NULL,NULL,NULL,NULL,NULL,NULL,NULL,1,0,'80687266-6761-43a2-bd98-f42349a9bb63','2019-06-01 17:54:53','2019-06-01 17:54:53'),('tnnv3cz-hvx7-8hxa-pwmj','773B1',NULL,'$2y$10$7Nr7lHpeouo.3Swq.mM.3uNu0zjJmyyEGxgTOA1F9UYq7dXSFfyHK','USUARIO 773B1',NULL,NULL,NULL,NULL,NULL,NULL,NULL,NULL,1,0,'80687266-6761-43a2-bd98-f42349a9bb63','2019-06-01 17:54:57','2019-06-01 17:54:57'),('tnv1kao-cqph-1ifr-uswu','734B1',NULL,'$2y$10$7Nr7lHpeouo.3Swq.mM.3uNu0zjJmyyEGxgTOA1F9UYq7dXSFfyHK','USUARIO 734B1',NULL,NULL,NULL,NULL,NULL,NULL,NULL,NULL,1,0,'80687266-6761-43a2-bd98-f42349a9bb63','2019-06-01 17:54:31','2019-06-01 17:54:31'),('ts4v3yr-8xft-hd15-q0h6','689B1',NULL,'$2y$10$7Nr7lHpeouo.3Swq.mM.3uNu0zjJmyyEGxgTOA1F9UYq7dXSFfyHK','USUARIO 689B1',NULL,NULL,NULL,NULL,NULL,NULL,NULL,NULL,1,0,'80687266-6761-43a2-bd98-f42349a9bb63','2019-06-01 17:54:15','2019-06-01 17:54:15'),('ttgmsx6-vc1i-5x3c-w9s9','764B1',NULL,'$2y$10$7Nr7lHpeouo.3Swq.mM.3uNu0zjJmyyEGxgTOA1F9UYq7dXSFfyHK','USUARIO 764B1',NULL,NULL,NULL,NULL,NULL,NULL,NULL,NULL,1,0,'80687266-6761-43a2-bd98-f42349a9bb63','2019-06-01 17:54:49','2019-06-01 17:54:49'),('u197ohc-w2be-4tug-d3sy','753C1',NULL,'$2y$10$7Nr7lHpeouo.3Swq.mM.3uNu0zjJmyyEGxgTOA1F9UYq7dXSFfyHK','USUARIO 753C1',NULL,NULL,NULL,NULL,NULL,NULL,NULL,NULL,1,0,'80687266-6761-43a2-bd98-f42349a9bb63','2019-06-01 17:54:51','2019-06-01 17:54:51'),('u1gjv2e-oil5-74vn-lbul','765B1',NULL,'$2y$10$7Nr7lHpeouo.3Swq.mM.3uNu0zjJmyyEGxgTOA1F9UYq7dXSFfyHK','USUARIO 765B1',NULL,NULL,NULL,NULL,NULL,NULL,NULL,NULL,1,0,'80687266-6761-43a2-bd98-f42349a9bb63','2019-06-01 17:54:49','2019-06-01 17:54:49'),('ucd5r0y-25wp-wb6y-1xb3','743B1',NULL,'$2y$10$7Nr7lHpeouo.3Swq.mM.3uNu0zjJmyyEGxgTOA1F9UYq7dXSFfyHK','USUARIO 743B1',NULL,NULL,NULL,NULL,NULL,NULL,NULL,NULL,1,0,'80687266-6761-43a2-bd98-f42349a9bb63','2019-06-01 17:54:51','2019-06-01 17:54:51'),('udlvodl-ijww-ux6u-1rg9','709C3',NULL,'$2y$10$7Nr7lHpeouo.3Swq.mM.3uNu0zjJmyyEGxgTOA1F9UYq7dXSFfyHK','USUARIO 709C3',NULL,NULL,NULL,NULL,NULL,NULL,NULL,NULL,1,0,'80687266-6761-43a2-bd98-f42349a9bb63','2019-06-01 17:54:23','2019-06-01 17:54:23'),('uhl3c6l-tknh-sgdz-gz6h','767C2',NULL,'$2y$10$7Nr7lHpeouo.3Swq.mM.3uNu0zjJmyyEGxgTOA1F9UYq7dXSFfyHK','USUARIO 767C2',NULL,NULL,NULL,NULL,NULL,NULL,NULL,NULL,1,0,'80687266-6761-43a2-bd98-f42349a9bb63','2019-06-01 17:54:56','2019-06-01 17:54:56'),('uj6sc96-6t3j-36kx-7rxs','730B1',NULL,'$2y$10$7Nr7lHpeouo.3Swq.mM.3uNu0zjJmyyEGxgTOA1F9UYq7dXSFfyHK','USUARIO 730B1',NULL,NULL,NULL,NULL,NULL,NULL,NULL,NULL,1,0,'80687266-6761-43a2-bd98-f42349a9bb63','2019-06-01 17:54:27','2019-06-01 17:54:27'),('uq2xmry-jbns-h81b-2x70','731B1',NULL,'$2y$10$7Nr7lHpeouo.3Swq.mM.3uNu0zjJmyyEGxgTOA1F9UYq7dXSFfyHK','USUARIO 731B1',NULL,NULL,NULL,NULL,NULL,NULL,NULL,NULL,1,0,'80687266-6761-43a2-bd98-f42349a9bb63','2019-06-01 17:54:27','2019-06-01 17:54:27'),('ur9qosg-4xzf-cl7q-rwwa','687B1',NULL,'$2y$10$7Nr7lHpeouo.3Swq.mM.3uNu0zjJmyyEGxgTOA1F9UYq7dXSFfyHK','USUARIO 687B1',NULL,NULL,NULL,NULL,NULL,NULL,NULL,NULL,1,0,'80687266-6761-43a2-bd98-f42349a9bb63','2019-06-01 17:54:19','2019-06-01 17:54:19'),('uta3ex7-ckei-o09m-brkt','762C1',NULL,'$2y$10$7Nr7lHpeouo.3Swq.mM.3uNu0zjJmyyEGxgTOA1F9UYq7dXSFfyHK','USUARIO 762C1',NULL,NULL,NULL,NULL,NULL,NULL,NULL,NULL,1,0,'80687266-6761-43a2-bd98-f42349a9bb63','2019-06-01 17:54:48','2019-06-01 17:54:48'),('utxo8gn-ql1u-cc5c-z257','669C1',NULL,'$2y$10$7Nr7lHpeouo.3Swq.mM.3uNu0zjJmyyEGxgTOA1F9UYq7dXSFfyHK','USUARIO 669C1',NULL,NULL,NULL,NULL,NULL,NULL,NULL,NULL,1,0,'80687266-6761-43a2-bd98-f42349a9bb63','2019-06-01 17:54:11','2019-06-01 17:54:11'),('uuyl0sc-ljii-pd6r-esoh','715B1',NULL,'$2y$10$7Nr7lHpeouo.3Swq.mM.3uNu0zjJmyyEGxgTOA1F9UYq7dXSFfyHK','USUARIO 715B1',NULL,NULL,NULL,NULL,NULL,NULL,NULL,NULL,1,0,'80687266-6761-43a2-bd98-f42349a9bb63','2019-06-01 17:54:20','2019-06-01 17:54:20'),('v1au831-n7cr-3y5b-cg67','889B1',NULL,'$2y$10$7Nr7lHpeouo.3Swq.mM.3uNu0zjJmyyEGxgTOA1F9UYq7dXSFfyHK','USUARIO 889B1',NULL,NULL,NULL,NULL,NULL,NULL,NULL,NULL,1,0,'80687266-6761-43a2-bd98-f42349a9bb63','2019-06-01 17:54:39','2019-06-01 17:54:39'),('v2h9ihy-fwoz-hgrb-libb','683B1',NULL,'$2y$10$7Nr7lHpeouo.3Swq.mM.3uNu0zjJmyyEGxgTOA1F9UYq7dXSFfyHK','USUARIO 683B1',NULL,NULL,NULL,NULL,NULL,NULL,NULL,NULL,1,0,'80687266-6761-43a2-bd98-f42349a9bb63','2019-06-01 17:54:14','2019-06-01 17:54:14'),('v3yjqs2-d3dm-y1a0-1g9c','705C1',NULL,'$2y$10$7Nr7lHpeouo.3Swq.mM.3uNu0zjJmyyEGxgTOA1F9UYq7dXSFfyHK','USUARIO 705C1',NULL,NULL,NULL,NULL,NULL,NULL,NULL,NULL,1,0,'80687266-6761-43a2-bd98-f42349a9bb63','2019-06-01 17:54:26','2019-06-01 17:54:26'),('v7ifnlw-6gml-qt41-wqen','689C1',NULL,'$2y$10$7Nr7lHpeouo.3Swq.mM.3uNu0zjJmyyEGxgTOA1F9UYq7dXSFfyHK','USUARIO 689C1',NULL,NULL,NULL,NULL,NULL,NULL,NULL,NULL,1,0,'80687266-6761-43a2-bd98-f42349a9bb63','2019-06-01 17:54:15','2019-06-01 17:54:15'),('vwa3x65-7xsd-62qr-df59','707B1',NULL,'$2y$10$7Nr7lHpeouo.3Swq.mM.3uNu0zjJmyyEGxgTOA1F9UYq7dXSFfyHK','USUARIO 707B1',NULL,NULL,NULL,NULL,NULL,NULL,NULL,NULL,1,0,'80687266-6761-43a2-bd98-f42349a9bb63','2019-06-01 17:54:26','2019-06-01 17:54:26'),('vxc4pon-tfk1-ya58-a3dj','758B1',NULL,'$2y$10$7Nr7lHpeouo.3Swq.mM.3uNu0zjJmyyEGxgTOA1F9UYq7dXSFfyHK','USUARIO 758B1',NULL,NULL,NULL,NULL,NULL,NULL,NULL,NULL,1,0,'80687266-6761-43a2-bd98-f42349a9bb63','2019-06-01 17:54:49','2019-06-01 17:54:49'),('vyf86os-2339-2x73-hevz','774B1',NULL,'$2y$10$7Nr7lHpeouo.3Swq.mM.3uNu0zjJmyyEGxgTOA1F9UYq7dXSFfyHK','USUARIO 774B1',NULL,NULL,NULL,NULL,NULL,NULL,NULL,NULL,1,0,'80687266-6761-43a2-bd98-f42349a9bb63','2019-06-01 17:54:57','2019-06-01 17:54:57'),('w0mn646-j0tt-36mi-5b83','698B1',NULL,'$2y$10$7Nr7lHpeouo.3Swq.mM.3uNu0zjJmyyEGxgTOA1F9UYq7dXSFfyHK','USUARIO 698B1',NULL,NULL,NULL,NULL,NULL,NULL,NULL,NULL,1,0,'80687266-6761-43a2-bd98-f42349a9bb63','2019-06-01 17:54:24','2019-06-01 17:54:24'),('w3ym031-q7pw-34oh-m3r9','697C1',NULL,'$2y$10$7Nr7lHpeouo.3Swq.mM.3uNu0zjJmyyEGxgTOA1F9UYq7dXSFfyHK','USUARIO 697C1',NULL,NULL,NULL,NULL,NULL,NULL,NULL,NULL,1,0,'80687266-6761-43a2-bd98-f42349a9bb63','2019-06-01 17:54:24','2019-06-01 17:54:24'),('w4wvwte-dhom-lh94-z9i4','746B1',NULL,'$2y$10$7Nr7lHpeouo.3Swq.mM.3uNu0zjJmyyEGxgTOA1F9UYq7dXSFfyHK','USUARIO 746B1',NULL,NULL,NULL,NULL,NULL,NULL,NULL,NULL,1,0,'80687266-6761-43a2-bd98-f42349a9bb63','2019-06-01 17:54:52','2019-06-01 17:54:52'),('w6pvspw-dchm-gjp6-amds','876C1',NULL,'$2y$10$7Nr7lHpeouo.3Swq.mM.3uNu0zjJmyyEGxgTOA1F9UYq7dXSFfyHK','USUARIO 876C1',NULL,NULL,NULL,NULL,NULL,NULL,NULL,NULL,1,0,'80687266-6761-43a2-bd98-f42349a9bb63','2019-06-01 17:54:42','2019-06-01 17:54:42'),('w9qzgsr-t8xz-rfmp-zcqs','880B1',NULL,'$2y$10$7Nr7lHpeouo.3Swq.mM.3uNu0zjJmyyEGxgTOA1F9UYq7dXSFfyHK','USUARIO 880B1',NULL,NULL,NULL,NULL,NULL,NULL,NULL,NULL,1,0,'80687266-6761-43a2-bd98-f42349a9bb63','2019-06-01 17:54:40','2019-06-01 17:54:40'),('wh6dlpp-zsio-ivxc-y5qz','695C1',NULL,'$2y$10$7Nr7lHpeouo.3Swq.mM.3uNu0zjJmyyEGxgTOA1F9UYq7dXSFfyHK','USUARIO 695C1',NULL,NULL,NULL,NULL,NULL,NULL,NULL,NULL,1,0,'80687266-6761-43a2-bd98-f42349a9bb63','2019-06-01 17:54:23','2019-06-01 17:54:23'),('wlk8sp5-9v56-me94-ko5f','874C12',NULL,'$2y$10$7Nr7lHpeouo.3Swq.mM.3uNu0zjJmyyEGxgTOA1F9UYq7dXSFfyHK','USUARIO 874C12',NULL,NULL,NULL,NULL,NULL,NULL,NULL,NULL,1,0,'80687266-6761-43a2-bd98-f42349a9bb63','2019-06-01 17:54:44','2019-06-01 17:54:44'),('wo9fhj2-tol0-v8sv-b29o','771B1',NULL,'$2y$10$7Nr7lHpeouo.3Swq.mM.3uNu0zjJmyyEGxgTOA1F9UYq7dXSFfyHK','USUARIO 771B1',NULL,NULL,NULL,NULL,NULL,NULL,NULL,NULL,1,0,'80687266-6761-43a2-bd98-f42349a9bb63','2019-06-01 17:54:56','2019-06-01 17:54:56'),('wpc9ekj-aixm-dyd6-hfcr','704B1',NULL,'$2y$10$7Nr7lHpeouo.3Swq.mM.3uNu0zjJmyyEGxgTOA1F9UYq7dXSFfyHK','USUARIO 704B1',NULL,NULL,NULL,NULL,NULL,NULL,NULL,NULL,1,0,'80687266-6761-43a2-bd98-f42349a9bb63','2019-06-01 17:54:26','2019-06-01 17:54:26'),('wxesz7h-hy6u-e06h-8tso','740B1',NULL,'$2y$10$7Nr7lHpeouo.3Swq.mM.3uNu0zjJmyyEGxgTOA1F9UYq7dXSFfyHK','USUARIO 740B1',NULL,NULL,NULL,NULL,NULL,NULL,NULL,NULL,1,0,'80687266-6761-43a2-bd98-f42349a9bb63','2019-06-01 17:54:28','2019-06-01 17:54:28'),('wz5o6yn-dhtx-06rb-x41h','718B1',NULL,'$2y$10$7Nr7lHpeouo.3Swq.mM.3uNu0zjJmyyEGxgTOA1F9UYq7dXSFfyHK','USUARIO 718B1',NULL,NULL,NULL,NULL,NULL,NULL,NULL,NULL,1,0,'80687266-6761-43a2-bd98-f42349a9bb63','2019-06-01 17:54:17','2019-06-01 17:54:17'),('wzhm4j2-mhds-z1s2-3rnf','904B1',NULL,'$2y$10$7Nr7lHpeouo.3Swq.mM.3uNu0zjJmyyEGxgTOA1F9UYq7dXSFfyHK','USUARIO 904B1',NULL,NULL,NULL,NULL,NULL,NULL,NULL,NULL,1,0,'80687266-6761-43a2-bd98-f42349a9bb63','2019-06-01 17:54:32','2019-06-01 17:54:32'),('x00xotc-6ke9-tcgu-tjhr','874C9',NULL,'$2y$10$7Nr7lHpeouo.3Swq.mM.3uNu0zjJmyyEGxgTOA1F9UYq7dXSFfyHK','USUARIO 874C9',NULL,NULL,NULL,NULL,NULL,NULL,NULL,NULL,1,0,'80687266-6761-43a2-bd98-f42349a9bb63','2019-06-01 17:54:44','2019-06-01 17:54:44'),('x0nio4e-4qwm-ouw0-i65k','737B1',NULL,'$2y$10$7Nr7lHpeouo.3Swq.mM.3uNu0zjJmyyEGxgTOA1F9UYq7dXSFfyHK','USUARIO 737B1',NULL,NULL,NULL,NULL,NULL,NULL,NULL,NULL,1,0,'80687266-6761-43a2-bd98-f42349a9bb63','2019-06-01 17:54:21','2019-06-01 17:54:21'),('x18qfeo-f1zt-ub4g-f9jp','884C1',NULL,'$2y$10$7Nr7lHpeouo.3Swq.mM.3uNu0zjJmyyEGxgTOA1F9UYq7dXSFfyHK','USUARIO 884C1',NULL,NULL,NULL,NULL,NULL,NULL,NULL,NULL,1,0,'80687266-6761-43a2-bd98-f42349a9bb63','2019-06-01 17:54:41','2019-06-01 17:54:41'),('x4a0tbp-m0yl-6uig-cyv8','206C1',NULL,'$2y$10$7Nr7lHpeouo.3Swq.mM.3uNu0zjJmyyEGxgTOA1F9UYq7dXSFfyHK','USUARIO 206C1',NULL,NULL,NULL,NULL,NULL,NULL,NULL,NULL,1,0,'80687266-6761-43a2-bd98-f42349a9bb63','2019-06-01 17:54:54','2019-06-01 17:54:54'),('x9541ol-36k5-5ryt-iwpy','874B1',NULL,'$2y$10$7Nr7lHpeouo.3Swq.mM.3uNu0zjJmyyEGxgTOA1F9UYq7dXSFfyHK','USUARIO 874B1',NULL,NULL,NULL,NULL,NULL,NULL,NULL,NULL,1,0,'80687266-6761-43a2-bd98-f42349a9bb63','2019-06-01 17:54:43','2019-06-01 17:54:43'),('xark56q-ltwu-phs7-vyh8','710B1',NULL,'$2y$10$7Nr7lHpeouo.3Swq.mM.3uNu0zjJmyyEGxgTOA1F9UYq7dXSFfyHK','USUARIO 710B1',NULL,NULL,NULL,NULL,NULL,NULL,NULL,NULL,1,0,'80687266-6761-43a2-bd98-f42349a9bb63','2019-06-01 17:54:19','2019-06-01 17:54:19'),('xasgeny-9ktt-kwhe-pssp','737C1',NULL,'$2y$10$7Nr7lHpeouo.3Swq.mM.3uNu0zjJmyyEGxgTOA1F9UYq7dXSFfyHK','USUARIO 737C1',NULL,NULL,NULL,NULL,NULL,NULL,NULL,NULL,1,0,'80687266-6761-43a2-bd98-f42349a9bb63','2019-06-01 17:54:21','2019-06-01 17:54:21'),('xkzqsqc-hsmm-r54w-kauz','675B1',NULL,'$2y$10$7Nr7lHpeouo.3Swq.mM.3uNu0zjJmyyEGxgTOA1F9UYq7dXSFfyHK','USUARIO 675B1',NULL,NULL,NULL,NULL,NULL,NULL,NULL,NULL,1,0,'80687266-6761-43a2-bd98-f42349a9bb63','2019-06-01 17:54:13','2019-06-01 17:54:13'),('xm6t5z2-a0vv-sm4d-yd5e','915B1',NULL,'$2y$10$7Nr7lHpeouo.3Swq.mM.3uNu0zjJmyyEGxgTOA1F9UYq7dXSFfyHK','USUARIO 915B1',NULL,NULL,NULL,NULL,NULL,NULL,NULL,NULL,1,0,'80687266-6761-43a2-bd98-f42349a9bb63','2019-06-01 17:54:29','2019-06-01 17:54:29'),('xn3v7hq-93rf-fkai-99ei','768B1',NULL,'$2y$10$7Nr7lHpeouo.3Swq.mM.3uNu0zjJmyyEGxgTOA1F9UYq7dXSFfyHK','USUARIO 768B1',NULL,NULL,NULL,NULL,NULL,NULL,NULL,NULL,1,0,'80687266-6761-43a2-bd98-f42349a9bb63','2019-06-01 17:54:57','2019-06-01 17:54:57'),('xo2ih7k-sozg-i22f-zffy','731C1',NULL,'$2y$10$7Nr7lHpeouo.3Swq.mM.3uNu0zjJmyyEGxgTOA1F9UYq7dXSFfyHK','USUARIO 731C1',NULL,NULL,NULL,NULL,NULL,NULL,NULL,NULL,1,0,'80687266-6761-43a2-bd98-f42349a9bb63','2019-06-01 17:54:27','2019-06-01 17:54:27'),('xoaw3g9-ebw5-k70w-pscs','888C1',NULL,'$2y$10$7Nr7lHpeouo.3Swq.mM.3uNu0zjJmyyEGxgTOA1F9UYq7dXSFfyHK','USUARIO 888C1',NULL,NULL,NULL,NULL,NULL,NULL,NULL,NULL,1,0,'80687266-6761-43a2-bd98-f42349a9bb63','2019-06-01 17:54:36','2019-06-01 17:54:36'),('xqlzang-jaw6-jfha-5wc9','681C3',NULL,'$2y$10$7Nr7lHpeouo.3Swq.mM.3uNu0zjJmyyEGxgTOA1F9UYq7dXSFfyHK','USUARIO 681C3',NULL,NULL,NULL,NULL,NULL,NULL,NULL,NULL,1,0,'80687266-6761-43a2-bd98-f42349a9bb63','2019-06-01 17:54:14','2019-06-01 17:54:14'),('xvzfvay-s4o5-0rqf-wmfk','739B1',NULL,'$2y$10$7Nr7lHpeouo.3Swq.mM.3uNu0zjJmyyEGxgTOA1F9UYq7dXSFfyHK','USUARIO 739B1',NULL,NULL,NULL,NULL,NULL,NULL,NULL,NULL,1,0,'80687266-6761-43a2-bd98-f42349a9bb63','2019-06-01 17:54:28','2019-06-01 17:54:28'),('y1ou42s-srsr-o285-u0mo','890B1',NULL,'$2y$10$7Nr7lHpeouo.3Swq.mM.3uNu0zjJmyyEGxgTOA1F9UYq7dXSFfyHK','USUARIO 890B1',NULL,NULL,NULL,NULL,NULL,NULL,NULL,NULL,1,0,'80687266-6761-43a2-bd98-f42349a9bb63','2019-06-01 17:54:37','2019-06-01 17:54:37'),('y2gon6v-zksc-tsub-xsjz','916B1',NULL,'$2y$10$7Nr7lHpeouo.3Swq.mM.3uNu0zjJmyyEGxgTOA1F9UYq7dXSFfyHK','USUARIO 916B1',NULL,NULL,NULL,NULL,NULL,NULL,NULL,NULL,1,0,'80687266-6761-43a2-bd98-f42349a9bb63','2019-06-01 17:54:30','2019-06-01 17:54:30'),('yasfv5q-42bj-8tu9-u6jc','874C8',NULL,'$2y$10$7Nr7lHpeouo.3Swq.mM.3uNu0zjJmyyEGxgTOA1F9UYq7dXSFfyHK','USUARIO 874C8',NULL,NULL,NULL,NULL,NULL,NULL,NULL,NULL,1,0,'80687266-6761-43a2-bd98-f42349a9bb63','2019-06-01 17:54:44','2019-06-01 17:54:44'),('ydq424i-4xx2-qjnz-ret5','874C3',NULL,'$2y$10$7Nr7lHpeouo.3Swq.mM.3uNu0zjJmyyEGxgTOA1F9UYq7dXSFfyHK','USUARIO 874C3',NULL,NULL,NULL,NULL,NULL,NULL,NULL,NULL,1,0,'80687266-6761-43a2-bd98-f42349a9bb63','2019-06-01 17:54:43','2019-06-01 17:54:43'),('ydqmu6t-99an-h2hk-heof','909B1',NULL,'$2y$10$7Nr7lHpeouo.3Swq.mM.3uNu0zjJmyyEGxgTOA1F9UYq7dXSFfyHK','USUARIO 909B1',NULL,NULL,NULL,NULL,NULL,NULL,NULL,NULL,1,0,'80687266-6761-43a2-bd98-f42349a9bb63','2019-06-01 17:54:34','2019-06-01 17:54:34'),('yg32ixn-x128-meu1-cwj4','668B1',NULL,'$2y$10$7Nr7lHpeouo.3Swq.mM.3uNu0zjJmyyEGxgTOA1F9UYq7dXSFfyHK','USUARIO 668B1',NULL,NULL,NULL,NULL,NULL,NULL,NULL,NULL,1,0,'80687266-6761-43a2-bd98-f42349a9bb63','2019-06-01 17:54:11','2019-06-01 17:54:11'),('ynf4rxp-igiq-ric6-wef0','882C1',NULL,'$2y$10$7Nr7lHpeouo.3Swq.mM.3uNu0zjJmyyEGxgTOA1F9UYq7dXSFfyHK','USUARIO 882C1',NULL,NULL,NULL,NULL,NULL,NULL,NULL,NULL,1,0,'80687266-6761-43a2-bd98-f42349a9bb63','2019-06-01 17:54:40','2019-06-01 17:54:40'),('yof8oq9-t4wy-vco2-f3jp','879B1',NULL,'$2y$10$7Nr7lHpeouo.3Swq.mM.3uNu0zjJmyyEGxgTOA1F9UYq7dXSFfyHK','USUARIO 879B1',NULL,NULL,NULL,NULL,NULL,NULL,NULL,NULL,1,0,'80687266-6761-43a2-bd98-f42349a9bb63','2019-06-01 17:54:41','2019-06-01 17:54:41'),('ypeanta-4xka-9byk-ft5y','721B1',NULL,'$2y$10$7Nr7lHpeouo.3Swq.mM.3uNu0zjJmyyEGxgTOA1F9UYq7dXSFfyHK','USUARIO 721B1',NULL,NULL,NULL,NULL,NULL,NULL,NULL,NULL,1,0,'80687266-6761-43a2-bd98-f42349a9bb63','2019-06-01 17:54:17','2019-06-01 17:54:17'),('yuzsogv-ypxn-xpkv-z953','736C1',NULL,'$2y$10$7Nr7lHpeouo.3Swq.mM.3uNu0zjJmyyEGxgTOA1F9UYq7dXSFfyHK','USUARIO 736C1',NULL,NULL,NULL,NULL,NULL,NULL,NULL,NULL,1,0,'80687266-6761-43a2-bd98-f42349a9bb63','2019-06-01 17:54:31','2019-06-01 17:54:31'),('yy1bm4t-jk7c-du7j-vs11','749B1',NULL,'$2y$10$7Nr7lHpeouo.3Swq.mM.3uNu0zjJmyyEGxgTOA1F9UYq7dXSFfyHK','USUARIO 749B1',NULL,NULL,NULL,NULL,NULL,NULL,NULL,NULL,1,0,'80687266-6761-43a2-bd98-f42349a9bb63','2019-06-01 17:54:49','2019-06-01 17:54:49'),('yyrdd7m-w6fs-4kkm-3ucx','711B1',NULL,'$2y$10$7Nr7lHpeouo.3Swq.mM.3uNu0zjJmyyEGxgTOA1F9UYq7dXSFfyHK','USUARIO 711B1',NULL,NULL,NULL,NULL,NULL,NULL,NULL,NULL,1,0,'80687266-6761-43a2-bd98-f42349a9bb63','2019-06-01 17:54:16','2019-06-01 17:54:16'),('z39a40e-ha2n-jr2u-nttf','732C1',NULL,'$2y$10$7Nr7lHpeouo.3Swq.mM.3uNu0zjJmyyEGxgTOA1F9UYq7dXSFfyHK','USUARIO 732C1',NULL,NULL,NULL,NULL,NULL,NULL,NULL,NULL,1,0,'80687266-6761-43a2-bd98-f42349a9bb63','2019-06-01 17:54:27','2019-06-01 17:54:27'),('z3fvwm4-wdqq-cvaw-g1np','874C14',NULL,'$2y$10$7Nr7lHpeouo.3Swq.mM.3uNu0zjJmyyEGxgTOA1F9UYq7dXSFfyHK','USUARIO 874C14',NULL,NULL,NULL,NULL,NULL,NULL,NULL,NULL,1,0,'80687266-6761-43a2-bd98-f42349a9bb63','2019-06-01 17:54:45','2019-06-01 17:54:45'),('z3uj8ce-o8cs-v16q-jg26','675C2',NULL,'$2y$10$7Nr7lHpeouo.3Swq.mM.3uNu0zjJmyyEGxgTOA1F9UYq7dXSFfyHK','USUARIO 675C2',NULL,NULL,NULL,NULL,NULL,NULL,NULL,NULL,1,0,'80687266-6761-43a2-bd98-f42349a9bb63','2019-06-01 17:54:13','2019-06-01 17:54:13'),('z5fm7tl-9s67-8jhp-lvj4','903B1',NULL,'$2y$10$7Nr7lHpeouo.3Swq.mM.3uNu0zjJmyyEGxgTOA1F9UYq7dXSFfyHK','USUARIO 903B1',NULL,NULL,NULL,NULL,NULL,NULL,NULL,NULL,1,0,'80687266-6761-43a2-bd98-f42349a9bb63','2019-06-01 17:54:17','2019-06-01 17:54:17'),('zh44njv-fz5f-2xgy-gxrh','885C1',NULL,'$2y$10$7Nr7lHpeouo.3Swq.mM.3uNu0zjJmyyEGxgTOA1F9UYq7dXSFfyHK','USUARIO 885C1',NULL,NULL,NULL,NULL,NULL,NULL,NULL,NULL,1,0,'80687266-6761-43a2-bd98-f42349a9bb63','2019-06-01 17:54:39','2019-06-01 17:54:39'),('zo7m68j-lwzj-ukwi-otuo','714B1',NULL,'$2y$10$7Nr7lHpeouo.3Swq.mM.3uNu0zjJmyyEGxgTOA1F9UYq7dXSFfyHK','USUARIO 714B1',NULL,NULL,NULL,NULL,NULL,NULL,NULL,NULL,1,0,'80687266-6761-43a2-bd98-f42349a9bb63','2019-06-01 17:54:16','2019-06-01 17:54:16'),('zqxsdza-d7h1-ms6r-2rtm','772B1',NULL,'$2y$10$7Nr7lHpeouo.3Swq.mM.3uNu0zjJmyyEGxgTOA1F9UYq7dXSFfyHK','USUARIO 772B1',NULL,NULL,NULL,NULL,NULL,NULL,NULL,NULL,1,0,'80687266-6761-43a2-bd98-f42349a9bb63','2019-06-01 17:54:57','2019-06-01 17:54:57'),('zyokjv6-l2i1-suva-4pkp','206C8',NULL,'$2y$10$7Nr7lHpeouo.3Swq.mM.3uNu0zjJmyyEGxgTOA1F9UYq7dXSFfyHK','USUARIO 206C8',NULL,NULL,NULL,NULL,NULL,NULL,NULL,NULL,1,0,'80687266-6761-43a2-bd98-f42349a9bb63','2019-06-01 17:54:54','2019-06-01 17:54:54');
/*!40000 ALTER TABLE `users` ENABLE KEYS */;
UNLOCK TABLES;

--
-- Table structure for table `xmf_boxes_blocks`
--

DROP TABLE IF EXISTS `xmf_boxes_blocks`;
/*!40101 SET @saved_cs_client     = @@character_set_client */;
/*!40101 SET character_set_client = utf8 */;
CREATE TABLE `xmf_boxes_blocks` (
  `id` int(10) unsigned NOT NULL AUTO_INCREMENT,
  `nombre` text DEFAULT NULL,
  `descripcion` text DEFAULT NULL,
  `block` int(10) unsigned DEFAULT NULL,
  `created` datetime DEFAULT NULL,
  `modified` datetime DEFAULT NULL,
  PRIMARY KEY (`id`)
) ENGINE=InnoDB AUTO_INCREMENT=5 DEFAULT CHARSET=utf8mb4;
/*!40101 SET character_set_client = @saved_cs_client */;

--
-- Dumping data for table `xmf_boxes_blocks`
--

LOCK TABLES `xmf_boxes_blocks` WRITE;
/*!40000 ALTER TABLE `xmf_boxes_blocks` DISABLE KEYS */;
INSERT INTO `xmf_boxes_blocks` VALUES (1,'last_report','1st Coalitions',1,'2018-05-02 18:53:02','2018-05-02 18:53:02'),(2,'last_report','2nd',2,'2018-05-02 18:53:02','2018-05-02 18:53:02'),(3,'last_report','3rd',3,'2018-05-02 18:53:02','2018-05-02 18:53:02'),(4,'last_report','4th',4,'2018-05-02 18:53:02','2018-05-02 18:53:02');
/*!40000 ALTER TABLE `xmf_boxes_blocks` ENABLE KEYS */;
UNLOCK TABLES;

--
-- Table structure for table `xmf_boxes_orders`
--

DROP TABLE IF EXISTS `xmf_boxes_orders`;
/*!40101 SET @saved_cs_client     = @@character_set_client */;
/*!40101 SET character_set_client = utf8 */;
CREATE TABLE `xmf_boxes_orders` (
  `id` int(10) unsigned NOT NULL AUTO_INCREMENT,
  `name` text DEFAULT NULL,
  `formula` text DEFAULT NULL,
  `descripcion` text DEFAULT NULL,
  `xmf_partidos` int(10) unsigned DEFAULT NULL,
  `xmf_tipo_votaciones_id` int(10) unsigned DEFAULT NULL,
  `order` int(10) unsigned DEFAULT NULL,
  `partition` int(10) unsigned DEFAULT NULL,
  `xmf_boxes_blocks_id` int(10) unsigned DEFAULT NULL,
  `status` tinyint(1) NOT NULL DEFAULT 1,
  `created` datetime DEFAULT NULL,
  `modified` datetime DEFAULT NULL,
  PRIMARY KEY (`id`)
) ENGINE=InnoDB AUTO_INCREMENT=79 DEFAULT CHARSET=utf8mb4;
/*!40101 SET character_set_client = @saved_cs_client */;

--
-- Dumping data for table `xmf_boxes_orders`
--

LOCK TABLES `xmf_boxes_orders` WRITE;
/*!40000 ALTER TABLE `xmf_boxes_orders` DISABLE KEYS */;
INSERT INTO `xmf_boxes_orders` VALUES (1,'PAN-PRD-PES','','bloque-coaliciones',NULL,1,1,1,1,1,'2018-05-02 19:01:14','2018-05-02 19:01:14'),(2,'PRI-PVE-PANAL','','bloque-coaliciones',NULL,1,2,1,1,1,'2018-05-02 19:01:14','2018-05-02 19:01:14'),(3,'MORENA-PT-PVE','','bloque-coaliciones',NULL,1,3,1,1,1,'2018-05-02 19:01:14','2018-05-02 19:01:14'),(4,'Bronco','','bloque-coaliciones',NULL,1,4,1,1,1,'2018-05-02 19:01:14','2018-05-02 19:01:14'),(5,'Margarita Zavala','','bloque-coaliciones',NULL,1,5,2,1,1,'2018-05-02 19:01:14','2018-05-02 19:01:14'),(6,'No Registrados','','bloque-coaliciones',NULL,1,6,2,1,1,'2018-05-02 19:01:14','2018-05-02 19:01:14'),(7,'Votos Nulos','','bloque-coaliciones',NULL,1,7,2,1,1,'2018-05-02 19:01:14','2018-05-02 19:01:14'),(8,'PAN-PRD-PES','','bloque-coaliciones',NULL,2,1,1,1,1,'2018-05-02 19:01:14','2018-05-02 19:01:14'),(9,'PRI-PVE-PANAL','','bloque-coaliciones',NULL,2,2,1,1,1,'2018-05-02 19:01:14','2018-05-02 19:01:14'),(10,'MORENA-PT-PES','','bloque-coaliciones',NULL,2,3,1,1,1,'2018-05-02 19:01:14','2018-05-02 19:01:14'),(11,'Bronco','','bloque-coaliciones',NULL,2,4,1,1,1,'2018-05-02 19:01:14','2018-05-02 19:01:14'),(12,'Margarita Zavala','','bloque-coaliciones',NULL,2,5,2,1,1,'2018-05-02 19:01:14','2018-05-02 19:01:14'),(13,'No Registrados','','bloque-coaliciones',NULL,2,6,2,1,1,'2018-05-02 19:01:14','2018-05-02 19:01:14'),(14,'Votos Nulos','','bloque-coaliciones',NULL,2,7,2,1,1,'2018-05-02 19:01:14','2018-05-02 19:01:14'),(15,'PAN-PRD-PES','','bloque-coaliciones',NULL,3,1,1,1,1,'2018-05-02 19:01:14','2018-05-02 19:01:14'),(16,'PRI-PVE-PANAL','','bloque-coaliciones',NULL,3,2,1,1,1,'2018-05-02 19:01:14','2018-05-02 19:01:14'),(17,'MORENA-PT-PES','','bloque-coaliciones',NULL,3,3,1,1,1,'2018-05-02 19:01:14','2018-05-02 19:01:14'),(18,'Bronco','','bloque-coaliciones',NULL,3,4,1,1,1,'2018-05-02 19:01:14','2018-05-02 19:01:14'),(19,'Margarita Zavala','','bloque-coaliciones',NULL,3,5,2,1,1,'2018-05-02 19:01:14','2018-05-02 19:01:14'),(20,'No Registrados','','bloque-coaliciones',NULL,3,6,2,1,1,'2018-05-02 19:01:14','2018-05-02 19:01:14'),(21,'Votos Nulos','','bloque-coaliciones',NULL,3,7,2,1,1,'2018-05-02 19:01:14','2018-05-02 19:01:14'),(22,'PAN-PRD-PES','','bloque-coaliciones',NULL,4,1,1,1,1,'2018-05-02 19:01:14','2018-05-02 19:01:14'),(23,'PRI-PVE-PANAL','','bloque-coaliciones',NULL,4,2,1,1,1,'2018-05-02 19:01:14','2018-05-02 19:01:14'),(24,'MORENA-PT-VDE','','bloque-coaliciones',NULL,4,3,1,1,1,'2018-05-02 19:01:14','2018-05-02 19:01:14'),(25,'No Registrados','','bloque-coaliciones',NULL,4,6,2,1,1,'2018-05-02 19:01:14','2018-05-02 19:01:14'),(26,'Votos Nulos','','bloque-coaliciones',NULL,4,7,2,1,1,'2018-05-02 19:01:14','2018-05-02 19:01:14'),(27,'MORENA-PT','MORENA PT','only-coalition',NULL,1,3,NULL,2,0,'2018-05-02 19:01:24','2018-05-02 19:01:24'),(28,'MORENA-PT','MORENA PT','only-coalition',NULL,2,3,NULL,2,0,'2018-05-02 19:01:24','2018-05-02 19:01:24'),(29,'MORENA-PT','MORENA PT','only-coalition',NULL,3,3,NULL,2,0,'2018-05-02 19:01:24','2018-05-02 19:01:24'),(31,'MORENA-PT-VDE','MORENA VDE','only-coalition',NULL,1,1,NULL,2,1,'2018-05-02 19:01:24','2018-05-02 19:01:24'),(32,'MORENA-PT-PES','MORENA PES','only-coalition',NULL,2,1,NULL,2,1,'2018-05-02 19:01:24','2018-05-02 19:01:24'),(33,'MORENA-PT-PES','MORENA PES','only-coalition',NULL,3,1,NULL,2,1,'2018-05-02 19:01:24','2018-05-02 19:01:24'),(34,'MORENA-PT-VDE','MORENA VDE','only-coalition',NULL,4,1,NULL,2,1,'2018-05-02 19:01:24','2018-05-02 19:01:24'),(35,'MORENA-PT-VDE','MORENA VDE','only-coalition',NULL,1,2,NULL,2,1,'2018-05-02 19:01:24','2018-05-02 19:01:24'),(36,'MORENA-PT-PES','MORENA PT','only-coalition',NULL,2,2,NULL,2,1,'2018-05-02 19:01:24','2018-05-02 19:01:24'),(37,'MORENA-PT-PES','MORENA PT','only-coalition',NULL,3,2,NULL,2,1,'2018-05-02 19:01:24','2018-05-02 19:01:24'),(38,'MORENA-PT-VDE','MORENA PT','only-coalition',NULL,4,2,NULL,2,1,'2018-05-02 19:01:24','2018-05-02 19:01:24'),(39,'MORENA-PT-VDE','MORENA PT VDE','only-coalition',NULL,1,4,NULL,2,1,'2018-05-02 19:01:24','2018-05-02 19:01:24'),(40,'MORENA-PT-PES','MORENA PT PES','only-coalition',NULL,2,4,NULL,2,1,'2018-05-02 19:01:24','2018-05-02 19:01:24'),(41,'MORENA-PT-PES','MORENA PT PES','only-coalition',NULL,3,4,NULL,2,1,'2018-05-02 19:01:24','2018-05-02 19:01:24'),(42,'MORENA-PT-VDE','MORENA PT VDE','only-coalition',NULL,4,4,NULL,2,1,'2018-05-02 19:01:24','2018-05-02 19:01:24'),(43,'MORENA-PT-VDE','PT VDE','only-coalition',NULL,1,12,NULL,2,1,'2018-05-02 19:01:24','2018-05-02 19:01:24'),(44,'MORENA-PT-PES','PT PES','only-coalition',NULL,2,12,NULL,2,1,'2018-05-02 19:01:24','2018-05-02 19:01:24'),(45,'MORENA-PT-PES','PT PES','only-coalition',NULL,3,12,NULL,2,1,'2018-05-02 19:01:24','2018-05-02 19:01:24'),(46,'MORENA-PT-VDE','PT VDE','only-coalition',NULL,4,12,NULL,2,1,'2018-05-02 19:01:24','2018-05-02 19:01:24'),(47,'PAN-PRD-PES','PAN PES','only-coalition',NULL,1,5,NULL,2,1,'2018-05-02 19:01:24','2018-05-02 19:01:24'),(48,'PAN-PRD-PES','PAN PES','only-coalition',NULL,2,5,NULL,2,1,'2018-05-02 19:01:24','2018-05-02 19:01:24'),(49,'PAN-PRD-PES','PAN PES','only-coalition',NULL,3,5,NULL,2,1,'2018-05-02 19:01:24','2018-05-02 19:01:24'),(50,'PAN-PRD-PES','PAN PES','only-coalition',NULL,4,5,NULL,2,1,'2018-05-02 19:01:24','2018-05-02 19:01:24'),(51,'PAN-PRD-PES','PAN PRD','only-coalition',NULL,1,6,NULL,2,1,'2018-05-02 19:01:24','2018-05-02 19:01:24'),(52,'PAN-PRD-PES','PAN PRD','only-coalition',NULL,2,6,NULL,2,1,'2018-05-02 19:01:24','2018-05-02 19:01:24'),(53,'PAN-PRD-PES','PAN PRD','only-coalition',NULL,3,6,NULL,2,1,'2018-05-02 19:01:24','2018-05-02 19:01:24'),(54,'PAN-PRD-PES','PAN PRD','only-coalition',NULL,4,6,NULL,2,1,'2018-05-02 19:01:24','2018-05-02 19:01:24'),(55,'PAN-PRD-PES','PAN PRD PES','only-coalition',NULL,1,7,NULL,2,1,'2018-05-02 19:01:24','2018-05-02 19:01:24'),(56,'PAN-PRD-PES','PAN PRD PES','only-coalition',NULL,2,7,NULL,2,1,'2018-05-02 19:01:24','2018-05-02 19:01:24'),(57,'PAN-PRD-PES','PAN PRD PES','only-coalition',NULL,3,7,NULL,2,1,'2018-05-02 19:01:24','2018-05-02 19:01:24'),(58,'PAN-PRD-PES','PAN PRD PES','only-coalition',NULL,4,7,NULL,2,1,'2018-05-02 19:01:24','2018-05-02 19:01:24'),(59,'PAN-PRD-PES','PRD PES','only-coalition',NULL,1,8,NULL,2,1,'2018-05-02 19:01:24','2018-05-02 19:01:24'),(60,'PAN-PRD-PES','PRD PES','only-coalition',NULL,2,8,NULL,2,1,'2018-05-02 19:01:24','2018-05-02 19:01:24'),(61,'PAN-PRD-PES','PRD PES','only-coalition',NULL,3,8,NULL,2,1,'2018-05-02 19:01:24','2018-05-02 19:01:24'),(62,'PAN-PRD-PES','PRD PES','only-coalition',NULL,4,8,NULL,2,1,'2018-05-02 19:01:24','2018-05-02 19:01:24'),(63,'PRI-PVE-PANAL','PRI PANAL','only-coalition',NULL,1,9,NULL,2,1,'2018-05-02 19:01:24','2018-05-02 19:01:24'),(64,'PRI-PVE-PANAL','PRI PANAL','only-coalition',NULL,2,9,NULL,2,1,'2018-05-02 19:01:24','2018-05-02 19:01:24'),(65,'PRI-PVE-PANAL','PRI PANAL','only-coalition',NULL,3,9,NULL,2,1,'2018-05-02 19:01:24','2018-05-02 19:01:24'),(66,'PRI-PVE-PANAL','PRI PANAL','only-coalition',NULL,4,9,NULL,2,1,'2018-05-02 19:01:24','2018-05-02 19:01:24'),(67,'PRI-PVE-PANAL','PRI PVE','only-coalition',NULL,1,10,NULL,2,1,'2018-05-02 19:01:24','2018-05-02 19:01:24'),(68,'PRI-PVE-PANAL','PRI PVE','only-coalition',NULL,2,10,NULL,2,1,'2018-05-02 19:01:24','2018-05-02 19:01:24'),(69,'PRI-PVE-PANAL','PRI PVE','only-coalition',NULL,3,10,NULL,2,1,'2018-05-02 19:01:24','2018-05-02 19:01:24'),(70,'PRI-PVE-PANAL','PRI PVE','only-coalition',NULL,4,10,NULL,2,1,'2018-05-02 19:01:24','2018-05-02 19:01:24'),(71,'PRI-PVE-PANAL','PRI PVE PANAL','only-coalition',NULL,1,11,NULL,2,1,'2018-05-02 19:01:24','2018-05-02 19:01:24'),(72,'PRI-PVE-PANAL','PRI PVE PANAL','only-coalition',NULL,2,11,NULL,2,1,'2018-05-02 19:01:24','2018-05-02 19:01:24'),(73,'PRI-PVE-PANAL','PRI PVE PANAL','only-coalition',NULL,3,11,NULL,2,1,'2018-05-02 19:01:24','2018-05-02 19:01:24'),(74,'PRI-PVE-PANAL','PRI PVE PANAL','only-coalition',NULL,4,11,NULL,2,1,'2018-05-02 19:01:24','2018-05-02 19:01:24'),(75,'PRI-PVE-PANAL','PVE PANAL','only-coalition',NULL,1,13,NULL,2,1,'2018-05-02 19:01:24','2018-05-02 19:01:24'),(76,'PRI-PVE-PANAL','PVE PANAL','only-coalition',NULL,2,13,NULL,2,1,'2018-05-02 19:01:24','2018-05-02 19:01:24'),(77,'PRI-PVE-PANAL','PVE PANAL','only-coalition',NULL,3,13,NULL,2,1,'2018-05-02 19:01:24','2018-05-02 19:01:24'),(78,'PRI-PVE-PANAL','PVE PANAL','only-coalition',NULL,4,13,NULL,2,1,'2018-05-02 19:01:24','2018-05-02 19:01:24');
/*!40000 ALTER TABLE `xmf_boxes_orders` ENABLE KEYS */;
UNLOCK TABLES;

--
-- Table structure for table `xmf_casillas`
--

DROP TABLE IF EXISTS `xmf_casillas`;
/*!40101 SET @saved_cs_client     = @@character_set_client */;
/*!40101 SET character_set_client = utf8 */;
CREATE TABLE `xmf_casillas` (
  `id` int(10) unsigned NOT NULL AUTO_INCREMENT,
  `user_id` char(36) DEFAULT NULL,
  `rg_id` char(36) DEFAULT NULL,
  `name` char(50) NOT NULL,
  `description` char(150) NOT NULL,
  `municipio` text DEFAULT NULL,
  `seccion` text DEFAULT NULL,
  `clave_agrupamiento` char(2) DEFAULT NULL,
  `tipo_casilla` text DEFAULT NULL,
  `urbana` text DEFAULT NULL,
  `distrito` text DEFAULT NULL,
  `locacion` text DEFAULT NULL,
  `hora_presencia` time DEFAULT NULL,
  `hora_instalacion` time DEFAULT NULL,
  `hora_inicio` time DEFAULT NULL,
  `hora_cierre` time DEFAULT NULL,
  `created` datetime DEFAULT NULL,
  `modified` datetime DEFAULT NULL,
  `lugar_indicado` tinyint(1) DEFAULT NULL,
  `gente_fila` tinyint(1) DEFAULT NULL,
  `status` char(1) DEFAULT NULL,
  `reporte` int(11) DEFAULT NULL,
  `nombres_fila` text DEFAULT NULL,
  `abogado_casilla` text DEFAULT NULL,
  `rg_casilla` text DEFAULT NULL,
  `rg_telefono` text DEFAULT NULL,
  `rc_telefono` text DEFAULT NULL,
  PRIMARY KEY (`id`),
  UNIQUE KEY `name` (`name`)
) ENGINE=InnoDB AUTO_INCREMENT=343 DEFAULT CHARSET=utf8mb4;
/*!40101 SET character_set_client = @saved_cs_client */;

--
-- Dumping data for table `xmf_casillas`
--

LOCK TABLES `xmf_casillas` WRITE;
/*!40000 ALTER TABLE `xmf_casillas` DISABLE KEYS */;
INSERT INTO `xmf_casillas` VALUES (1,'yg32ixn-x128-meu1-cwj4',NULL,'668 B1','668 B1',NULL,NULL,NULL,NULL,NULL,NULL,NULL,NULL,NULL,NULL,NULL,NULL,NULL,NULL,NULL,NULL,NULL,NULL,NULL,'9999999999','9999999999','9999999999'),(2,'ljh1422-313d-fvrd-w88h',NULL,'668 C1','668 C1',NULL,NULL,NULL,NULL,NULL,NULL,NULL,NULL,NULL,NULL,NULL,NULL,NULL,NULL,NULL,NULL,NULL,NULL,NULL,'9999999999','9999999999','9999999999'),(3,'jct6utu-bij1-jl4p-e49y',NULL,'669 B1','669 B1',NULL,NULL,NULL,NULL,NULL,NULL,NULL,NULL,NULL,NULL,NULL,NULL,NULL,NULL,NULL,NULL,NULL,NULL,NULL,'9999999999','9999999999','9999999999'),(4,'utxo8gn-ql1u-cc5c-z257',NULL,'669 C1','669 C1',NULL,NULL,NULL,NULL,NULL,NULL,NULL,NULL,NULL,NULL,NULL,NULL,NULL,NULL,NULL,NULL,NULL,NULL,NULL,'9999999999','9999999999','9999999999'),(5,'0b7lqi6-kisl-volw-4i0o',NULL,'671 B1','671 B1',NULL,NULL,NULL,NULL,NULL,NULL,NULL,NULL,NULL,NULL,NULL,NULL,NULL,NULL,NULL,NULL,NULL,NULL,NULL,'9999999999','9999999999','9999999999'),(6,'4aibdlo-t4bx-sg0b-980x',NULL,'671 C1','671 C1',NULL,NULL,NULL,NULL,NULL,NULL,NULL,NULL,NULL,NULL,NULL,NULL,NULL,NULL,NULL,NULL,NULL,NULL,NULL,'9999999999','9999999999','9999999999'),(7,'g4mbq84-r53f-mj0p-pd24',NULL,'678 B1','678 B1',NULL,NULL,NULL,NULL,NULL,NULL,NULL,NULL,NULL,NULL,NULL,NULL,NULL,NULL,NULL,NULL,NULL,NULL,NULL,'9999999999','9999999999','9999999999'),(8,'1ea4iho-a267-d0gt-50xl',NULL,'678 C1','678 C1',NULL,NULL,NULL,NULL,NULL,NULL,NULL,NULL,NULL,NULL,NULL,NULL,NULL,NULL,NULL,NULL,NULL,NULL,NULL,'9999999999','9999999999','9999999999'),(9,'fif3ovp-7hg2-0gnm-k3lz',NULL,'679 B1','679 B1',NULL,NULL,NULL,NULL,NULL,NULL,NULL,NULL,NULL,NULL,NULL,NULL,NULL,NULL,NULL,NULL,NULL,NULL,NULL,'9999999999','9999999999','9999999999'),(10,'rz6ormd-yeeo-n8lh-kzmh',NULL,'679 C1','679 C1',NULL,NULL,NULL,NULL,NULL,NULL,NULL,NULL,NULL,NULL,NULL,NULL,NULL,NULL,NULL,NULL,NULL,NULL,NULL,'9999999999','9999999999','9999999999'),(11,'8a5i97k-kk27-8c5x-j625',NULL,'676 B1','676 B1',NULL,NULL,NULL,NULL,NULL,NULL,NULL,NULL,NULL,NULL,NULL,NULL,NULL,NULL,NULL,NULL,NULL,NULL,NULL,'9999999999','9999999999','9999999999'),(12,'pmw2krv-t5nu-zq1v-3xp1',NULL,'676 C1','676 C1',NULL,NULL,NULL,NULL,NULL,NULL,NULL,NULL,NULL,NULL,NULL,NULL,NULL,NULL,NULL,NULL,NULL,NULL,NULL,'9999999999','9999999999','9999999999'),(13,'sv7cavi-vh8i-psre-8zhx',NULL,'677 B1','677 B1',NULL,NULL,NULL,NULL,NULL,NULL,NULL,NULL,NULL,NULL,NULL,NULL,NULL,NULL,NULL,NULL,NULL,NULL,NULL,'9999999999','9999999999','9999999999'),(14,'0va8yov-z1n2-xwde-p773',NULL,'680 B1','680 B1',NULL,NULL,NULL,NULL,NULL,NULL,NULL,NULL,NULL,NULL,NULL,NULL,NULL,NULL,NULL,NULL,NULL,NULL,NULL,'9999999999','9999999999','9999999999'),(15,'gghhed8-a393-p6th-8qar',NULL,'680 C1','680 C1',NULL,NULL,NULL,NULL,NULL,NULL,NULL,NULL,NULL,NULL,NULL,NULL,NULL,NULL,NULL,NULL,NULL,NULL,NULL,'9999999999','9999999999','9999999999'),(16,'7s04wun-4afz-1790-xe7j',NULL,'680 C2','680 C2',NULL,NULL,NULL,NULL,NULL,NULL,NULL,NULL,NULL,NULL,NULL,NULL,NULL,NULL,NULL,NULL,NULL,NULL,NULL,'9999999999','9999999999','9999999999'),(17,'gz8otkx-f0p1-vm0w-bhxl',NULL,'680 C3','680 C3',NULL,NULL,NULL,NULL,NULL,NULL,NULL,NULL,NULL,NULL,NULL,NULL,NULL,NULL,NULL,NULL,NULL,NULL,NULL,'9999999999','9999999999','9999999999'),(18,'rnetxvg-29lx-r4ex-qgxc',NULL,'680 C4','680 C4',NULL,NULL,NULL,NULL,NULL,NULL,NULL,NULL,NULL,NULL,NULL,NULL,NULL,NULL,NULL,NULL,NULL,NULL,NULL,'9999999999','9999999999','9999999999'),(19,'cvtlmf2-eudw-770c-50tr',NULL,'680 C5','680 C5',NULL,NULL,NULL,NULL,NULL,NULL,NULL,NULL,NULL,NULL,NULL,NULL,NULL,NULL,NULL,NULL,NULL,NULL,NULL,'9999999999','9999999999','9999999999'),(20,'pm7nies-dy23-r1fn-9m9z',NULL,'670 B1','670 B1',NULL,NULL,NULL,NULL,NULL,NULL,NULL,NULL,NULL,NULL,NULL,NULL,NULL,NULL,NULL,NULL,NULL,NULL,NULL,'9999999999','9999999999','9999999999'),(21,'7wd517o-eqig-2o3r-45oh',NULL,'672 B1','672 B1',NULL,NULL,NULL,NULL,NULL,NULL,NULL,NULL,NULL,NULL,NULL,NULL,NULL,NULL,NULL,NULL,NULL,NULL,NULL,'9999999999','9999999999','9999999999'),(22,'byhigim-1jt6-rxyc-mjqa',NULL,'672 C1','672 C1',NULL,NULL,NULL,NULL,NULL,NULL,NULL,NULL,NULL,NULL,NULL,NULL,NULL,NULL,NULL,NULL,NULL,NULL,NULL,'9999999999','9999999999','9999999999'),(23,'auj9jys-qh1r-04uo-upcn',NULL,'673 B1','673 B1',NULL,NULL,NULL,NULL,NULL,NULL,NULL,NULL,NULL,NULL,NULL,NULL,NULL,NULL,NULL,NULL,NULL,NULL,NULL,'9999999999','9999999999','9999999999'),(24,'nlqi3jf-jylf-evwf-dxyd',NULL,'673 C1','673 C1',NULL,NULL,NULL,NULL,NULL,NULL,NULL,NULL,NULL,NULL,NULL,NULL,NULL,NULL,NULL,NULL,NULL,NULL,NULL,'9999999999','9999999999','9999999999'),(25,'xkzqsqc-hsmm-r54w-kauz',NULL,'675 B1','675 B1',NULL,NULL,NULL,NULL,NULL,NULL,NULL,NULL,NULL,NULL,NULL,NULL,NULL,NULL,NULL,NULL,NULL,NULL,NULL,'9999999999','9999999999','9999999999'),(26,'9ne685e-ulmz-mws5-yf8u',NULL,'675 C1','675 C1',NULL,NULL,NULL,NULL,NULL,NULL,NULL,NULL,NULL,NULL,NULL,NULL,NULL,NULL,NULL,NULL,NULL,NULL,NULL,'9999999999','9999999999','9999999999'),(27,'z3uj8ce-o8cs-v16q-jg26',NULL,'675 C2','675 C2',NULL,NULL,NULL,NULL,NULL,NULL,NULL,NULL,NULL,NULL,NULL,NULL,NULL,NULL,NULL,NULL,NULL,NULL,NULL,'9999999999','9999999999','9999999999'),(28,'h68aqc9-6lb2-n1gf-19f8',NULL,'675 C3','675 C3',NULL,NULL,NULL,NULL,NULL,NULL,NULL,NULL,NULL,NULL,NULL,NULL,NULL,NULL,NULL,NULL,NULL,NULL,NULL,'9999999999','9999999999','9999999999'),(29,'qsjqi9f-gbpo-eaia-ys7y',NULL,'681 B1','681 B1',NULL,NULL,NULL,NULL,NULL,NULL,NULL,NULL,NULL,NULL,NULL,NULL,NULL,NULL,NULL,NULL,NULL,NULL,NULL,'9999999999','9999999999','9999999999'),(30,'9aosff9-muko-se7e-z4gn',NULL,'681 C1','681 C1',NULL,NULL,NULL,NULL,NULL,NULL,NULL,NULL,NULL,NULL,NULL,NULL,NULL,NULL,NULL,NULL,NULL,NULL,NULL,'9999999999','9999999999','9999999999'),(31,'8dskhjb-myjl-4gh4-41or',NULL,'681 C2','681 C2',NULL,NULL,NULL,NULL,NULL,NULL,NULL,NULL,NULL,NULL,NULL,NULL,NULL,NULL,NULL,NULL,NULL,NULL,NULL,'9999999999','9999999999','9999999999'),(32,'xqlzang-jaw6-jfha-5wc9',NULL,'681 C3','681 C3',NULL,NULL,NULL,NULL,NULL,NULL,NULL,NULL,NULL,NULL,NULL,NULL,NULL,NULL,NULL,NULL,NULL,NULL,NULL,'9999999999','9999999999','9999999999'),(33,'1sua7up-ui6b-eyhm-ke06',NULL,'681 C4','681 C4',NULL,NULL,NULL,NULL,NULL,NULL,NULL,NULL,NULL,NULL,NULL,NULL,NULL,NULL,NULL,NULL,NULL,NULL,NULL,'9999999999','9999999999','9999999999'),(34,'erw6thz-9osz-bkw5-54fr',NULL,'681 C5','681 C5',NULL,NULL,NULL,NULL,NULL,NULL,NULL,NULL,NULL,NULL,NULL,NULL,NULL,NULL,NULL,NULL,NULL,NULL,NULL,'9999999999','9999999999','9999999999'),(35,'biwh29h-ec1m-pq45-fgyk',NULL,'681 C6','681 C6',NULL,NULL,NULL,NULL,NULL,NULL,NULL,NULL,NULL,NULL,NULL,NULL,NULL,NULL,NULL,NULL,NULL,NULL,NULL,'9999999999','9999999999','9999999999'),(36,'v2h9ihy-fwoz-hgrb-libb',NULL,'683 B1','683 B1',NULL,NULL,NULL,NULL,NULL,NULL,NULL,NULL,NULL,NULL,NULL,NULL,NULL,NULL,NULL,NULL,NULL,NULL,NULL,'9999999999','9999999999','9999999999'),(37,'s3cep0a-4c96-bj32-80dj',NULL,'683 C1','683 C1',NULL,NULL,NULL,NULL,NULL,NULL,NULL,NULL,NULL,NULL,NULL,NULL,NULL,NULL,NULL,NULL,NULL,NULL,NULL,'9999999999','9999999999','9999999999'),(38,'fawsllk-v0ht-xi2b-dff6',NULL,'684 B1','684 B1',NULL,NULL,NULL,NULL,NULL,NULL,NULL,NULL,NULL,NULL,NULL,NULL,NULL,NULL,NULL,NULL,NULL,NULL,NULL,'9999999999','9999999999','9999999999'),(39,'gdqxq86-nf3k-u094-ri4u',NULL,'682 B1','682 B1',NULL,NULL,NULL,NULL,NULL,NULL,NULL,NULL,NULL,NULL,NULL,NULL,NULL,NULL,NULL,NULL,NULL,NULL,NULL,'9999999999','9999999999','9999999999'),(40,'kjw5ckc-s4bh-3a0z-qs3s',NULL,'682 C1','682 C1',NULL,NULL,NULL,NULL,NULL,NULL,NULL,NULL,NULL,NULL,NULL,NULL,NULL,NULL,NULL,NULL,NULL,NULL,NULL,'9999999999','9999999999','9999999999'),(41,'o7biw6n-8kgt-wslg-a9qe',NULL,'685 B1','685 B1',NULL,NULL,NULL,NULL,NULL,NULL,NULL,NULL,NULL,NULL,NULL,NULL,NULL,NULL,NULL,NULL,NULL,NULL,NULL,'9999999999','9999999999','9999999999'),(42,'8x9kr4r-otzj-59em-rdmz',NULL,'685 C1','685 C1',NULL,NULL,NULL,NULL,NULL,NULL,NULL,NULL,NULL,NULL,NULL,NULL,NULL,NULL,NULL,NULL,NULL,NULL,NULL,'9999999999','9999999999','9999999999'),(43,'ezup593-7jct-8pqs-sd9j',NULL,'688 B1','688 B1',NULL,NULL,NULL,NULL,NULL,NULL,NULL,NULL,NULL,NULL,NULL,NULL,NULL,NULL,NULL,NULL,NULL,NULL,NULL,'9999999999','9999999999','9999999999'),(44,'8h2uuzj-mbkg-ii0q-048b',NULL,'688 C1','688 C1',NULL,NULL,NULL,NULL,NULL,NULL,NULL,NULL,NULL,NULL,NULL,NULL,NULL,NULL,NULL,NULL,NULL,NULL,NULL,'9999999999','9999999999','9999999999'),(45,'ts4v3yr-8xft-hd15-q0h6',NULL,'689 B1','689 B1',NULL,NULL,NULL,NULL,NULL,NULL,NULL,NULL,NULL,NULL,NULL,NULL,NULL,NULL,NULL,NULL,NULL,NULL,NULL,'9999999999','9999999999','9999999999'),(46,'v7ifnlw-6gml-qt41-wqen',NULL,'689 C1','689 C1',NULL,NULL,NULL,NULL,NULL,NULL,NULL,NULL,NULL,NULL,NULL,NULL,NULL,NULL,NULL,NULL,NULL,NULL,NULL,'9999999999','9999999999','9999999999'),(47,'gbgrodh-yrc7-43l1-gqn0',NULL,'691 B1','691 B1',NULL,NULL,NULL,NULL,NULL,NULL,NULL,NULL,NULL,NULL,NULL,NULL,NULL,NULL,NULL,NULL,NULL,NULL,NULL,'9999999999','9999999999','9999999999'),(48,'2gnsumi-bpwf-t1kh-2tyx',NULL,'691 C1','691 C1',NULL,NULL,NULL,NULL,NULL,NULL,NULL,NULL,NULL,NULL,NULL,NULL,NULL,NULL,NULL,NULL,NULL,NULL,NULL,'9999999999','9999999999','9999999999'),(49,'1098z34-5ufu-eos8-ao24',NULL,'690 B1','690 B1',NULL,NULL,NULL,NULL,NULL,NULL,NULL,NULL,NULL,NULL,NULL,NULL,NULL,NULL,NULL,NULL,NULL,NULL,NULL,'9999999999','9999999999','9999999999'),(50,'yyrdd7m-w6fs-4kkm-3ucx',NULL,'711 B1','711 B1',NULL,NULL,NULL,NULL,NULL,NULL,NULL,NULL,NULL,NULL,NULL,NULL,NULL,NULL,NULL,NULL,NULL,NULL,NULL,'9999999999','9999999999','9999999999'),(51,'cnhckl1-qziw-rvga-sib8',NULL,'711 C1','711 C1',NULL,NULL,NULL,NULL,NULL,NULL,NULL,NULL,NULL,NULL,NULL,NULL,NULL,NULL,NULL,NULL,NULL,NULL,NULL,'9999999999','9999999999','9999999999'),(52,'7e4wtdb-zfi0-k0i0-w19q',NULL,'712 B1','712 B1',NULL,NULL,NULL,NULL,NULL,NULL,NULL,NULL,NULL,NULL,NULL,NULL,NULL,NULL,NULL,NULL,NULL,NULL,NULL,'9999999999','9999999999','9999999999'),(53,'p73a0u2-qkeq-mky9-7dhm',NULL,'713 B1','713 B1',NULL,NULL,NULL,NULL,NULL,NULL,NULL,NULL,NULL,NULL,NULL,NULL,NULL,NULL,NULL,NULL,NULL,NULL,NULL,'9999999999','9999999999','9999999999'),(54,'43juasz-pqct-6mzu-y57m',NULL,'713 C1','713 C1',NULL,NULL,NULL,NULL,NULL,NULL,NULL,NULL,NULL,NULL,NULL,NULL,NULL,NULL,NULL,NULL,NULL,NULL,NULL,'9999999999','9999999999','9999999999'),(55,'zo7m68j-lwzj-ukwi-otuo',NULL,'714 B1','714 B1',NULL,NULL,NULL,NULL,NULL,NULL,NULL,NULL,NULL,NULL,NULL,NULL,NULL,NULL,NULL,NULL,NULL,NULL,NULL,'9999999999','9999999999','9999999999'),(56,'s4ybpq5-19uk-whlf-22cg',NULL,'714 C1','714 C1',NULL,NULL,NULL,NULL,NULL,NULL,NULL,NULL,NULL,NULL,NULL,NULL,NULL,NULL,NULL,NULL,NULL,NULL,NULL,'9999999999','9999999999','9999999999'),(57,'s2sv9hl-f14m-9oa9-wdsd',NULL,'719 B1','719 B1',NULL,NULL,NULL,NULL,NULL,NULL,NULL,NULL,NULL,NULL,NULL,NULL,NULL,NULL,NULL,NULL,NULL,NULL,NULL,'9999999999','9999999999','9999999999'),(58,'ij4jp02-qesz-tegn-x1kx',NULL,'719 C1','719 C1',NULL,NULL,NULL,NULL,NULL,NULL,NULL,NULL,NULL,NULL,NULL,NULL,NULL,NULL,NULL,NULL,NULL,NULL,NULL,'9999999999','9999999999','9999999999'),(59,'wz5o6yn-dhtx-06rb-x41h',NULL,'718 B1','718 B1',NULL,NULL,NULL,NULL,NULL,NULL,NULL,NULL,NULL,NULL,NULL,NULL,NULL,NULL,NULL,NULL,NULL,NULL,NULL,'9999999999','9999999999','9999999999'),(60,'391flmq-c7wq-odtw-b61r',NULL,'718 C1','718 C1',NULL,NULL,NULL,NULL,NULL,NULL,NULL,NULL,NULL,NULL,NULL,NULL,NULL,NULL,NULL,NULL,NULL,NULL,NULL,'9999999999','9999999999','9999999999'),(61,'2p6hhn3-9y99-8xqu-wsjy',NULL,'718 C2','718 C2',NULL,NULL,NULL,NULL,NULL,NULL,NULL,NULL,NULL,NULL,NULL,NULL,NULL,NULL,NULL,NULL,NULL,NULL,NULL,'9999999999','9999999999','9999999999'),(62,'ypeanta-4xka-9byk-ft5y',NULL,'721 B1','721 B1',NULL,NULL,NULL,NULL,NULL,NULL,NULL,NULL,NULL,NULL,NULL,NULL,NULL,NULL,NULL,NULL,NULL,NULL,NULL,'9999999999','9999999999','9999999999'),(63,'6j4golj-4lu5-ukmx-yyj0',NULL,'721 C1','721 C1',NULL,NULL,NULL,NULL,NULL,NULL,NULL,NULL,NULL,NULL,NULL,NULL,NULL,NULL,NULL,NULL,NULL,NULL,NULL,'9999999999','9999999999','9999999999'),(64,'238zaxa-cu61-ihhy-86df',NULL,'726 B1','726 B1',NULL,NULL,NULL,NULL,NULL,NULL,NULL,NULL,NULL,NULL,NULL,NULL,NULL,NULL,NULL,NULL,NULL,NULL,NULL,'9999999999','9999999999','9999999999'),(65,'ge5q99s-xplu-qqfm-jwmz',NULL,'726 C1','726 C1',NULL,NULL,NULL,NULL,NULL,NULL,NULL,NULL,NULL,NULL,NULL,NULL,NULL,NULL,NULL,NULL,NULL,NULL,NULL,'9999999999','9999999999','9999999999'),(66,'6tyv1pu-i3hg-qthw-708g',NULL,'900 B1','900 B1',NULL,NULL,NULL,NULL,NULL,NULL,NULL,NULL,NULL,NULL,NULL,NULL,NULL,NULL,NULL,NULL,NULL,NULL,NULL,'9999999999','9999999999','9999999999'),(67,'z5fm7tl-9s67-8jhp-lvj4',NULL,'903 B1','903 B1',NULL,NULL,NULL,NULL,NULL,NULL,NULL,NULL,NULL,NULL,NULL,NULL,NULL,NULL,NULL,NULL,NULL,NULL,NULL,'9999999999','9999999999','9999999999'),(68,'a48c3tz-a2ri-8qb0-x3o9',NULL,'720 B1','720 B1',NULL,NULL,NULL,NULL,NULL,NULL,NULL,NULL,NULL,NULL,NULL,NULL,NULL,NULL,NULL,NULL,NULL,NULL,NULL,'9999999999','9999999999','9999999999'),(69,'jotu9aq-rx2s-gyw1-dnq2',NULL,'720 C1','720 C1',NULL,NULL,NULL,NULL,NULL,NULL,NULL,NULL,NULL,NULL,NULL,NULL,NULL,NULL,NULL,NULL,NULL,NULL,NULL,'9999999999','9999999999','9999999999'),(70,'flnefhv-ne5m-ku8d-lwbe',NULL,'720 C2','720 C2',NULL,NULL,NULL,NULL,NULL,NULL,NULL,NULL,NULL,NULL,NULL,NULL,NULL,NULL,NULL,NULL,NULL,NULL,NULL,'9999999999','9999999999','9999999999'),(71,'0qpfumy-zjoq-ax7j-s6zr',NULL,'727 B1','727 B1',NULL,NULL,NULL,NULL,NULL,NULL,NULL,NULL,NULL,NULL,NULL,NULL,NULL,NULL,NULL,NULL,NULL,NULL,NULL,'9999999999','9999999999','9999999999'),(72,'6s3yien-u7g1-vcla-u5jz',NULL,'727 C1','727 C1',NULL,NULL,NULL,NULL,NULL,NULL,NULL,NULL,NULL,NULL,NULL,NULL,NULL,NULL,NULL,NULL,NULL,NULL,NULL,'9999999999','9999999999','9999999999'),(73,'hq32349-6zl1-w72d-ub2c',NULL,'728 B1','728 B1',NULL,NULL,NULL,NULL,NULL,NULL,NULL,NULL,NULL,NULL,NULL,NULL,NULL,NULL,NULL,NULL,NULL,NULL,NULL,'9999999999','9999999999','9999999999'),(74,'243zxbq-cteq-0a1h-owlm',NULL,'905 B1','905 B1',NULL,NULL,NULL,NULL,NULL,NULL,NULL,NULL,NULL,NULL,NULL,NULL,NULL,NULL,NULL,NULL,NULL,NULL,NULL,'9999999999','9999999999','9999999999'),(75,'3rp6ja5-4x2l-i6su-5t4l',NULL,'908 B1','908 B1',NULL,NULL,NULL,NULL,NULL,NULL,NULL,NULL,NULL,NULL,NULL,NULL,NULL,NULL,NULL,NULL,NULL,NULL,NULL,'9999999999','9999999999','9999999999'),(76,'anma4za-twae-xyl4-yd58',NULL,'911 B1','911 B1',NULL,NULL,NULL,NULL,NULL,NULL,NULL,NULL,NULL,NULL,NULL,NULL,NULL,NULL,NULL,NULL,NULL,NULL,NULL,'9999999999','9999999999','9999999999'),(77,'9gm11b8-v2e0-cg6s-lf20',NULL,'686 B1','686 B1',NULL,NULL,NULL,NULL,NULL,NULL,NULL,NULL,NULL,NULL,NULL,NULL,NULL,NULL,NULL,NULL,NULL,NULL,NULL,'9999999999','9999999999','9999999999'),(78,'qnn02or-zyu2-u5pg-qua5',NULL,'686 C1','686 C1',NULL,NULL,NULL,NULL,NULL,NULL,NULL,NULL,NULL,NULL,NULL,NULL,NULL,NULL,NULL,NULL,NULL,NULL,NULL,'9999999999','9999999999','9999999999'),(79,'ur9qosg-4xzf-cl7q-rwwa',NULL,'687 B1','687 B1',NULL,NULL,NULL,NULL,NULL,NULL,NULL,NULL,NULL,NULL,NULL,NULL,NULL,NULL,NULL,NULL,NULL,NULL,NULL,'9999999999','9999999999','9999999999'),(80,'27fc5gb-5vrj-hfj8-0inm',NULL,'687 C1','687 C1',NULL,NULL,NULL,NULL,NULL,NULL,NULL,NULL,NULL,NULL,NULL,NULL,NULL,NULL,NULL,NULL,NULL,NULL,NULL,'9999999999','9999999999','9999999999'),(81,'dn91bv1-v8yy-wf5j-8b5j',NULL,'692 B1','692 B1',NULL,NULL,NULL,NULL,NULL,NULL,NULL,NULL,NULL,NULL,NULL,NULL,NULL,NULL,NULL,NULL,NULL,NULL,NULL,'9999999999','9999999999','9999999999'),(82,'fvyrut5-yxqe-nhs2-pvbm',NULL,'692 C1','692 C1',NULL,NULL,NULL,NULL,NULL,NULL,NULL,NULL,NULL,NULL,NULL,NULL,NULL,NULL,NULL,NULL,NULL,NULL,NULL,'9999999999','9999999999','9999999999'),(83,'8yuhwcn-ebze-xnna-4ozh',NULL,'693 B1','693 B1',NULL,NULL,NULL,NULL,NULL,NULL,NULL,NULL,NULL,NULL,NULL,NULL,NULL,NULL,NULL,NULL,NULL,NULL,NULL,'9999999999','9999999999','9999999999'),(84,'tgv95ca-1kpp-glz5-jawx',NULL,'693 C1','693 C1',NULL,NULL,NULL,NULL,NULL,NULL,NULL,NULL,NULL,NULL,NULL,NULL,NULL,NULL,NULL,NULL,NULL,NULL,NULL,'9999999999','9999999999','9999999999'),(85,'xark56q-ltwu-phs7-vyh8',NULL,'710 B1','710 B1',NULL,NULL,NULL,NULL,NULL,NULL,NULL,NULL,NULL,NULL,NULL,NULL,NULL,NULL,NULL,NULL,NULL,NULL,NULL,'9999999999','9999999999','9999999999'),(86,'0sxy105-8434-0o19-kgxz',NULL,'710 C1','710 C1',NULL,NULL,NULL,NULL,NULL,NULL,NULL,NULL,NULL,NULL,NULL,NULL,NULL,NULL,NULL,NULL,NULL,NULL,NULL,'9999999999','9999999999','9999999999'),(87,'uuyl0sc-ljii-pd6r-esoh',NULL,'715 B1','715 B1',NULL,NULL,NULL,NULL,NULL,NULL,NULL,NULL,NULL,NULL,NULL,NULL,NULL,NULL,NULL,NULL,NULL,NULL,NULL,'9999999999','9999999999','9999999999'),(88,'664sap3-28sv-5rw2-wqsy',NULL,'715 C1','715 C1',NULL,NULL,NULL,NULL,NULL,NULL,NULL,NULL,NULL,NULL,NULL,NULL,NULL,NULL,NULL,NULL,NULL,NULL,NULL,'9999999999','9999999999','9999999999'),(89,'huukphm-mnmg-gi34-lqhn',NULL,'716 B1','716 B1',NULL,NULL,NULL,NULL,NULL,NULL,NULL,NULL,NULL,NULL,NULL,NULL,NULL,NULL,NULL,NULL,NULL,NULL,NULL,'9999999999','9999999999','9999999999'),(90,'g8gca32-dekq-dgbx-9b52',NULL,'717 B1','717 B1',NULL,NULL,NULL,NULL,NULL,NULL,NULL,NULL,NULL,NULL,NULL,NULL,NULL,NULL,NULL,NULL,NULL,NULL,NULL,'9999999999','9999999999','9999999999'),(91,'nvs49up-j7xd-xp0u-h9x2',NULL,'717 C1','717 C1',NULL,NULL,NULL,NULL,NULL,NULL,NULL,NULL,NULL,NULL,NULL,NULL,NULL,NULL,NULL,NULL,NULL,NULL,NULL,'9999999999','9999999999','9999999999'),(92,'a0e3jxe-2k09-6c5u-eqsh',NULL,'722 B1','722 B1',NULL,NULL,NULL,NULL,NULL,NULL,NULL,NULL,NULL,NULL,NULL,NULL,NULL,NULL,NULL,NULL,NULL,NULL,NULL,'9999999999','9999999999','9999999999'),(93,'8ouwomk-laf5-qfr8-uo4f',NULL,'722 C1','722 C1',NULL,NULL,NULL,NULL,NULL,NULL,NULL,NULL,NULL,NULL,NULL,NULL,NULL,NULL,NULL,NULL,NULL,NULL,NULL,'9999999999','9999999999','9999999999'),(94,'5kpvta7-alla-tll2-kil1',NULL,'723 B1','723 B1',NULL,NULL,NULL,NULL,NULL,NULL,NULL,NULL,NULL,NULL,NULL,NULL,NULL,NULL,NULL,NULL,NULL,NULL,NULL,'9999999999','9999999999','9999999999'),(95,'rm1yfl3-bp5q-pwg3-u3vn',NULL,'724 B1','724 B1',NULL,NULL,NULL,NULL,NULL,NULL,NULL,NULL,NULL,NULL,NULL,NULL,NULL,NULL,NULL,NULL,NULL,NULL,NULL,'9999999999','9999999999','9999999999'),(96,'no052pb-oqwj-fgzl-cmiw',NULL,'724 C1','724 C1',NULL,NULL,NULL,NULL,NULL,NULL,NULL,NULL,NULL,NULL,NULL,NULL,NULL,NULL,NULL,NULL,NULL,NULL,NULL,'9999999999','9999999999','9999999999'),(97,'0eo2ek9-hj9x-7hna-xh8i',NULL,'708 B1','708 B1',NULL,NULL,NULL,NULL,NULL,NULL,NULL,NULL,NULL,NULL,NULL,NULL,NULL,NULL,NULL,NULL,NULL,NULL,NULL,'9999999999','9999999999','9999999999'),(98,'3lnoqb5-c39r-9osu-xrfs',NULL,'708 C1','708 C1',NULL,NULL,NULL,NULL,NULL,NULL,NULL,NULL,NULL,NULL,NULL,NULL,NULL,NULL,NULL,NULL,NULL,NULL,NULL,'9999999999','9999999999','9999999999'),(99,'x0nio4e-4qwm-ouw0-i65k',NULL,'737 B1','737 B1',NULL,NULL,NULL,NULL,NULL,NULL,NULL,NULL,NULL,NULL,NULL,NULL,NULL,NULL,NULL,NULL,NULL,NULL,NULL,'9999999999','9999999999','9999999999'),(100,'xasgeny-9ktt-kwhe-pssp',NULL,'737 C1','737 C1',NULL,NULL,NULL,NULL,NULL,NULL,NULL,NULL,NULL,NULL,NULL,NULL,NULL,NULL,NULL,NULL,NULL,NULL,NULL,'9999999999','9999999999','9999999999'),(101,'nrri2mw-peyq-pdt1-9h5z',NULL,'725 B1','725 B1',NULL,NULL,NULL,NULL,NULL,NULL,NULL,NULL,NULL,NULL,NULL,NULL,NULL,NULL,NULL,NULL,NULL,NULL,NULL,'9999999999','9999999999','9999999999'),(102,'cl6a7cl-2lvd-mj99-2igm',NULL,'725 C1','725 C1',NULL,NULL,NULL,NULL,NULL,NULL,NULL,NULL,NULL,NULL,NULL,NULL,NULL,NULL,NULL,NULL,NULL,NULL,NULL,'9999999999','9999999999','9999999999'),(103,'3i0b0g6-zpbz-q2li-6qab',NULL,'725 C2','725 C2',NULL,NULL,NULL,NULL,NULL,NULL,NULL,NULL,NULL,NULL,NULL,NULL,NULL,NULL,NULL,NULL,NULL,NULL,NULL,'9999999999','9999999999','9999999999'),(104,'oqsud5p-bwjg-y9ko-ekx9',NULL,'729 B1','729 B1',NULL,NULL,NULL,NULL,NULL,NULL,NULL,NULL,NULL,NULL,NULL,NULL,NULL,NULL,NULL,NULL,NULL,NULL,NULL,'9999999999','9999999999','9999999999'),(105,'m3ecqiv-c581-7iiv-avxm',NULL,'729 C1','729 C1',NULL,NULL,NULL,NULL,NULL,NULL,NULL,NULL,NULL,NULL,NULL,NULL,NULL,NULL,NULL,NULL,NULL,NULL,NULL,'9999999999','9999999999','9999999999'),(106,'jecy9am-gxts-w418-99ff',NULL,'729 C2','729 C2',NULL,NULL,NULL,NULL,NULL,NULL,NULL,NULL,NULL,NULL,NULL,NULL,NULL,NULL,NULL,NULL,NULL,NULL,NULL,'9999999999','9999999999','9999999999'),(107,'k1ut2a7-tnve-uklo-ta1g',NULL,'694 B1','694 B1',NULL,NULL,NULL,NULL,NULL,NULL,NULL,NULL,NULL,NULL,NULL,NULL,NULL,NULL,NULL,NULL,NULL,NULL,NULL,'9999999999','9999999999','9999999999'),(108,'id5ocuq-jgya-dc2r-w9me',NULL,'694 C1','694 C1',NULL,NULL,NULL,NULL,NULL,NULL,NULL,NULL,NULL,NULL,NULL,NULL,NULL,NULL,NULL,NULL,NULL,NULL,NULL,'9999999999','9999999999','9999999999'),(109,'1qear0h-xhd0-3mep-yu43',NULL,'694 C2','694 C2',NULL,NULL,NULL,NULL,NULL,NULL,NULL,NULL,NULL,NULL,NULL,NULL,NULL,NULL,NULL,NULL,NULL,NULL,NULL,'9999999999','9999999999','9999999999'),(110,'74m3w30-buo2-mnbj-ecda',NULL,'694 C3','694 C3',NULL,NULL,NULL,NULL,NULL,NULL,NULL,NULL,NULL,NULL,NULL,NULL,NULL,NULL,NULL,NULL,NULL,NULL,NULL,'9999999999','9999999999','9999999999'),(111,'83td5f5-4ak3-rwrb-3v97',NULL,'694 C4','694 C4',NULL,NULL,NULL,NULL,NULL,NULL,NULL,NULL,NULL,NULL,NULL,NULL,NULL,NULL,NULL,NULL,NULL,NULL,NULL,'9999999999','9999999999','9999999999'),(112,'2zx3s11-uxz8-m4vr-p8v1',NULL,'694 C5','694 C5',NULL,NULL,NULL,NULL,NULL,NULL,NULL,NULL,NULL,NULL,NULL,NULL,NULL,NULL,NULL,NULL,NULL,NULL,NULL,'9999999999','9999999999','9999999999'),(113,'24w3x5h-t2dv-fct4-g14n',NULL,'709 B1','709 B1',NULL,NULL,NULL,NULL,NULL,NULL,NULL,NULL,NULL,NULL,NULL,NULL,NULL,NULL,NULL,NULL,NULL,NULL,NULL,'9999999999','9999999999','9999999999'),(114,'et1cecl-3t9s-caxe-5m8j',NULL,'709 C1','709 C1',NULL,NULL,NULL,NULL,NULL,NULL,NULL,NULL,NULL,NULL,NULL,NULL,NULL,NULL,NULL,NULL,NULL,NULL,NULL,'9999999999','9999999999','9999999999'),(115,'pumkhh4-kt07-pnq6-nizx',NULL,'709 C2','709 C2',NULL,NULL,NULL,NULL,NULL,NULL,NULL,NULL,NULL,NULL,NULL,NULL,NULL,NULL,NULL,NULL,NULL,NULL,NULL,'9999999999','9999999999','9999999999'),(116,'udlvodl-ijww-ux6u-1rg9',NULL,'709 C3','709 C3',NULL,NULL,NULL,NULL,NULL,NULL,NULL,NULL,NULL,NULL,NULL,NULL,NULL,NULL,NULL,NULL,NULL,NULL,NULL,'9999999999','9999999999','9999999999'),(117,'d2habuh-rji3-25vf-rxk4',NULL,'695 B1','695 B1',NULL,NULL,NULL,NULL,NULL,NULL,NULL,NULL,NULL,NULL,NULL,NULL,NULL,NULL,NULL,NULL,NULL,NULL,NULL,'9999999999','9999999999','9999999999'),(118,'wh6dlpp-zsio-ivxc-y5qz',NULL,'695 C1','695 C1',NULL,NULL,NULL,NULL,NULL,NULL,NULL,NULL,NULL,NULL,NULL,NULL,NULL,NULL,NULL,NULL,NULL,NULL,NULL,'9999999999','9999999999','9999999999'),(119,'grp6dp6-oef9-3ymd-4izy',NULL,'696 B1','696 B1',NULL,NULL,NULL,NULL,NULL,NULL,NULL,NULL,NULL,NULL,NULL,NULL,NULL,NULL,NULL,NULL,NULL,NULL,NULL,'9999999999','9999999999','9999999999'),(120,'5tz097k-9cs9-sx47-8mkl',NULL,'696 C1','696 C1',NULL,NULL,NULL,NULL,NULL,NULL,NULL,NULL,NULL,NULL,NULL,NULL,NULL,NULL,NULL,NULL,NULL,NULL,NULL,'9999999999','9999999999','9999999999'),(121,'a5yt3q6-9iwu-lxtz-yffu',NULL,'697 B1','697 B1',NULL,NULL,NULL,NULL,NULL,NULL,NULL,NULL,NULL,NULL,NULL,NULL,NULL,NULL,NULL,NULL,NULL,NULL,NULL,'9999999999','9999999999','9999999999'),(122,'w3ym031-q7pw-34oh-m3r9',NULL,'697 C1','697 C1',NULL,NULL,NULL,NULL,NULL,NULL,NULL,NULL,NULL,NULL,NULL,NULL,NULL,NULL,NULL,NULL,NULL,NULL,NULL,'9999999999','9999999999','9999999999'),(123,'w0mn646-j0tt-36mi-5b83',NULL,'698 B1','698 B1',NULL,NULL,NULL,NULL,NULL,NULL,NULL,NULL,NULL,NULL,NULL,NULL,NULL,NULL,NULL,NULL,NULL,NULL,NULL,'9999999999','9999999999','9999999999'),(124,'gq9dy08-yqyu-fxpa-68ze',NULL,'698 C1','698 C1',NULL,NULL,NULL,NULL,NULL,NULL,NULL,NULL,NULL,NULL,NULL,NULL,NULL,NULL,NULL,NULL,NULL,NULL,NULL,'9999999999','9999999999','9999999999'),(125,'8ys3wra-ipmt-3cw0-nc5d',NULL,'700 B1','700 B1',NULL,NULL,NULL,NULL,NULL,NULL,NULL,NULL,NULL,NULL,NULL,NULL,NULL,NULL,NULL,NULL,NULL,NULL,NULL,'9999999999','9999999999','9999999999'),(126,'1rubass-m17g-xzxl-xjhv',NULL,'700 C1','700 C1',NULL,NULL,NULL,NULL,NULL,NULL,NULL,NULL,NULL,NULL,NULL,NULL,NULL,NULL,NULL,NULL,NULL,NULL,NULL,'9999999999','9999999999','9999999999'),(127,'9k8mjqs-4jem-g43i-v1ia',NULL,'699 B1','699 B1',NULL,NULL,NULL,NULL,NULL,NULL,NULL,NULL,NULL,NULL,NULL,NULL,NULL,NULL,NULL,NULL,NULL,NULL,NULL,'9999999999','9999999999','9999999999'),(128,'0yept24-fclo-e51f-3sg0',NULL,'701 B1','701 B1',NULL,NULL,NULL,NULL,NULL,NULL,NULL,NULL,NULL,NULL,NULL,NULL,NULL,NULL,NULL,NULL,NULL,NULL,NULL,'9999999999','9999999999','9999999999'),(129,'7jr2033-wlw4-hodu-kr6v',NULL,'701 C1','701 C1',NULL,NULL,NULL,NULL,NULL,NULL,NULL,NULL,NULL,NULL,NULL,NULL,NULL,NULL,NULL,NULL,NULL,NULL,NULL,'9999999999','9999999999','9999999999'),(130,'i7oln0p-82z9-p39o-vaut',NULL,'702 B1','702 B1',NULL,NULL,NULL,NULL,NULL,NULL,NULL,NULL,NULL,NULL,NULL,NULL,NULL,NULL,NULL,NULL,NULL,NULL,NULL,'9999999999','9999999999','9999999999'),(131,'akxzkgn-efzh-sxml-jfhh',NULL,'702 C1','702 C1',NULL,NULL,NULL,NULL,NULL,NULL,NULL,NULL,NULL,NULL,NULL,NULL,NULL,NULL,NULL,NULL,NULL,NULL,NULL,'9999999999','9999999999','9999999999'),(132,'nih88iw-hjmq-cwnz-0ri2',NULL,'702 C2','702 C2',NULL,NULL,NULL,NULL,NULL,NULL,NULL,NULL,NULL,NULL,NULL,NULL,NULL,NULL,NULL,NULL,NULL,NULL,NULL,'9999999999','9999999999','9999999999'),(133,'ki1glad-vd43-24ng-aytv',NULL,'702 C3','702 C3',NULL,NULL,NULL,NULL,NULL,NULL,NULL,NULL,NULL,NULL,NULL,NULL,NULL,NULL,NULL,NULL,NULL,NULL,NULL,'9999999999','9999999999','9999999999'),(134,'o21m9mh-5kom-hzpj-s6gi',NULL,'702 C4','702 C4',NULL,NULL,NULL,NULL,NULL,NULL,NULL,NULL,NULL,NULL,NULL,NULL,NULL,NULL,NULL,NULL,NULL,NULL,NULL,'9999999999','9999999999','9999999999'),(135,'405po3c-8j60-mg5j-du1n',NULL,'703 B1','703 B1',NULL,NULL,NULL,NULL,NULL,NULL,NULL,NULL,NULL,NULL,NULL,NULL,NULL,NULL,NULL,NULL,NULL,NULL,NULL,'9999999999','9999999999','9999999999'),(136,'hqy0rtk-ueb1-fuv4-z1ou',NULL,'703 C1','703 C1',NULL,NULL,NULL,NULL,NULL,NULL,NULL,NULL,NULL,NULL,NULL,NULL,NULL,NULL,NULL,NULL,NULL,NULL,NULL,'9999999999','9999999999','9999999999'),(137,'wpc9ekj-aixm-dyd6-hfcr',NULL,'704 B1','704 B1',NULL,NULL,NULL,NULL,NULL,NULL,NULL,NULL,NULL,NULL,NULL,NULL,NULL,NULL,NULL,NULL,NULL,NULL,NULL,'9999999999','9999999999','9999999999'),(138,'gge435d-iqmn-lico-xhey',NULL,'704 C1','704 C1',NULL,NULL,NULL,NULL,NULL,NULL,NULL,NULL,NULL,NULL,NULL,NULL,NULL,NULL,NULL,NULL,NULL,NULL,NULL,'9999999999','9999999999','9999999999'),(139,'2odhi5q-lb1z-u0j0-h5b2',NULL,'706 B1','706 B1',NULL,NULL,NULL,NULL,NULL,NULL,NULL,NULL,NULL,NULL,NULL,NULL,NULL,NULL,NULL,NULL,NULL,NULL,NULL,'9999999999','9999999999','9999999999'),(140,'33oqpz7-dfcw-5wto-ij48',NULL,'705 B1','705 B1',NULL,NULL,NULL,NULL,NULL,NULL,NULL,NULL,NULL,NULL,NULL,NULL,NULL,NULL,NULL,NULL,NULL,NULL,NULL,'9999999999','9999999999','9999999999'),(141,'v3yjqs2-d3dm-y1a0-1g9c',NULL,'705 C1','705 C1',NULL,NULL,NULL,NULL,NULL,NULL,NULL,NULL,NULL,NULL,NULL,NULL,NULL,NULL,NULL,NULL,NULL,NULL,NULL,'9999999999','9999999999','9999999999'),(142,'vwa3x65-7xsd-62qr-df59',NULL,'707 B1','707 B1',NULL,NULL,NULL,NULL,NULL,NULL,NULL,NULL,NULL,NULL,NULL,NULL,NULL,NULL,NULL,NULL,NULL,NULL,NULL,'9999999999','9999999999','9999999999'),(143,'8bv8yjt-9q1j-e2v0-8cfj',NULL,'707 C1','707 C1',NULL,NULL,NULL,NULL,NULL,NULL,NULL,NULL,NULL,NULL,NULL,NULL,NULL,NULL,NULL,NULL,NULL,NULL,NULL,'9999999999','9999999999','9999999999'),(144,'uj6sc96-6t3j-36kx-7rxs',NULL,'730 B1','730 B1',NULL,NULL,NULL,NULL,NULL,NULL,NULL,NULL,NULL,NULL,NULL,NULL,NULL,NULL,NULL,NULL,NULL,NULL,NULL,'9999999999','9999999999','9999999999'),(145,'uq2xmry-jbns-h81b-2x70',NULL,'731 B1','731 B1',NULL,NULL,NULL,NULL,NULL,NULL,NULL,NULL,NULL,NULL,NULL,NULL,NULL,NULL,NULL,NULL,NULL,NULL,NULL,'9999999999','9999999999','9999999999'),(146,'xo2ih7k-sozg-i22f-zffy',NULL,'731 C1','731 C1',NULL,NULL,NULL,NULL,NULL,NULL,NULL,NULL,NULL,NULL,NULL,NULL,NULL,NULL,NULL,NULL,NULL,NULL,NULL,'9999999999','9999999999','9999999999'),(147,'411r52r-s3gr-72fz-myop',NULL,'732 B1','732 B1',NULL,NULL,NULL,NULL,NULL,NULL,NULL,NULL,NULL,NULL,NULL,NULL,NULL,NULL,NULL,NULL,NULL,NULL,NULL,'9999999999','9999999999','9999999999'),(148,'z39a40e-ha2n-jr2u-nttf',NULL,'732 C1','732 C1',NULL,NULL,NULL,NULL,NULL,NULL,NULL,NULL,NULL,NULL,NULL,NULL,NULL,NULL,NULL,NULL,NULL,NULL,NULL,'9999999999','9999999999','9999999999'),(149,'36v1x93-653m-a3l2-z1x6',NULL,'674 C2','674 C2',NULL,NULL,NULL,NULL,NULL,NULL,NULL,NULL,NULL,NULL,NULL,NULL,NULL,NULL,NULL,NULL,NULL,NULL,NULL,'9999999999','9999999999','9999999999'),(150,'nue1ymk-txl4-pd7s-bhgt',NULL,'674 B1','674 B1',NULL,NULL,NULL,NULL,NULL,NULL,NULL,NULL,NULL,NULL,NULL,NULL,NULL,NULL,NULL,NULL,NULL,NULL,NULL,'9999999999','9999999999','9999999999'),(151,'qd6qyt8-uv2u-w33l-h7ti',NULL,'674 C1','674 C1',NULL,NULL,NULL,NULL,NULL,NULL,NULL,NULL,NULL,NULL,NULL,NULL,NULL,NULL,NULL,NULL,NULL,NULL,NULL,'9999999999','9999999999','9999999999'),(152,'9a1ymcu-qlyf-d4lb-2ofe',NULL,'738 B1','738 B1',NULL,NULL,NULL,NULL,NULL,NULL,NULL,NULL,NULL,NULL,NULL,NULL,NULL,NULL,NULL,NULL,NULL,NULL,NULL,'9999999999','9999999999','9999999999'),(153,'40kbo82-ji2n-dztj-x32c',NULL,'738 C1','738 C1',NULL,NULL,NULL,NULL,NULL,NULL,NULL,NULL,NULL,NULL,NULL,NULL,NULL,NULL,NULL,NULL,NULL,NULL,NULL,'9999999999','9999999999','9999999999'),(154,'xvzfvay-s4o5-0rqf-wmfk',NULL,'739 B1','739 B1',NULL,NULL,NULL,NULL,NULL,NULL,NULL,NULL,NULL,NULL,NULL,NULL,NULL,NULL,NULL,NULL,NULL,NULL,NULL,'9999999999','9999999999','9999999999'),(155,'wxesz7h-hy6u-e06h-8tso',NULL,'740 B1','740 B1',NULL,NULL,NULL,NULL,NULL,NULL,NULL,NULL,NULL,NULL,NULL,NULL,NULL,NULL,NULL,NULL,NULL,NULL,NULL,'9999999999','9999999999','9999999999'),(156,'kvm20wj-rs2r-8cyt-fa3z',NULL,'740 C1','740 C1',NULL,NULL,NULL,NULL,NULL,NULL,NULL,NULL,NULL,NULL,NULL,NULL,NULL,NULL,NULL,NULL,NULL,NULL,NULL,'9999999999','9999999999','9999999999'),(157,'qxettl4-ebz4-6hlj-hrot',NULL,'741 B1','741 B1',NULL,NULL,NULL,NULL,NULL,NULL,NULL,NULL,NULL,NULL,NULL,NULL,NULL,NULL,NULL,NULL,NULL,NULL,NULL,'9999999999','9999999999','9999999999'),(158,'karv69l-xn6n-apo9-6w1e',NULL,'741 C1','741 C1',NULL,NULL,NULL,NULL,NULL,NULL,NULL,NULL,NULL,NULL,NULL,NULL,NULL,NULL,NULL,NULL,NULL,NULL,NULL,'9999999999','9999999999','9999999999'),(159,'5a0srl6-27kf-yp6v-wi02',NULL,'914 B1','914 B1',NULL,NULL,NULL,NULL,NULL,NULL,NULL,NULL,NULL,NULL,NULL,NULL,NULL,NULL,NULL,NULL,NULL,NULL,NULL,'9999999999','9999999999','9999999999'),(160,'xm6t5z2-a0vv-sm4d-yd5e',NULL,'915 B1','915 B1',NULL,NULL,NULL,NULL,NULL,NULL,NULL,NULL,NULL,NULL,NULL,NULL,NULL,NULL,NULL,NULL,NULL,NULL,NULL,'9999999999','9999999999','9999999999'),(161,'gvxc0wc-yzw0-tcnr-m8n8',NULL,'910 B1','910 B1',NULL,NULL,NULL,NULL,NULL,NULL,NULL,NULL,NULL,NULL,NULL,NULL,NULL,NULL,NULL,NULL,NULL,NULL,NULL,'9999999999','9999999999','9999999999'),(162,'nuq0oxg-kref-soo3-95ub',NULL,'907 B1','907 B1',NULL,NULL,NULL,NULL,NULL,NULL,NULL,NULL,NULL,NULL,NULL,NULL,NULL,NULL,NULL,NULL,NULL,NULL,NULL,'9999999999','9999999999','9999999999'),(163,'5g74w5r-i1r3-wc94-9jyv',NULL,'913 B1','913 B1',NULL,NULL,NULL,NULL,NULL,NULL,NULL,NULL,NULL,NULL,NULL,NULL,NULL,NULL,NULL,NULL,NULL,NULL,NULL,'9999999999','9999999999','9999999999'),(164,'y2gon6v-zksc-tsub-xsjz',NULL,'916 B1','916 B1',NULL,NULL,NULL,NULL,NULL,NULL,NULL,NULL,NULL,NULL,NULL,NULL,NULL,NULL,NULL,NULL,NULL,NULL,NULL,'9999999999','9999999999','9999999999'),(165,'jlzajlj-n8u9-tlpv-lfm7',NULL,'917 B1','917 B1',NULL,NULL,NULL,NULL,NULL,NULL,NULL,NULL,NULL,NULL,NULL,NULL,NULL,NULL,NULL,NULL,NULL,NULL,NULL,'9999999999','9999999999','9999999999'),(166,'itrhp4t-2ud7-9qsr-gxw2',NULL,'918 B1','918 B1',NULL,NULL,NULL,NULL,NULL,NULL,NULL,NULL,NULL,NULL,NULL,NULL,NULL,NULL,NULL,NULL,NULL,NULL,NULL,'9999999999','9999999999','9999999999'),(167,'jjz2wor-wvm3-8e76-nigg',NULL,'919 B1','919 B1',NULL,NULL,NULL,NULL,NULL,NULL,NULL,NULL,NULL,NULL,NULL,NULL,NULL,NULL,NULL,NULL,NULL,NULL,NULL,'9999999999','9999999999','9999999999'),(168,'gja3rmt-rfny-nb5e-emj9',NULL,'920 B1','920 B1',NULL,NULL,NULL,NULL,NULL,NULL,NULL,NULL,NULL,NULL,NULL,NULL,NULL,NULL,NULL,NULL,NULL,NULL,NULL,'9999999999','9999999999','9999999999'),(169,'rh9uypk-9h3z-yd62-cdad',NULL,'920 S1','920 S1',NULL,NULL,NULL,NULL,NULL,NULL,NULL,NULL,NULL,NULL,NULL,NULL,NULL,NULL,NULL,NULL,NULL,NULL,NULL,'9999999999','9999999999','9999999999'),(170,'07oqntn-xy0h-wk1a-0amr',NULL,'921 B1','921 B1',NULL,NULL,NULL,NULL,NULL,NULL,NULL,NULL,NULL,NULL,NULL,NULL,NULL,NULL,NULL,NULL,NULL,NULL,NULL,'9999999999','9999999999','9999999999'),(171,'m2fd883-6nl1-16eq-dsi6',NULL,'922 B1','922 B1',NULL,NULL,NULL,NULL,NULL,NULL,NULL,NULL,NULL,NULL,NULL,NULL,NULL,NULL,NULL,NULL,NULL,NULL,NULL,'9999999999','9999999999','9999999999'),(172,'tnv1kao-cqph-1ifr-uswu',NULL,'734 B1','734 B1',NULL,NULL,NULL,NULL,NULL,NULL,NULL,NULL,NULL,NULL,NULL,NULL,NULL,NULL,NULL,NULL,NULL,NULL,NULL,'9999999999','9999999999','9999999999'),(173,'dmhrre7-qdle-i2zi-zgjh',NULL,'734 C1','734 C1',NULL,NULL,NULL,NULL,NULL,NULL,NULL,NULL,NULL,NULL,NULL,NULL,NULL,NULL,NULL,NULL,NULL,NULL,NULL,'9999999999','9999999999','9999999999'),(174,'cv9mrfv-deez-n6kv-i3xx',NULL,'735 B1','735 B1',NULL,NULL,NULL,NULL,NULL,NULL,NULL,NULL,NULL,NULL,NULL,NULL,NULL,NULL,NULL,NULL,NULL,NULL,NULL,'9999999999','9999999999','9999999999'),(175,'ioml6jc-6y2e-cjv5-rz6n',NULL,'736 B1','736 B1',NULL,NULL,NULL,NULL,NULL,NULL,NULL,NULL,NULL,NULL,NULL,NULL,NULL,NULL,NULL,NULL,NULL,NULL,NULL,'9999999999','9999999999','9999999999'),(176,'yuzsogv-ypxn-xpkv-z953',NULL,'736 C1','736 C1',NULL,NULL,NULL,NULL,NULL,NULL,NULL,NULL,NULL,NULL,NULL,NULL,NULL,NULL,NULL,NULL,NULL,NULL,NULL,'9999999999','9999999999','9999999999'),(177,'gat1wvq-6ac0-3qll-3a84',NULL,'898 B1','898 B1',NULL,NULL,NULL,NULL,NULL,NULL,NULL,NULL,NULL,NULL,NULL,NULL,NULL,NULL,NULL,NULL,NULL,NULL,NULL,'9999999999','9999999999','9999999999'),(178,'eh44n6p-8y0o-vulf-x0m8',NULL,'901 B1','901 B1',NULL,NULL,NULL,NULL,NULL,NULL,NULL,NULL,NULL,NULL,NULL,NULL,NULL,NULL,NULL,NULL,NULL,NULL,NULL,'9999999999','9999999999','9999999999'),(179,'wzhm4j2-mhds-z1s2-3rnf',NULL,'904 B1','904 B1',NULL,NULL,NULL,NULL,NULL,NULL,NULL,NULL,NULL,NULL,NULL,NULL,NULL,NULL,NULL,NULL,NULL,NULL,NULL,'9999999999','9999999999','9999999999'),(180,'ndqn4oz-5kni-k7li-5i3z',NULL,'906 B1','906 B1',NULL,NULL,NULL,NULL,NULL,NULL,NULL,NULL,NULL,NULL,NULL,NULL,NULL,NULL,NULL,NULL,NULL,NULL,NULL,'9999999999','9999999999','9999999999'),(181,'poqxcza-9hzv-ijwc-ylp9',NULL,'912 B1','912 B1',NULL,NULL,NULL,NULL,NULL,NULL,NULL,NULL,NULL,NULL,NULL,NULL,NULL,NULL,NULL,NULL,NULL,NULL,NULL,'9999999999','9999999999','9999999999'),(182,'rvqy00y-mx9m-03rp-j2s5',NULL,'893 B1','893 B1',NULL,NULL,NULL,NULL,NULL,NULL,NULL,NULL,NULL,NULL,NULL,NULL,NULL,NULL,NULL,NULL,NULL,NULL,NULL,'9999999999','9999999999','9999999999'),(183,'ei19o12-qhri-wssw-v0i9',NULL,'894 B1','894 B1',NULL,NULL,NULL,NULL,NULL,NULL,NULL,NULL,NULL,NULL,NULL,NULL,NULL,NULL,NULL,NULL,NULL,NULL,NULL,'9999999999','9999999999','9999999999'),(184,'r53q3qh-xpcl-dzg2-4pl6',NULL,'895 B1','895 B1',NULL,NULL,NULL,NULL,NULL,NULL,NULL,NULL,NULL,NULL,NULL,NULL,NULL,NULL,NULL,NULL,NULL,NULL,NULL,'9999999999','9999999999','9999999999'),(185,'5pemwb5-s9sp-xpfd-r8fr',NULL,'896 B1','896 B1',NULL,NULL,NULL,NULL,NULL,NULL,NULL,NULL,NULL,NULL,NULL,NULL,NULL,NULL,NULL,NULL,NULL,NULL,NULL,'9999999999','9999999999','9999999999'),(186,'b9x548u-o7by-kjas-g5l0',NULL,'897 B1','897 B1',NULL,NULL,NULL,NULL,NULL,NULL,NULL,NULL,NULL,NULL,NULL,NULL,NULL,NULL,NULL,NULL,NULL,NULL,NULL,'9999999999','9999999999','9999999999'),(187,'8dse2rt-dnsv-nyif-aqyf',NULL,'899 B1','899 B1',NULL,NULL,NULL,NULL,NULL,NULL,NULL,NULL,NULL,NULL,NULL,NULL,NULL,NULL,NULL,NULL,NULL,NULL,NULL,'9999999999','9999999999','9999999999'),(188,'e830ao8-qslu-qjke-oprd',NULL,'902 B1','902 B1',NULL,NULL,NULL,NULL,NULL,NULL,NULL,NULL,NULL,NULL,NULL,NULL,NULL,NULL,NULL,NULL,NULL,NULL,NULL,'9999999999','9999999999','9999999999'),(189,'ydqmu6t-99an-h2hk-heof',NULL,'909 B1','909 B1',NULL,NULL,NULL,NULL,NULL,NULL,NULL,NULL,NULL,NULL,NULL,NULL,NULL,NULL,NULL,NULL,NULL,NULL,NULL,'9999999999','9999999999','9999999999'),(190,'rx1492v-l35c-y207-f5ru',NULL,'733 B1','733 B1',NULL,NULL,NULL,NULL,NULL,NULL,NULL,NULL,NULL,NULL,NULL,NULL,NULL,NULL,NULL,NULL,NULL,NULL,NULL,'9999999999','9999999999','9999999999'),(191,'py4fro9-xw54-2wge-ttdi',NULL,'733 C1','733 C1',NULL,NULL,NULL,NULL,NULL,NULL,NULL,NULL,NULL,NULL,NULL,NULL,NULL,NULL,NULL,NULL,NULL,NULL,NULL,'9999999999','9999999999','9999999999'),(192,'mjrgqx1-mqc3-9i98-g4ei',NULL,'888 B1','888 B1',NULL,NULL,NULL,NULL,NULL,NULL,NULL,NULL,NULL,NULL,NULL,NULL,NULL,NULL,NULL,NULL,NULL,NULL,NULL,'9999999999','9999999999','9999999999'),(193,'xoaw3g9-ebw5-k70w-pscs',NULL,'888 C1','888 C1',NULL,NULL,NULL,NULL,NULL,NULL,NULL,NULL,NULL,NULL,NULL,NULL,NULL,NULL,NULL,NULL,NULL,NULL,NULL,'9999999999','9999999999','9999999999'),(194,'b9rjjct-7pck-mev1-j1nb',NULL,'888 C2','888 C2',NULL,NULL,NULL,NULL,NULL,NULL,NULL,NULL,NULL,NULL,NULL,NULL,NULL,NULL,NULL,NULL,NULL,NULL,NULL,'9999999999','9999999999','9999999999'),(195,'5gubf90-wrg2-wzzw-awk8',NULL,'891 B1','891 B1',NULL,NULL,NULL,NULL,NULL,NULL,NULL,NULL,NULL,NULL,NULL,NULL,NULL,NULL,NULL,NULL,NULL,NULL,NULL,'9999999999','9999999999','9999999999'),(196,'0ygivew-dcj3-ykyw-oiu8',NULL,'891 C1','891 C1',NULL,NULL,NULL,NULL,NULL,NULL,NULL,NULL,NULL,NULL,NULL,NULL,NULL,NULL,NULL,NULL,NULL,NULL,NULL,'9999999999','9999999999','9999999999'),(197,'1huf17j-8o70-rlwe-7oic',NULL,'892 B1','892 B1',NULL,NULL,NULL,NULL,NULL,NULL,NULL,NULL,NULL,NULL,NULL,NULL,NULL,NULL,NULL,NULL,NULL,NULL,NULL,'9999999999','9999999999','9999999999'),(198,'7b4g9pd-g3h4-2min-sm3j',NULL,'892 C1','892 C1',NULL,NULL,NULL,NULL,NULL,NULL,NULL,NULL,NULL,NULL,NULL,NULL,NULL,NULL,NULL,NULL,NULL,NULL,NULL,'9999999999','9999999999','9999999999'),(199,'02kp9k4-i2jc-5tsk-z2x1',NULL,'892 C2','892 C2',NULL,NULL,NULL,NULL,NULL,NULL,NULL,NULL,NULL,NULL,NULL,NULL,NULL,NULL,NULL,NULL,NULL,NULL,NULL,'9999999999','9999999999','9999999999'),(200,'y1ou42s-srsr-o285-u0mo',NULL,'890 B1','890 B1',NULL,NULL,NULL,NULL,NULL,NULL,NULL,NULL,NULL,NULL,NULL,NULL,NULL,NULL,NULL,NULL,NULL,NULL,NULL,'9999999999','9999999999','9999999999'),(201,'ehdn430-uf4t-abc0-m7ir',NULL,'890 C1','890 C1',NULL,NULL,NULL,NULL,NULL,NULL,NULL,NULL,NULL,NULL,NULL,NULL,NULL,NULL,NULL,NULL,NULL,NULL,NULL,'9999999999','9999999999','9999999999'),(202,'kgr0uoi-klu2-9ixm-e4f2',NULL,'881 B1','881 B1',NULL,NULL,NULL,NULL,NULL,NULL,NULL,NULL,NULL,NULL,NULL,NULL,NULL,NULL,NULL,NULL,NULL,NULL,NULL,'9999999999','9999999999','9999999999'),(203,'nhe49ko-ytgd-ip4r-kfha',NULL,'881 C1','881 C1',NULL,NULL,NULL,NULL,NULL,NULL,NULL,NULL,NULL,NULL,NULL,NULL,NULL,NULL,NULL,NULL,NULL,NULL,NULL,'9999999999','9999999999','9999999999'),(204,'ia3buun-l0b3-3xhr-4sjk',NULL,'881 C2','881 C2',NULL,NULL,NULL,NULL,NULL,NULL,NULL,NULL,NULL,NULL,NULL,NULL,NULL,NULL,NULL,NULL,NULL,NULL,NULL,'9999999999','9999999999','9999999999'),(205,'qko0oxy-wgzg-obup-i54z',NULL,'883 B1','883 B1',NULL,NULL,NULL,NULL,NULL,NULL,NULL,NULL,NULL,NULL,NULL,NULL,NULL,NULL,NULL,NULL,NULL,NULL,NULL,'9999999999','9999999999','9999999999'),(206,'gqexdoe-gms5-eb0x-y6gi',NULL,'883 C1','883 C1',NULL,NULL,NULL,NULL,NULL,NULL,NULL,NULL,NULL,NULL,NULL,NULL,NULL,NULL,NULL,NULL,NULL,NULL,NULL,'9999999999','9999999999','9999999999'),(207,'pr4gwjp-y0x2-qzty-9fuv',NULL,'887 B1','887 B1',NULL,NULL,NULL,NULL,NULL,NULL,NULL,NULL,NULL,NULL,NULL,NULL,NULL,NULL,NULL,NULL,NULL,NULL,NULL,'9999999999','9999999999','9999999999'),(208,'v1au831-n7cr-3y5b-cg67',NULL,'889 B1','889 B1',NULL,NULL,NULL,NULL,NULL,NULL,NULL,NULL,NULL,NULL,NULL,NULL,NULL,NULL,NULL,NULL,NULL,NULL,NULL,'9999999999','9999999999','9999999999'),(209,'hwpdhxx-zuer-864t-fu85',NULL,'889 C1','889 C1',NULL,NULL,NULL,NULL,NULL,NULL,NULL,NULL,NULL,NULL,NULL,NULL,NULL,NULL,NULL,NULL,NULL,NULL,NULL,'9999999999','9999999999','9999999999'),(210,'oh5ad1t-mivn-h7e9-wfpx',NULL,'885 B1','885 B1',NULL,NULL,NULL,NULL,NULL,NULL,NULL,NULL,NULL,NULL,NULL,NULL,NULL,NULL,NULL,NULL,NULL,NULL,NULL,'9999999999','9999999999','9999999999'),(211,'zh44njv-fz5f-2xgy-gxrh',NULL,'885 C1','885 C1',NULL,NULL,NULL,NULL,NULL,NULL,NULL,NULL,NULL,NULL,NULL,NULL,NULL,NULL,NULL,NULL,NULL,NULL,NULL,'9999999999','9999999999','9999999999'),(212,'w9qzgsr-t8xz-rfmp-zcqs',NULL,'880 B1','880 B1',NULL,NULL,NULL,NULL,NULL,NULL,NULL,NULL,NULL,NULL,NULL,NULL,NULL,NULL,NULL,NULL,NULL,NULL,NULL,'9999999999','9999999999','9999999999'),(213,'3ahh2xj-48um-esen-6b3u',NULL,'880 C1','880 C1',NULL,NULL,NULL,NULL,NULL,NULL,NULL,NULL,NULL,NULL,NULL,NULL,NULL,NULL,NULL,NULL,NULL,NULL,NULL,'9999999999','9999999999','9999999999'),(214,'insg3tz-zkx6-srsk-704u',NULL,'882 B1','882 B1',NULL,NULL,NULL,NULL,NULL,NULL,NULL,NULL,NULL,NULL,NULL,NULL,NULL,NULL,NULL,NULL,NULL,NULL,NULL,'9999999999','9999999999','9999999999'),(215,'ynf4rxp-igiq-ric6-wef0',NULL,'882 C1','882 C1',NULL,NULL,NULL,NULL,NULL,NULL,NULL,NULL,NULL,NULL,NULL,NULL,NULL,NULL,NULL,NULL,NULL,NULL,NULL,'9999999999','9999999999','9999999999'),(216,'1o4y1yi-vdkb-7keg-hcov',NULL,'884 B1','884 B1',NULL,NULL,NULL,NULL,NULL,NULL,NULL,NULL,NULL,NULL,NULL,NULL,NULL,NULL,NULL,NULL,NULL,NULL,NULL,'9999999999','9999999999','9999999999'),(217,'x18qfeo-f1zt-ub4g-f9jp',NULL,'884 C1','884 C1',NULL,NULL,NULL,NULL,NULL,NULL,NULL,NULL,NULL,NULL,NULL,NULL,NULL,NULL,NULL,NULL,NULL,NULL,NULL,'9999999999','9999999999','9999999999'),(218,'ja511qc-0hww-3zxx-so04',NULL,'886 B1','886 B1',NULL,NULL,NULL,NULL,NULL,NULL,NULL,NULL,NULL,NULL,NULL,NULL,NULL,NULL,NULL,NULL,NULL,NULL,NULL,'9999999999','9999999999','9999999999'),(219,'qeacuo8-1nco-yvht-ku7m',NULL,'886 C1','886 C1',NULL,NULL,NULL,NULL,NULL,NULL,NULL,NULL,NULL,NULL,NULL,NULL,NULL,NULL,NULL,NULL,NULL,NULL,NULL,'9999999999','9999999999','9999999999'),(220,'yof8oq9-t4wy-vco2-f3jp',NULL,'879 B1','879 B1',NULL,NULL,NULL,NULL,NULL,NULL,NULL,NULL,NULL,NULL,NULL,NULL,NULL,NULL,NULL,NULL,NULL,NULL,NULL,'9999999999','9999999999','9999999999'),(221,'3jebhi5-agao-sdvx-xq39',NULL,'879 C1','879 C1',NULL,NULL,NULL,NULL,NULL,NULL,NULL,NULL,NULL,NULL,NULL,NULL,NULL,NULL,NULL,NULL,NULL,NULL,NULL,'9999999999','9999999999','9999999999'),(222,'875ej9s-rq8p-f8qf-62nn',NULL,'876 B1','876 B1',NULL,NULL,NULL,NULL,NULL,NULL,NULL,NULL,NULL,NULL,NULL,NULL,NULL,NULL,NULL,NULL,NULL,NULL,NULL,'9999999999','9999999999','9999999999'),(223,'w6pvspw-dchm-gjp6-amds',NULL,'876 C1','876 C1',NULL,NULL,NULL,NULL,NULL,NULL,NULL,NULL,NULL,NULL,NULL,NULL,NULL,NULL,NULL,NULL,NULL,NULL,NULL,'9999999999','9999999999','9999999999'),(224,'3hrkrh8-oaby-jped-c5p9',NULL,'876 C2','876 C2',NULL,NULL,NULL,NULL,NULL,NULL,NULL,NULL,NULL,NULL,NULL,NULL,NULL,NULL,NULL,NULL,NULL,NULL,NULL,'9999999999','9999999999','9999999999'),(225,'k1rlqgd-d9hl-u9ph-wnno',NULL,'876 C3','876 C3',NULL,NULL,NULL,NULL,NULL,NULL,NULL,NULL,NULL,NULL,NULL,NULL,NULL,NULL,NULL,NULL,NULL,NULL,NULL,'9999999999','9999999999','9999999999'),(226,'er7eio5-p4x7-bjvh-h6oy',NULL,'876 C4','876 C4',NULL,NULL,NULL,NULL,NULL,NULL,NULL,NULL,NULL,NULL,NULL,NULL,NULL,NULL,NULL,NULL,NULL,NULL,NULL,'9999999999','9999999999','9999999999'),(227,'jsfo7se-j1ss-48mz-1iko',NULL,'876 C5','876 C5',NULL,NULL,NULL,NULL,NULL,NULL,NULL,NULL,NULL,NULL,NULL,NULL,NULL,NULL,NULL,NULL,NULL,NULL,NULL,'9999999999','9999999999','9999999999'),(228,'293d9ky-tro9-jgok-ke8c',NULL,'877 B1','877 B1',NULL,NULL,NULL,NULL,NULL,NULL,NULL,NULL,NULL,NULL,NULL,NULL,NULL,NULL,NULL,NULL,NULL,NULL,NULL,'9999999999','9999999999','9999999999'),(229,'ba9q5r1-a0fl-756c-bps6',NULL,'877 C1','877 C1',NULL,NULL,NULL,NULL,NULL,NULL,NULL,NULL,NULL,NULL,NULL,NULL,NULL,NULL,NULL,NULL,NULL,NULL,NULL,'9999999999','9999999999','9999999999'),(230,'r6wl98j-5ieb-bc4a-46sg',NULL,'878 B1','878 B1',NULL,NULL,NULL,NULL,NULL,NULL,NULL,NULL,NULL,NULL,NULL,NULL,NULL,NULL,NULL,NULL,NULL,NULL,NULL,'9999999999','9999999999','9999999999'),(231,'qrui03h-4gcg-d905-etcl',NULL,'878 C1','878 C1',NULL,NULL,NULL,NULL,NULL,NULL,NULL,NULL,NULL,NULL,NULL,NULL,NULL,NULL,NULL,NULL,NULL,NULL,NULL,'9999999999','9999999999','9999999999'),(232,'x9541ol-36k5-5ryt-iwpy',NULL,'874 B1','874 B1',NULL,NULL,NULL,NULL,NULL,NULL,NULL,NULL,NULL,NULL,NULL,NULL,NULL,NULL,NULL,NULL,NULL,NULL,NULL,'9999999999','9999999999','9999999999'),(233,'anejaw9-owpa-dfvd-osf4',NULL,'874 C1','874 C1',NULL,NULL,NULL,NULL,NULL,NULL,NULL,NULL,NULL,NULL,NULL,NULL,NULL,NULL,NULL,NULL,NULL,NULL,NULL,'9999999999','9999999999','9999999999'),(234,'lqtxdqb-vuxb-w4ga-g94c',NULL,'874 C2','874 C2',NULL,NULL,NULL,NULL,NULL,NULL,NULL,NULL,NULL,NULL,NULL,NULL,NULL,NULL,NULL,NULL,NULL,NULL,NULL,'9999999999','9999999999','9999999999'),(235,'ydq424i-4xx2-qjnz-ret5',NULL,'874 C3','874 C3',NULL,NULL,NULL,NULL,NULL,NULL,NULL,NULL,NULL,NULL,NULL,NULL,NULL,NULL,NULL,NULL,NULL,NULL,NULL,'9999999999','9999999999','9999999999'),(236,'26y7b0r-15ih-y8jd-vq4h',NULL,'874 C4','874 C4',NULL,NULL,NULL,NULL,NULL,NULL,NULL,NULL,NULL,NULL,NULL,NULL,NULL,NULL,NULL,NULL,NULL,NULL,NULL,'9999999999','9999999999','9999999999'),(237,'dbq0oa8-z4u6-c4jc-hohp',NULL,'874 C5','874 C5',NULL,NULL,NULL,NULL,NULL,NULL,NULL,NULL,NULL,NULL,NULL,NULL,NULL,NULL,NULL,NULL,NULL,NULL,NULL,'9999999999','9999999999','9999999999'),(238,'38m12my-efvh-gs0i-6uf2',NULL,'874 C6','874 C6',NULL,NULL,NULL,NULL,NULL,NULL,NULL,NULL,NULL,NULL,NULL,NULL,NULL,NULL,NULL,NULL,NULL,NULL,NULL,'9999999999','9999999999','9999999999'),(239,'1q2c6hh-0co1-8kvs-4r9n',NULL,'874 C7','874 C7',NULL,NULL,NULL,NULL,NULL,NULL,NULL,NULL,NULL,NULL,NULL,NULL,NULL,NULL,NULL,NULL,NULL,NULL,NULL,'9999999999','9999999999','9999999999'),(240,'yasfv5q-42bj-8tu9-u6jc',NULL,'874 C8','874 C8',NULL,NULL,NULL,NULL,NULL,NULL,NULL,NULL,NULL,NULL,NULL,NULL,NULL,NULL,NULL,NULL,NULL,NULL,NULL,'9999999999','9999999999','9999999999'),(241,'x00xotc-6ke9-tcgu-tjhr',NULL,'874 C9','874 C9',NULL,NULL,NULL,NULL,NULL,NULL,NULL,NULL,NULL,NULL,NULL,NULL,NULL,NULL,NULL,NULL,NULL,NULL,NULL,'9999999999','9999999999','9999999999'),(242,'1h7a94l-c62v-iuyy-59jg',NULL,'874 C10','874 C10',NULL,NULL,NULL,NULL,NULL,NULL,NULL,NULL,NULL,NULL,NULL,NULL,NULL,NULL,NULL,NULL,NULL,NULL,NULL,'9999999999','9999999999','9999999999'),(243,'ow6642g-09n3-av5r-s2sw',NULL,'874 C11','874 C11',NULL,NULL,NULL,NULL,NULL,NULL,NULL,NULL,NULL,NULL,NULL,NULL,NULL,NULL,NULL,NULL,NULL,NULL,NULL,'9999999999','9999999999','9999999999'),(244,'wlk8sp5-9v56-me94-ko5f',NULL,'874 C12','874 C12',NULL,NULL,NULL,NULL,NULL,NULL,NULL,NULL,NULL,NULL,NULL,NULL,NULL,NULL,NULL,NULL,NULL,NULL,NULL,'9999999999','9999999999','9999999999'),(245,'0j85f7g-uzg2-mpzz-yo0o',NULL,'874 C13','874 C13',NULL,NULL,NULL,NULL,NULL,NULL,NULL,NULL,NULL,NULL,NULL,NULL,NULL,NULL,NULL,NULL,NULL,NULL,NULL,'9999999999','9999999999','9999999999'),(246,'z3fvwm4-wdqq-cvaw-g1np',NULL,'874 C14','874 C14',NULL,NULL,NULL,NULL,NULL,NULL,NULL,NULL,NULL,NULL,NULL,NULL,NULL,NULL,NULL,NULL,NULL,NULL,NULL,'9999999999','9999999999','9999999999'),(247,'jmzo9ht-y1d7-zzsz-p4k7',NULL,'875 B1','875 B1',NULL,NULL,NULL,NULL,NULL,NULL,NULL,NULL,NULL,NULL,NULL,NULL,NULL,NULL,NULL,NULL,NULL,NULL,NULL,'9999999999','9999999999','9999999999'),(248,'f8u8g0a-9861-wrbj-hskn',NULL,'875 C1','875 C1',NULL,NULL,NULL,NULL,NULL,NULL,NULL,NULL,NULL,NULL,NULL,NULL,NULL,NULL,NULL,NULL,NULL,NULL,NULL,'9999999999','9999999999','9999999999'),(249,'ay7bx7h-w7cu-z425-6leq',NULL,'875 C2','875 C2',NULL,NULL,NULL,NULL,NULL,NULL,NULL,NULL,NULL,NULL,NULL,NULL,NULL,NULL,NULL,NULL,NULL,NULL,NULL,'9999999999','9999999999','9999999999'),(250,'bmtfgmj-wd52-35vo-f8p1',NULL,'875 C3','875 C3',NULL,NULL,NULL,NULL,NULL,NULL,NULL,NULL,NULL,NULL,NULL,NULL,NULL,NULL,NULL,NULL,NULL,NULL,NULL,'9999999999','9999999999','9999999999'),(251,'phsfvz2-2jin-3ybc-0moi',NULL,'875 C4','875 C4',NULL,NULL,NULL,NULL,NULL,NULL,NULL,NULL,NULL,NULL,NULL,NULL,NULL,NULL,NULL,NULL,NULL,NULL,NULL,'9999999999','9999999999','9999999999'),(252,'dpek21x-lolu-5b1k-pvrn',NULL,'875 C5','875 C5',NULL,NULL,NULL,NULL,NULL,NULL,NULL,NULL,NULL,NULL,NULL,NULL,NULL,NULL,NULL,NULL,NULL,NULL,NULL,'9999999999','9999999999','9999999999'),(253,'f0gbtet-4guj-qxyx-lq5z',NULL,'875 C6','875 C6',NULL,NULL,NULL,NULL,NULL,NULL,NULL,NULL,NULL,NULL,NULL,NULL,NULL,NULL,NULL,NULL,NULL,NULL,NULL,'9999999999','9999999999','9999999999'),(254,'nkrrj9s-g0fo-ct1y-3g41',NULL,'875 C7','875 C7',NULL,NULL,NULL,NULL,NULL,NULL,NULL,NULL,NULL,NULL,NULL,NULL,NULL,NULL,NULL,NULL,NULL,NULL,NULL,'9999999999','9999999999','9999999999'),(255,'aep627v-j25p-qfiq-2o5c',NULL,'875 C8','875 C8',NULL,NULL,NULL,NULL,NULL,NULL,NULL,NULL,NULL,NULL,NULL,NULL,NULL,NULL,NULL,NULL,NULL,NULL,NULL,'9999999999','9999999999','9999999999'),(256,'abx4zax-k56q-ne3e-iry0',NULL,'875 C9','875 C9',NULL,NULL,NULL,NULL,NULL,NULL,NULL,NULL,NULL,NULL,NULL,NULL,NULL,NULL,NULL,NULL,NULL,NULL,NULL,'9999999999','9999999999','9999999999'),(257,'okxgnog-naul-dnfq-aind',NULL,'875 C10','875 C10',NULL,NULL,NULL,NULL,NULL,NULL,NULL,NULL,NULL,NULL,NULL,NULL,NULL,NULL,NULL,NULL,NULL,NULL,NULL,'9999999999','9999999999','9999999999'),(258,'1ou807m-20rz-lmri-gkwf',NULL,'875 C11','875 C11',NULL,NULL,NULL,NULL,NULL,NULL,NULL,NULL,NULL,NULL,NULL,NULL,NULL,NULL,NULL,NULL,NULL,NULL,NULL,'9999999999','9999999999','9999999999'),(259,'t6sf0fk-h1la-385v-gcd4',NULL,'875 C12','875 C12',NULL,NULL,NULL,NULL,NULL,NULL,NULL,NULL,NULL,NULL,NULL,NULL,NULL,NULL,NULL,NULL,NULL,NULL,NULL,'9999999999','9999999999','9999999999'),(260,'1jbftwz-kw9s-ok8l-gj67',NULL,'875 C13','875 C13',NULL,NULL,NULL,NULL,NULL,NULL,NULL,NULL,NULL,NULL,NULL,NULL,NULL,NULL,NULL,NULL,NULL,NULL,NULL,'9999999999','9999999999','9999999999'),(261,'4qe44ep-mnyb-5xtn-id8y',NULL,'875 C14','875 C14',NULL,NULL,NULL,NULL,NULL,NULL,NULL,NULL,NULL,NULL,NULL,NULL,NULL,NULL,NULL,NULL,NULL,NULL,NULL,'9999999999','9999999999','9999999999'),(262,'j90552v-m2m5-yis9-k0n2',NULL,'875 C15','875 C15',NULL,NULL,NULL,NULL,NULL,NULL,NULL,NULL,NULL,NULL,NULL,NULL,NULL,NULL,NULL,NULL,NULL,NULL,NULL,'9999999999','9999999999','9999999999'),(263,'53kc3ft-cco4-kqbi-fijy',NULL,'875 C16','875 C16',NULL,NULL,NULL,NULL,NULL,NULL,NULL,NULL,NULL,NULL,NULL,NULL,NULL,NULL,NULL,NULL,NULL,NULL,NULL,'9999999999','9999999999','9999999999'),(264,'gl7hek3-z117-v4xz-m61k',NULL,'875 C17','875 C17',NULL,NULL,NULL,NULL,NULL,NULL,NULL,NULL,NULL,NULL,NULL,NULL,NULL,NULL,NULL,NULL,NULL,NULL,NULL,'9999999999','9999999999','9999999999'),(265,'afbjgfz-omv6-cyca-s225',NULL,'875 C18','875 C18',NULL,NULL,NULL,NULL,NULL,NULL,NULL,NULL,NULL,NULL,NULL,NULL,NULL,NULL,NULL,NULL,NULL,NULL,NULL,'9999999999','9999999999','9999999999'),(266,'r2efq6m-il7r-26er-dw8p',NULL,'875 C19','875 C19',NULL,NULL,NULL,NULL,NULL,NULL,NULL,NULL,NULL,NULL,NULL,NULL,NULL,NULL,NULL,NULL,NULL,NULL,NULL,'9999999999','9999999999','9999999999'),(267,'1evjkdl-eqbm-0eca-5glr',NULL,'875 C20','875 C20',NULL,NULL,NULL,NULL,NULL,NULL,NULL,NULL,NULL,NULL,NULL,NULL,NULL,NULL,NULL,NULL,NULL,NULL,NULL,'9999999999','9999999999','9999999999'),(268,'317kkdx-pm32-q14p-ldqr',NULL,'875 C21','875 C21',NULL,NULL,NULL,NULL,NULL,NULL,NULL,NULL,NULL,NULL,NULL,NULL,NULL,NULL,NULL,NULL,NULL,NULL,NULL,'9999999999','9999999999','9999999999'),(269,'clzbeb5-cmal-zgsp-e96a',NULL,'875 C22','875 C22',NULL,NULL,NULL,NULL,NULL,NULL,NULL,NULL,NULL,NULL,NULL,NULL,NULL,NULL,NULL,NULL,NULL,NULL,NULL,'9999999999','9999999999','9999999999'),(270,'62icfuo-pnru-9wid-8ost',NULL,'875 C23','875 C23',NULL,NULL,NULL,NULL,NULL,NULL,NULL,NULL,NULL,NULL,NULL,NULL,NULL,NULL,NULL,NULL,NULL,NULL,NULL,'9999999999','9999999999','9999999999'),(271,'sggwycx-v9bs-9esg-ifu2',NULL,'875 C24','875 C24',NULL,NULL,NULL,NULL,NULL,NULL,NULL,NULL,NULL,NULL,NULL,NULL,NULL,NULL,NULL,NULL,NULL,NULL,NULL,'9999999999','9999999999','9999999999'),(272,'icaj7x7-olyj-hm1g-ld9s',NULL,'875 C25','875 C25',NULL,NULL,NULL,NULL,NULL,NULL,NULL,NULL,NULL,NULL,NULL,NULL,NULL,NULL,NULL,NULL,NULL,NULL,NULL,'9999999999','9999999999','9999999999'),(273,'eci8h3l-f0od-i2bh-7zwn',NULL,'206 S1','206 S1',NULL,NULL,NULL,NULL,NULL,NULL,NULL,NULL,NULL,NULL,NULL,NULL,NULL,NULL,NULL,NULL,NULL,NULL,NULL,'9999999999','9999999999','9999999999'),(274,'qmp5hax-ytwi-j1zs-7m7i',NULL,'761 B1','761 B1',NULL,NULL,NULL,NULL,NULL,NULL,NULL,NULL,NULL,NULL,NULL,NULL,NULL,NULL,NULL,NULL,NULL,NULL,NULL,'9999999999','9999999999','9999999999'),(275,'211vviy-3crv-8ubi-acv1',NULL,'762 B1','762 B1',NULL,NULL,NULL,NULL,NULL,NULL,NULL,NULL,NULL,NULL,NULL,NULL,NULL,NULL,NULL,NULL,NULL,NULL,NULL,'9999999999','9999999999','9999999999'),(276,'uta3ex7-ckei-o09m-brkt',NULL,'762 C1','762 C1',NULL,NULL,NULL,NULL,NULL,NULL,NULL,NULL,NULL,NULL,NULL,NULL,NULL,NULL,NULL,NULL,NULL,NULL,NULL,'9999999999','9999999999','9999999999'),(277,'dypwx9j-khn1-ikrr-qehf',NULL,'763 B1','763 B1',NULL,NULL,NULL,NULL,NULL,NULL,NULL,NULL,NULL,NULL,NULL,NULL,NULL,NULL,NULL,NULL,NULL,NULL,NULL,'9999999999','9999999999','9999999999'),(278,'bf34lzw-lqso-94wk-sn10',NULL,'763 S1','763 S1',NULL,NULL,NULL,NULL,NULL,NULL,NULL,NULL,NULL,NULL,NULL,NULL,NULL,NULL,NULL,NULL,NULL,NULL,NULL,'9999999999','9999999999','9999999999'),(279,'ttgmsx6-vc1i-5x3c-w9s9',NULL,'764 B1','764 B1',NULL,NULL,NULL,NULL,NULL,NULL,NULL,NULL,NULL,NULL,NULL,NULL,NULL,NULL,NULL,NULL,NULL,NULL,NULL,'9999999999','9999999999','9999999999'),(280,'smehoc2-cfan-vqtt-zb17',NULL,'764 C1','764 C1',NULL,NULL,NULL,NULL,NULL,NULL,NULL,NULL,NULL,NULL,NULL,NULL,NULL,NULL,NULL,NULL,NULL,NULL,NULL,'9999999999','9999999999','9999999999'),(281,'u1gjv2e-oil5-74vn-lbul',NULL,'765 B1','765 B1',NULL,NULL,NULL,NULL,NULL,NULL,NULL,NULL,NULL,NULL,NULL,NULL,NULL,NULL,NULL,NULL,NULL,NULL,NULL,'9999999999','9999999999','9999999999'),(282,'mpz9htz-cqtw-l4qq-tgad',NULL,'765 C1','765 C1',NULL,NULL,NULL,NULL,NULL,NULL,NULL,NULL,NULL,NULL,NULL,NULL,NULL,NULL,NULL,NULL,NULL,NULL,NULL,'9999999999','9999999999','9999999999'),(283,'yy1bm4t-jk7c-du7j-vs11',NULL,'749 B1','749 B1',NULL,NULL,NULL,NULL,NULL,NULL,NULL,NULL,NULL,NULL,NULL,NULL,NULL,NULL,NULL,NULL,NULL,NULL,NULL,'9999999999','9999999999','9999999999'),(284,'iczujql-nocp-ksyx-a65j',NULL,'757 B1','757 B1',NULL,NULL,NULL,NULL,NULL,NULL,NULL,NULL,NULL,NULL,NULL,NULL,NULL,NULL,NULL,NULL,NULL,NULL,NULL,'9999999999','9999999999','9999999999'),(285,'vxc4pon-tfk1-ya58-a3dj',NULL,'758 B1','758 B1',NULL,NULL,NULL,NULL,NULL,NULL,NULL,NULL,NULL,NULL,NULL,NULL,NULL,NULL,NULL,NULL,NULL,NULL,NULL,'9999999999','9999999999','9999999999'),(286,'h03cyjw-x6qq-qbyz-b1ut',NULL,'759 B1','759 B1',NULL,NULL,NULL,NULL,NULL,NULL,NULL,NULL,NULL,NULL,NULL,NULL,NULL,NULL,NULL,NULL,NULL,NULL,NULL,'9999999999','9999999999','9999999999'),(287,'j2s0cwn-oo7w-2n4t-66ep',NULL,'759 C1','759 C1',NULL,NULL,NULL,NULL,NULL,NULL,NULL,NULL,NULL,NULL,NULL,NULL,NULL,NULL,NULL,NULL,NULL,NULL,NULL,'9999999999','9999999999','9999999999'),(288,'5uy6v2f-2gwp-8571-j68x',NULL,'760 B1','760 B1',NULL,NULL,NULL,NULL,NULL,NULL,NULL,NULL,NULL,NULL,NULL,NULL,NULL,NULL,NULL,NULL,NULL,NULL,NULL,'9999999999','9999999999','9999999999'),(289,'6gjouva-p2dg-uohn-6ogf',NULL,'752 B1','752 B1',NULL,NULL,NULL,NULL,NULL,NULL,NULL,NULL,NULL,NULL,NULL,NULL,NULL,NULL,NULL,NULL,NULL,NULL,NULL,'9999999999','9999999999','9999999999'),(290,'ergblcm-bqgy-0dgt-pkiz',NULL,'753 B1','753 B1',NULL,NULL,NULL,NULL,NULL,NULL,NULL,NULL,NULL,NULL,NULL,NULL,NULL,NULL,NULL,NULL,NULL,NULL,NULL,'9999999999','9999999999','9999999999'),(291,'u197ohc-w2be-4tug-d3sy',NULL,'753 C1','753 C1',NULL,NULL,NULL,NULL,NULL,NULL,NULL,NULL,NULL,NULL,NULL,NULL,NULL,NULL,NULL,NULL,NULL,NULL,NULL,'9999999999','9999999999','9999999999'),(292,'8ebi4v9-q5uo-eegk-osk9',NULL,'754 B1','754 B1',NULL,NULL,NULL,NULL,NULL,NULL,NULL,NULL,NULL,NULL,NULL,NULL,NULL,NULL,NULL,NULL,NULL,NULL,NULL,'9999999999','9999999999','9999999999'),(293,'ucd5r0y-25wp-wb6y-1xb3',NULL,'743 B1','743 B1',NULL,NULL,NULL,NULL,NULL,NULL,NULL,NULL,NULL,NULL,NULL,NULL,NULL,NULL,NULL,NULL,NULL,NULL,NULL,'9999999999','9999999999','9999999999'),(294,'g1k3pqj-dmhb-pax1-6j1s',NULL,'744 B1','744 B1',NULL,NULL,NULL,NULL,NULL,NULL,NULL,NULL,NULL,NULL,NULL,NULL,NULL,NULL,NULL,NULL,NULL,NULL,NULL,'9999999999','9999999999','9999999999'),(295,'oxhyc4t-ohww-j4ij-t2xq',NULL,'745 B1','745 B1',NULL,NULL,NULL,NULL,NULL,NULL,NULL,NULL,NULL,NULL,NULL,NULL,NULL,NULL,NULL,NULL,NULL,NULL,NULL,'9999999999','9999999999','9999999999'),(296,'0isv8wv-mrpw-txh4-ap4h',NULL,'745 C1','745 C1',NULL,NULL,NULL,NULL,NULL,NULL,NULL,NULL,NULL,NULL,NULL,NULL,NULL,NULL,NULL,NULL,NULL,NULL,NULL,'9999999999','9999999999','9999999999'),(297,'w4wvwte-dhom-lh94-z9i4',NULL,'746 B1','746 B1',NULL,NULL,NULL,NULL,NULL,NULL,NULL,NULL,NULL,NULL,NULL,NULL,NULL,NULL,NULL,NULL,NULL,NULL,NULL,'9999999999','9999999999','9999999999'),(298,'qvf8nsv-0tb4-iyc1-z4mv',NULL,'746 C1','746 C1',NULL,NULL,NULL,NULL,NULL,NULL,NULL,NULL,NULL,NULL,NULL,NULL,NULL,NULL,NULL,NULL,NULL,NULL,NULL,'9999999999','9999999999','9999999999'),(299,'tijukoj-bha7-9c20-f31e',NULL,'747 B1','747 B1',NULL,NULL,NULL,NULL,NULL,NULL,NULL,NULL,NULL,NULL,NULL,NULL,NULL,NULL,NULL,NULL,NULL,NULL,NULL,'9999999999','9999999999','9999999999'),(300,'6ogfwzj-sxyi-2hli-e5zr',NULL,'748 B1','748 B1',NULL,NULL,NULL,NULL,NULL,NULL,NULL,NULL,NULL,NULL,NULL,NULL,NULL,NULL,NULL,NULL,NULL,NULL,NULL,'9999999999','9999999999','9999999999'),(301,'k4l0j08-qake-mdns-kve6',NULL,'748 C1','748 C1',NULL,NULL,NULL,NULL,NULL,NULL,NULL,NULL,NULL,NULL,NULL,NULL,NULL,NULL,NULL,NULL,NULL,NULL,NULL,'9999999999','9999999999','9999999999'),(302,'8z0q9rb-nz05-dp9p-uml0',NULL,'206 B1','206 B1',NULL,NULL,NULL,NULL,NULL,NULL,NULL,NULL,NULL,NULL,NULL,NULL,NULL,NULL,NULL,NULL,NULL,NULL,NULL,'9999999999','9999999999','9999999999'),(303,'x4a0tbp-m0yl-6uig-cyv8',NULL,'206 C1','206 C1',NULL,NULL,NULL,NULL,NULL,NULL,NULL,NULL,NULL,NULL,NULL,NULL,NULL,NULL,NULL,NULL,NULL,NULL,NULL,'9999999999','9999999999','9999999999'),(304,'stha9ys-4omk-g958-auxk',NULL,'206 C2','206 C2',NULL,NULL,NULL,NULL,NULL,NULL,NULL,NULL,NULL,NULL,NULL,NULL,NULL,NULL,NULL,NULL,NULL,NULL,NULL,'9999999999','9999999999','9999999999'),(305,'fsb553a-p14h-epw6-34p5',NULL,'206 C3','206 C3',NULL,NULL,NULL,NULL,NULL,NULL,NULL,NULL,NULL,NULL,NULL,NULL,NULL,NULL,NULL,NULL,NULL,NULL,NULL,'9999999999','9999999999','9999999999'),(306,'fo9kp6m-fghu-oz9s-863p',NULL,'206 C4','206 C4',NULL,NULL,NULL,NULL,NULL,NULL,NULL,NULL,NULL,NULL,NULL,NULL,NULL,NULL,NULL,NULL,NULL,NULL,NULL,'9999999999','9999999999','9999999999'),(307,'cy87a9v-q6ut-j2kz-i9im',NULL,'206 C5','206 C5',NULL,NULL,NULL,NULL,NULL,NULL,NULL,NULL,NULL,NULL,NULL,NULL,NULL,NULL,NULL,NULL,NULL,NULL,NULL,'9999999999','9999999999','9999999999'),(308,'t0pa0g5-yvh8-38qn-71u3',NULL,'206 C6','206 C6',NULL,NULL,NULL,NULL,NULL,NULL,NULL,NULL,NULL,NULL,NULL,NULL,NULL,NULL,NULL,NULL,NULL,NULL,NULL,'9999999999','9999999999','9999999999'),(309,'fo434qw-vmyr-6kyt-2wvr',NULL,'206 C7','206 C7',NULL,NULL,NULL,NULL,NULL,NULL,NULL,NULL,NULL,NULL,NULL,NULL,NULL,NULL,NULL,NULL,NULL,NULL,NULL,'9999999999','9999999999','9999999999'),(310,'zyokjv6-l2i1-suva-4pkp',NULL,'206 C8','206 C8',NULL,NULL,NULL,NULL,NULL,NULL,NULL,NULL,NULL,NULL,NULL,NULL,NULL,NULL,NULL,NULL,NULL,NULL,NULL,'9999999999','9999999999','9999999999'),(311,'fiykok1-66b4-3zxp-w3gb',NULL,'206 C9','206 C9',NULL,NULL,NULL,NULL,NULL,NULL,NULL,NULL,NULL,NULL,NULL,NULL,NULL,NULL,NULL,NULL,NULL,NULL,NULL,'9999999999','9999999999','9999999999'),(312,'t4orntk-v1z1-3a5g-hqmy',NULL,'206 C10','206 C10',NULL,NULL,NULL,NULL,NULL,NULL,NULL,NULL,NULL,NULL,NULL,NULL,NULL,NULL,NULL,NULL,NULL,NULL,NULL,'9999999999','9999999999','9999999999'),(313,'oswu3a3-xryn-7oot-7k4z',NULL,'206 C11','206 C11',NULL,NULL,NULL,NULL,NULL,NULL,NULL,NULL,NULL,NULL,NULL,NULL,NULL,NULL,NULL,NULL,NULL,NULL,NULL,'9999999999','9999999999','9999999999'),(314,'fg59fdp-lqt6-2j88-qvu5',NULL,'206 C12','206 C12',NULL,NULL,NULL,NULL,NULL,NULL,NULL,NULL,NULL,NULL,NULL,NULL,NULL,NULL,NULL,NULL,NULL,NULL,NULL,'9999999999','9999999999','9999999999'),(315,'gn5p6xp-vtze-7n27-rzil',NULL,'206 C13','206 C13',NULL,NULL,NULL,NULL,NULL,NULL,NULL,NULL,NULL,NULL,NULL,NULL,NULL,NULL,NULL,NULL,NULL,NULL,NULL,'9999999999','9999999999','9999999999'),(316,'gpgzq3c-wot7-8ojn-ujha',NULL,'206 C14','206 C14',NULL,NULL,NULL,NULL,NULL,NULL,NULL,NULL,NULL,NULL,NULL,NULL,NULL,NULL,NULL,NULL,NULL,NULL,NULL,'9999999999','9999999999','9999999999'),(317,'oe4h501-fq53-rqba-uvo7',NULL,'750 B1','750 B1',NULL,NULL,NULL,NULL,NULL,NULL,NULL,NULL,NULL,NULL,NULL,NULL,NULL,NULL,NULL,NULL,NULL,NULL,NULL,'9999999999','9999999999','9999999999'),(318,'s0ftcg4-25s1-h0u9-brsd',NULL,'751 B1','751 B1',NULL,NULL,NULL,NULL,NULL,NULL,NULL,NULL,NULL,NULL,NULL,NULL,NULL,NULL,NULL,NULL,NULL,NULL,NULL,'9999999999','9999999999','9999999999'),(319,'28ge1r8-ygij-0bx9-o2ga',NULL,'755 B1','755 B1',NULL,NULL,NULL,NULL,NULL,NULL,NULL,NULL,NULL,NULL,NULL,NULL,NULL,NULL,NULL,NULL,NULL,NULL,NULL,'9999999999','9999999999','9999999999'),(320,'lui64jp-6wd1-m2gl-g253',NULL,'756 B1','756 B1',NULL,NULL,NULL,NULL,NULL,NULL,NULL,NULL,NULL,NULL,NULL,NULL,NULL,NULL,NULL,NULL,NULL,NULL,NULL,'9999999999','9999999999','9999999999'),(321,'gttynwg-lbm9-r7vg-ap0p',NULL,'767 B1','767 B1',NULL,NULL,NULL,NULL,NULL,NULL,NULL,NULL,NULL,NULL,NULL,NULL,NULL,NULL,NULL,NULL,NULL,NULL,NULL,'9999999999','9999999999','9999999999'),(322,'enil1lr-83xj-p7zn-pq4g',NULL,'767 C1','767 C1',NULL,NULL,NULL,NULL,NULL,NULL,NULL,NULL,NULL,NULL,NULL,NULL,NULL,NULL,NULL,NULL,NULL,NULL,NULL,'9999999999','9999999999','9999999999'),(323,'uhl3c6l-tknh-sgdz-gz6h',NULL,'767 C2','767 C2',NULL,NULL,NULL,NULL,NULL,NULL,NULL,NULL,NULL,NULL,NULL,NULL,NULL,NULL,NULL,NULL,NULL,NULL,NULL,'9999999999','9999999999','9999999999'),(324,'05zcbcx-mur1-oji6-ov3b',NULL,'769 B1','769 B1',NULL,NULL,NULL,NULL,NULL,NULL,NULL,NULL,NULL,NULL,NULL,NULL,NULL,NULL,NULL,NULL,NULL,NULL,NULL,'9999999999','9999999999','9999999999'),(325,'aaa87ua-ryz9-44xl-tsl1',NULL,'769 C1','769 C1',NULL,NULL,NULL,NULL,NULL,NULL,NULL,NULL,NULL,NULL,NULL,NULL,NULL,NULL,NULL,NULL,NULL,NULL,NULL,'9999999999','9999999999','9999999999'),(326,'tcms263-p1lz-qjvp-o558',NULL,'770 B1','770 B1',NULL,NULL,NULL,NULL,NULL,NULL,NULL,NULL,NULL,NULL,NULL,NULL,NULL,NULL,NULL,NULL,NULL,NULL,NULL,'9999999999','9999999999','9999999999'),(327,'k9qptid-7jgv-bs0p-hbiz',NULL,'770 C1','770 C1',NULL,NULL,NULL,NULL,NULL,NULL,NULL,NULL,NULL,NULL,NULL,NULL,NULL,NULL,NULL,NULL,NULL,NULL,NULL,'9999999999','9999999999','9999999999'),(328,'wo9fhj2-tol0-v8sv-b29o',NULL,'771 B1','771 B1',NULL,NULL,NULL,NULL,NULL,NULL,NULL,NULL,NULL,NULL,NULL,NULL,NULL,NULL,NULL,NULL,NULL,NULL,NULL,'9999999999','9999999999','9999999999'),(329,'js7et6b-8sg1-mn7f-n8fn',NULL,'771 C1','771 C1',NULL,NULL,NULL,NULL,NULL,NULL,NULL,NULL,NULL,NULL,NULL,NULL,NULL,NULL,NULL,NULL,NULL,NULL,NULL,'9999999999','9999999999','9999999999'),(330,'zqxsdza-d7h1-ms6r-2rtm',NULL,'772 B1','772 B1',NULL,NULL,NULL,NULL,NULL,NULL,NULL,NULL,NULL,NULL,NULL,NULL,NULL,NULL,NULL,NULL,NULL,NULL,NULL,'9999999999','9999999999','9999999999'),(331,'tnnv3cz-hvx7-8hxa-pwmj',NULL,'773 B1','773 B1',NULL,NULL,NULL,NULL,NULL,NULL,NULL,NULL,NULL,NULL,NULL,NULL,NULL,NULL,NULL,NULL,NULL,NULL,NULL,'9999999999','9999999999','9999999999'),(332,'c532ltp-jy81-p0vv-v5jn',NULL,'773 C1','773 C1',NULL,NULL,NULL,NULL,NULL,NULL,NULL,NULL,NULL,NULL,NULL,NULL,NULL,NULL,NULL,NULL,NULL,NULL,NULL,'9999999999','9999999999','9999999999'),(333,'vyf86os-2339-2x73-hevz',NULL,'774 B1','774 B1',NULL,NULL,NULL,NULL,NULL,NULL,NULL,NULL,NULL,NULL,NULL,NULL,NULL,NULL,NULL,NULL,NULL,NULL,NULL,'9999999999','9999999999','9999999999'),(334,'xn3v7hq-93rf-fkai-99ei',NULL,'768 B1','768 B1',NULL,NULL,NULL,NULL,NULL,NULL,NULL,NULL,NULL,NULL,NULL,NULL,NULL,NULL,NULL,NULL,NULL,NULL,NULL,'9999999999','9999999999','9999999999'),(335,'p9frp3g-n0bv-s592-tkgv',NULL,'742 B1','742 B1',NULL,NULL,NULL,NULL,NULL,NULL,NULL,NULL,NULL,NULL,NULL,NULL,NULL,NULL,NULL,NULL,NULL,NULL,NULL,'9999999999','9999999999','9999999999'),(336,'izh3qcm-z2u3-9hx6-7fpg',NULL,'766 B1','766 B1',NULL,NULL,NULL,NULL,NULL,NULL,NULL,NULL,NULL,NULL,NULL,NULL,NULL,NULL,NULL,NULL,NULL,NULL,NULL,'9999999999','9999999999','9999999999'),(337,'na2luea-h35s-o2lr-vah2',NULL,'766 C1','766 C1',NULL,NULL,NULL,NULL,NULL,NULL,NULL,NULL,NULL,NULL,NULL,NULL,NULL,NULL,NULL,NULL,NULL,NULL,NULL,'9999999999','9999999999','9999999999'),(338,'cnozqpv-l558-wohl-smvu',NULL,'768 C1','768 C1',NULL,NULL,NULL,NULL,NULL,NULL,NULL,NULL,NULL,NULL,NULL,NULL,NULL,NULL,NULL,NULL,NULL,NULL,NULL,'9999999999','9999999999','9999999999'),(339,'bxnb7my-2eha-ab6x-fbkw',NULL,'768 C2','768 C2',NULL,NULL,NULL,NULL,NULL,NULL,NULL,NULL,NULL,NULL,NULL,NULL,NULL,NULL,NULL,NULL,NULL,NULL,NULL,'9999999999','9999999999','9999999999'),(340,'8pdfg4s-kla5-m7nw-w7od',NULL,'768 C3','768 C3',NULL,NULL,NULL,NULL,NULL,NULL,NULL,NULL,NULL,NULL,NULL,NULL,NULL,NULL,NULL,NULL,NULL,NULL,NULL,'9999999999','9999999999','9999999999'),(341,'kgp7wi5-rzu8-tkul-dom2',NULL,'768 C4','768 C4',NULL,NULL,NULL,NULL,NULL,NULL,NULL,NULL,NULL,NULL,NULL,NULL,NULL,NULL,NULL,NULL,NULL,NULL,NULL,'9999999999','9999999999','9999999999'),(342,'iccj6ng-obg9-bz1b-oq8z',NULL,'768 C5','768 C5',NULL,NULL,NULL,NULL,NULL,NULL,NULL,NULL,NULL,NULL,NULL,NULL,NULL,NULL,NULL,NULL,NULL,NULL,NULL,'9999999999','9999999999','9999999999');
/*!40000 ALTER TABLE `xmf_casillas` ENABLE KEYS */;
UNLOCK TABLES;

--
-- Table structure for table `xmf_casillas_incidencias`
--

DROP TABLE IF EXISTS `xmf_casillas_incidencias`;
/*!40101 SET @saved_cs_client     = @@character_set_client */;
/*!40101 SET character_set_client = utf8 */;
CREATE TABLE `xmf_casillas_incidencias` (
  `id` int(10) NOT NULL AUTO_INCREMENT,
  `xmf_casillas_id` int(10) unsigned DEFAULT NULL,
  `xmf_total_incidencias` int(10) unsigned DEFAULT NULL,
  `created` datetime DEFAULT NULL,
  `modified` datetime DEFAULT NULL,
  PRIMARY KEY (`id`)
) ENGINE=InnoDB DEFAULT CHARSET=latin1;
/*!40101 SET character_set_client = @saved_cs_client */;

--
-- Dumping data for table `xmf_casillas_incidencias`
--

LOCK TABLES `xmf_casillas_incidencias` WRITE;
/*!40000 ALTER TABLE `xmf_casillas_incidencias` DISABLE KEYS */;
/*!40000 ALTER TABLE `xmf_casillas_incidencias` ENABLE KEYS */;
UNLOCK TABLES;

--
-- Table structure for table `xmf_incidencias`
--

DROP TABLE IF EXISTS `xmf_incidencias`;
/*!40101 SET @saved_cs_client     = @@character_set_client */;
/*!40101 SET character_set_client = utf8 */;
CREATE TABLE `xmf_incidencias` (
  `id` int(10) unsigned NOT NULL AUTO_INCREMENT,
  `titulo` text DEFAULT NULL,
  `descripcion` text DEFAULT NULL,
  `created` datetime DEFAULT NULL,
  `modified` datetime DEFAULT NULL,
  PRIMARY KEY (`id`)
) ENGINE=InnoDB AUTO_INCREMENT=17 DEFAULT CHARSET=utf8mb4 COMMENT='TIPO INCIDENCIAS';
/*!40101 SET character_set_client = @saved_cs_client */;

--
-- Dumping data for table `xmf_incidencias`
--

LOCK TABLES `xmf_incidencias` WRITE;
/*!40000 ALTER TABLE `xmf_incidencias` DISABLE KEYS */;
INSERT INTO `xmf_incidencias` VALUES (1,'La casilla se instalo antes de las 7 am.','','2018-04-02 14:02:07','2018-04-02 14:02:07'),(2,'Falto material electoral (Boletas, tinta indeleble, listados nominales).','','2018-04-02 14:02:07','2018-04-02 14:02:07'),(3,'Se impidio el acceso a la casilla a los Representantes de Partido sin causa 8 justificada.','','2018-04-02 14:02:07','2018-04-02 14:02:07'),(4,'Se expulso de la casilla a los Representantes de Partido sin causa 11 justificada.','','2018-04-02 14:02:07','2018-04-02 14:02:07'),(5,'Se instalo la casilla, sin causa justificada, en lugar distinto al seﬁalado por el 14 Consejo Distrital.','','2018-04-02 14:02:07','2018-04-02 14:02:07'),(6,'Se recibio la votacion por personas distintas a las facultadas por la ley.','','2018-04-02 14:02:07','2018-04-02 14:02:07'),(7,'Se permitio sufragar a ciudadanos que no contaban con su credencial para votar con fotografia.','','2018-04-02 14:02:07','2018-04-02 14:02:07'),(8,'Se permitio sufragar a ciudadanos cuyo nombre no aparecio en la Lista Nominal de Electores con fotografia.','','2018-04-02 14:02:07','2018-04-02 14:02:07'),(9,'No se permitio sufragar a ciudadanos que contaban con sentencia favorable del Tribunal Electoral (JDC)','','2018-04-02 14:02:07','2018-04-02 14:02:07'),(10,'Se impidio el ejercicio del derecho al voto a los ciudadanos sin causa justificada.','','2018-04-02 14:02:07','2018-04-02 14:02:07'),(11,'Se ejercio violencia fisica o presién sobre los miembros de la Mesa Directiva de Casilla, Representantes de los Partidos o Electores.','','2018-04-02 14:02:07','2018-04-02 14:02:07'),(12,'Se cerro la votacion antes de las 17:00 horas sin que se hubiera agotado el listado nominal.','','2018-04-02 14:02:07','2018-04-02 14:02:07'),(13,'Medio dolo o error en el computo de los votos, lo cual fue determinante para el resultado de la votacion.','','2018-04-02 14:02:07','2018-04-02 14:02:07'),(14,'Se permitio la presencia de personas no acreditadas en la casilla.','','2018-04-02 14:02:07','2018-04-02 14:02:07'),(15,'Se realizo el escrutinio y computo local diferente al determinado por el Consejo Distrital','','2018-04-02 14:02:07','2018-04-02 14:02:07'),(16,'Exististieron Irregularidades graves, plenamente acreditadas y no reparables durante la jornada electoral','','2018-04-02 14:02:07','2018-04-02 14:02:07');
/*!40000 ALTER TABLE `xmf_incidencias` ENABLE KEYS */;
UNLOCK TABLES;

--
-- Table structure for table `xmf_partidos`
--

DROP TABLE IF EXISTS `xmf_partidos`;
/*!40101 SET @saved_cs_client     = @@character_set_client */;
/*!40101 SET character_set_client = utf8 */;
CREATE TABLE `xmf_partidos` (
  `id` int(10) unsigned NOT NULL AUTO_INCREMENT,
  `nombre` text DEFAULT NULL,
  `formula` text DEFAULT NULL,
  `is_coalicion` tinyint(1) NOT NULL DEFAULT 0,
  `has_parent` tinyint(1) NOT NULL DEFAULT 0,
  `parent_id` int(10) unsigned DEFAULT NULL,
  `is_funcionario` tinyint(1) NOT NULL DEFAULT 0,
  `funcionario_name` char(55) DEFAULT NULL,
  `funcionario_lastname` char(55) DEFAULT NULL,
  `description` text DEFAULT NULL,
  `created` datetime DEFAULT NULL,
  `modified` datetime DEFAULT NULL,
  `bloque` int(11) DEFAULT NULL,
  `orden` int(11) DEFAULT NULL,
  PRIMARY KEY (`id`)
) ENGINE=InnoDB AUTO_INCREMENT=40 DEFAULT CHARSET=utf8mb4 COMMENT='INFORMACION PARTIDOS';
/*!40101 SET character_set_client = @saved_cs_client */;

--
-- Dumping data for table `xmf_partidos`
--

LOCK TABLES `xmf_partidos` WRITE;
/*!40000 ALTER TABLE `xmf_partidos` DISABLE KEYS */;
INSERT INTO `xmf_partidos` VALUES (1,'PAN-PRD-PES','PAN',0,0,NULL,1,'RICARDO','ANAYA CORTES','','2018-04-02 14:02:07','2018-04-02 14:02:07',1,50),(2,'PRI','PRI',0,0,NULL,1,'JOSÉ ANTONIO','MEADE KURIBREÑA','','2018-04-02 14:02:07','2018-04-02 14:02:07',1,51),(3,'PAN-PRD-PES','PRD',0,0,NULL,1,'RICARDO','ANAYA CORTES','','2018-04-02 14:02:07','2018-04-02 14:02:07',1,52),(4,'MORENA-PT-VDE','PVE',0,0,NULL,1,'JOSÉ ANTONIO','MEADE KURIBREÑA','','2018-04-02 14:02:07','2018-04-02 14:02:07',2,53),(5,'MORENA-PT-VDE','PT',0,0,NULL,1,'ANDRÉS MANUEL','LÓPEZ OBRADOR','','2018-04-02 14:02:07','2018-04-02 14:02:07',2,55),(6,'MC','MC',0,0,NULL,1,'RICARDO','ANAYA CORTES','','2018-04-02 14:02:07','2018-04-02 14:02:07',2,54),(7,'MAS','MAS',0,0,NULL,1,'JOSÉ ANTONIO','MEADE KURIBREÑA','','2018-04-02 14:02:07','2018-04-02 14:02:07',3,55),(8,'MORENA-PT-VDE','MORENA',0,0,NULL,1,'ANDRÉS MANUEL','LÓPEZ OBRADOR','','2018-04-02 14:02:07','2018-04-02 14:02:07',3,56),(9,'PAN-PRD-PES','PES',0,0,NULL,1,'ANDRÉS MANUEL','LÓPEZ OBRADOR','','2018-04-02 14:02:07','2018-04-02 14:02:07',3,57),(10,'PAN-PRD-PES','PAN PRD PES',1,0,NULL,0,'','','','2018-04-02 14:02:07','2018-04-02 14:02:07',NULL,10),(11,'PAN-PRD-PES','PAN PRD',1,1,10,0,'','','','2018-04-02 14:02:07','2018-04-02 14:02:07',NULL,11),(12,'PAN-PRD-PES','PAN PES',1,1,10,0,'','','','2018-04-02 14:02:07','2018-04-02 14:02:07',NULL,12),(13,'PAN-PRD-PES','PRD PES',1,1,10,0,'','','','2018-04-02 14:02:07','2018-04-02 14:02:07',NULL,13),(14,'PRI PVE PANAL','PRI PVE PANAL',0,1,NULL,0,'','','','2018-04-02 14:02:07','2018-04-02 14:02:07',NULL,20),(15,'PRI PVE','PRI PVE',0,1,14,0,'','','','2018-04-02 14:02:07','2018-04-02 14:02:07',NULL,21),(16,'PRI PANAL','PRI PANAL',0,1,14,0,'','','','2018-04-02 14:02:07','2018-04-02 14:02:07',NULL,22),(17,'PVE PANAL','PVE PANAL',0,1,14,0,'','','','2018-04-02 14:02:07','2018-04-02 14:02:07',NULL,23),(18,'Presidente','Presidente',0,0,NULL,1,'name','lastname','','2018-04-02 14:02:07','2018-04-02 14:02:07',4,1),(19,'Secretario','Secretario',0,0,NULL,1,'name','lastname','','2018-04-02 14:02:07','2018-04-02 14:02:07',4,2),(20,'Escrutador I','Escrutador I',0,0,NULL,1,'name','lastname','','2018-04-02 14:02:07','2018-04-02 14:02:07',5,1),(21,'Escrutador II','Escrutador II',0,0,NULL,1,'name','lastname','','2018-04-02 14:02:07','2018-04-02 14:02:07',5,2),(22,'Suplente I','Suplente I',0,0,NULL,1,'name','lastname','','2018-04-02 14:02:07','2018-04-02 14:02:07',6,1),(23,'Suplente II','Suplente II',0,0,NULL,1,'name','lastname','','2018-04-02 14:02:07','2018-04-02 14:02:07',6,2),(24,'Suplente III','Suplente III',0,0,NULL,1,'name','lastname','','2018-04-02 14:02:07','2018-04-02 14:02:07',6,3),(25,'Secretario II','Secretario II',0,0,0,1,NULL,NULL,NULL,NULL,NULL,4,3),(26,'Escrutador III','Escrutador III',0,0,0,1,NULL,NULL,NULL,NULL,NULL,5,3),(27,'MORENA-PT-VDE','MORENA PT VDE',1,0,NULL,0,'','','','2018-04-17 20:10:46','2018-04-17 20:10:46',NULL,30),(28,'MORENA-PT-VDE','MORENA VDE',1,1,27,0,'','','','2018-04-17 20:16:57','2018-04-17 20:16:57',NULL,31),(29,'MORENA-PT-VDE','MORENA PT',1,1,27,0,'','','','2018-04-17 20:20:15','2018-04-17 20:20:15',NULL,32),(30,'MORENA-PT-VDE','PT VDE',1,1,27,0,'','','','2018-04-17 20:23:06','2018-04-17 20:23:06',NULL,33),(31,'Margarita Zavala','Margarita Zavala',0,0,0,0,'MARGARITA ESTER','ZAVALA GÓMEZ DEL CAMPO','','2018-04-17 21:14:21','2018-04-17 21:14:21',NULL,61),(32,'Bronco','Bronco',0,0,0,0,'JAIME HELIODORO','RODRÍGUEZ CALDERÓN','','2018-04-17 21:14:29','2018-04-17 21:14:29',NULL,60),(33,'Votos Nulos','Votos Nulos',0,0,0,1,'','','','2018-04-17 21:14:35','2018-04-17 21:14:35',1,90),(34,'No Registrados','No Registrados',0,0,0,1,'','','','2018-04-17 21:14:39','2018-04-17 21:14:39',1,80),(36,'MORENA-PT','MORENA-PT',0,0,0,0,'LÓPEZ OBRADOR','LÓPEZ OBRADOR',NULL,NULL,NULL,NULL,59),(37,'MORENA','MORENA',0,0,NULL,1,'ANDRÉS MANUEL','LÓPEZ OBRADOR','','2018-04-02 14:02:07','2018-04-02 14:02:07',3,56),(38,'PT','PT',0,0,NULL,1,'ANDRÉS MANUEL','LÓPEZ OBRADOR','','2018-04-02 14:02:07','2018-04-02 14:02:07',2,55),(39,'CQ','CQ',0,0,NULL,1,'JOSÉ ANTONIO','MEADE KURIBREÑA','','2018-04-02 14:02:07','2018-04-02 14:02:07',3,58);
/*!40000 ALTER TABLE `xmf_partidos` ENABLE KEYS */;
UNLOCK TABLES;

--
-- Table structure for table `xmf_presences_references`
--

DROP TABLE IF EXISTS `xmf_presences_references`;
/*!40101 SET @saved_cs_client     = @@character_set_client */;
/*!40101 SET character_set_client = utf8 */;
CREATE TABLE `xmf_presences_references` (
  `id` int(10) unsigned NOT NULL AUTO_INCREMENT,
  `xmf_casillas_id` int(10) unsigned NOT NULL,
  `xmf_partidos_id` int(10) unsigned NOT NULL,
  `is_present` tinyint(1) DEFAULT NULL,
  `created` datetime DEFAULT NULL,
  `modified` datetime DEFAULT NULL,
  PRIMARY KEY (`id`)
) ENGINE=InnoDB DEFAULT CHARSET=utf8mb4;
/*!40101 SET character_set_client = @saved_cs_client */;

--
-- Dumping data for table `xmf_presences_references`
--

LOCK TABLES `xmf_presences_references` WRITE;
/*!40000 ALTER TABLE `xmf_presences_references` DISABLE KEYS */;
/*!40000 ALTER TABLE `xmf_presences_references` ENABLE KEYS */;
UNLOCK TABLES;

--
-- Temporary table structure for view `xmf_primer_reporte`
--

DROP TABLE IF EXISTS `xmf_primer_reporte`;
/*!50001 DROP VIEW IF EXISTS `xmf_primer_reporte`*/;
SET @saved_cs_client     = @@character_set_client;
SET character_set_client = utf8;
/*!50001 CREATE TABLE `xmf_primer_reporte` (
  `representante` tinyint NOT NULL,
  `xmf_casillas_id` tinyint NOT NULL,
  `xmf_partidos_id` tinyint NOT NULL,
  `nombre` tinyint NOT NULL,
  `bloque` tinyint NOT NULL,
  `orden` tinyint NOT NULL,
  `is_present` tinyint NOT NULL,
  `casilla` tinyint NOT NULL,
  `lugar_indicado` tinyint NOT NULL,
  `gente_fila` tinyint NOT NULL,
  `nombres_fila` tinyint NOT NULL
) ENGINE=MyISAM */;
SET character_set_client = @saved_cs_client;

--
-- Temporary table structure for view `xmf_primer_reporte_tab`
--

DROP TABLE IF EXISTS `xmf_primer_reporte_tab`;
/*!50001 DROP VIEW IF EXISTS `xmf_primer_reporte_tab`*/;
SET @saved_cs_client     = @@character_set_client;
SET character_set_client = utf8;
/*!50001 CREATE TABLE `xmf_primer_reporte_tab` (
  `xmf_casillas_id` tinyint NOT NULL,
  `name` tinyint NOT NULL,
  `rg_telefono` tinyint NOT NULL,
  `rc_telefono` tinyint NOT NULL
) ENGINE=MyISAM */;
SET character_set_client = @saved_cs_client;

--
-- Temporary table structure for view `xmf_reapers`
--

DROP TABLE IF EXISTS `xmf_reapers`;
/*!50001 DROP VIEW IF EXISTS `xmf_reapers`*/;
SET @saved_cs_client     = @@character_set_client;
SET character_set_client = utf8;
/*!50001 CREATE TABLE `xmf_reapers` (
  `casillas_index` tinyint NOT NULL,
  `name` tinyint NOT NULL,
  `municipio` tinyint NOT NULL,
  `seccion` tinyint NOT NULL,
  `clave_agrupamiento` tinyint NOT NULL,
  `tipo_casilla` tinyint NOT NULL,
  `urbana` tinyint NOT NULL,
  `distrito` tinyint NOT NULL,
  `locacion` tinyint NOT NULL,
  `hora_instalacion` tinyint NOT NULL,
  `hora_inicio` tinyint NOT NULL,
  `hora_cierre` tinyint NOT NULL,
  `nombre` tinyint NOT NULL,
  `formula` tinyint NOT NULL,
  `is_coalicion` tinyint NOT NULL,
  `is_funcionario` tinyint NOT NULL,
  `has_parent` tinyint NOT NULL,
  `parent_id` tinyint NOT NULL,
  `tipo` tinyint NOT NULL,
  `bloque` tinyint NOT NULL,
  `orden` tinyint NOT NULL,
  `id` tinyint NOT NULL,
  `xmf_casillas_id` tinyint NOT NULL,
  `xmf_tipo_votaciones_id` tinyint NOT NULL,
  `xmf_partidos_id` tinyint NOT NULL,
  `votes` tinyint NOT NULL
) ENGINE=MyISAM */;
SET character_set_client = @saved_cs_client;

--
-- Table structure for table `xmf_reports`
--

DROP TABLE IF EXISTS `xmf_reports`;
/*!40101 SET @saved_cs_client     = @@character_set_client */;
/*!40101 SET character_set_client = utf8 */;
CREATE TABLE `xmf_reports` (
  `id` int(10) unsigned NOT NULL AUTO_INCREMENT,
  `xmf_reports_controls_id` int(10) unsigned NOT NULL,
  `xmf_reports_definitions_id` int(10) unsigned NOT NULL,
  `xmf_casillas_id` int(10) unsigned NOT NULL,
  `xmf_partidos_id` int(10) unsigned NOT NULL,
  `xmf_tipo_votaciones_id` int(10) unsigned NOT NULL,
  `created` datetime DEFAULT NULL,
  `modified` datetime DEFAULT NULL,
  PRIMARY KEY (`id`)
) ENGINE=InnoDB DEFAULT CHARSET=utf8mb4;
/*!40101 SET character_set_client = @saved_cs_client */;

--
-- Dumping data for table `xmf_reports`
--

LOCK TABLES `xmf_reports` WRITE;
/*!40000 ALTER TABLE `xmf_reports` DISABLE KEYS */;
/*!40000 ALTER TABLE `xmf_reports` ENABLE KEYS */;
UNLOCK TABLES;

--
-- Table structure for table `xmf_reports_cierre`
--

DROP TABLE IF EXISTS `xmf_reports_cierre`;
/*!40101 SET @saved_cs_client     = @@character_set_client */;
/*!40101 SET character_set_client = utf8 */;
CREATE TABLE `xmf_reports_cierre` (
  `id` int(11) NOT NULL AUTO_INCREMENT,
  `xmf_casillas_id` int(11) NOT NULL,
  `hr_cierre` time DEFAULT NULL,
  `habia_gente_fila` tinyint(2) DEFAULT NULL,
  `votantes` int(11) DEFAULT NULL,
  `promovidos` int(11) DEFAULT NULL,
  `info_validada` tinyint(2) DEFAULT NULL,
  `created` datetime DEFAULT NULL,
  `modified` datetime DEFAULT NULL,
  PRIMARY KEY (`id`)
) ENGINE=InnoDB DEFAULT CHARSET=utf8mb4;
/*!40101 SET character_set_client = @saved_cs_client */;

--
-- Dumping data for table `xmf_reports_cierre`
--

LOCK TABLES `xmf_reports_cierre` WRITE;
/*!40000 ALTER TABLE `xmf_reports_cierre` DISABLE KEYS */;
/*!40000 ALTER TABLE `xmf_reports_cierre` ENABLE KEYS */;
UNLOCK TABLES;

--
-- Table structure for table `xmf_reports_config_definitions`
--

DROP TABLE IF EXISTS `xmf_reports_config_definitions`;
/*!40101 SET @saved_cs_client     = @@character_set_client */;
/*!40101 SET character_set_client = utf8 */;
CREATE TABLE `xmf_reports_config_definitions` (
  `id` int(10) unsigned NOT NULL AUTO_INCREMENT,
  `xmf_reports_definitions_id` int(10) unsigned NOT NULL,
  `field_name` char(1) DEFAULT NULL,
  `description` text DEFAULT NULL,
  `created` datetime DEFAULT NULL,
  `modified` datetime DEFAULT NULL,
  PRIMARY KEY (`id`)
) ENGINE=InnoDB DEFAULT CHARSET=utf8mb4;
/*!40101 SET character_set_client = @saved_cs_client */;

--
-- Dumping data for table `xmf_reports_config_definitions`
--

LOCK TABLES `xmf_reports_config_definitions` WRITE;
/*!40000 ALTER TABLE `xmf_reports_config_definitions` DISABLE KEYS */;
/*!40000 ALTER TABLE `xmf_reports_config_definitions` ENABLE KEYS */;
UNLOCK TABLES;

--
-- Table structure for table `xmf_reports_controls`
--

DROP TABLE IF EXISTS `xmf_reports_controls`;
/*!40101 SET @saved_cs_client     = @@character_set_client */;
/*!40101 SET character_set_client = utf8 */;
CREATE TABLE `xmf_reports_controls` (
  `id` int(10) unsigned NOT NULL AUTO_INCREMENT,
  `xmf_reports_id` int(10) unsigned NOT NULL,
  `xmf_users_id` int(10) unsigned NOT NULL,
  `xmf_roles_id` int(10) unsigned NOT NULL,
  `is_user_config` tinyint(1) DEFAULT 0,
  `is_role_config` tinyint(1) DEFAULT 1,
  `xmf_validations_id` int(10) unsigned NOT NULL,
  `created` datetime DEFAULT NULL,
  `modified` datetime DEFAULT NULL,
  PRIMARY KEY (`id`)
) ENGINE=InnoDB DEFAULT CHARSET=utf8mb4;
/*!40101 SET character_set_client = @saved_cs_client */;

--
-- Dumping data for table `xmf_reports_controls`
--

LOCK TABLES `xmf_reports_controls` WRITE;
/*!40000 ALTER TABLE `xmf_reports_controls` DISABLE KEYS */;
/*!40000 ALTER TABLE `xmf_reports_controls` ENABLE KEYS */;
UNLOCK TABLES;

--
-- Table structure for table `xmf_reports_definitions`
--

DROP TABLE IF EXISTS `xmf_reports_definitions`;
/*!40101 SET @saved_cs_client     = @@character_set_client */;
/*!40101 SET character_set_client = utf8 */;
CREATE TABLE `xmf_reports_definitions` (
  `id` int(10) unsigned NOT NULL AUTO_INCREMENT,
  `name` char(50) DEFAULT NULL,
  `description` text DEFAULT NULL,
  `created` datetime DEFAULT NULL,
  `modified` datetime DEFAULT NULL,
  PRIMARY KEY (`id`)
) ENGINE=InnoDB AUTO_INCREMENT=5 DEFAULT CHARSET=utf8mb4;
/*!40101 SET character_set_client = @saved_cs_client */;

--
-- Dumping data for table `xmf_reports_definitions`
--

LOCK TABLES `xmf_reports_definitions` WRITE;
/*!40000 ALTER TABLE `xmf_reports_definitions` DISABLE KEYS */;
INSERT INTO `xmf_reports_definitions` VALUES (1,'first','reporte_primero','2018-04-02 14:02:07','2018-04-02 14:02:07'),(2,'second','reporte_segundo','2018-04-02 14:02:07','2018-04-02 14:02:07'),(3,'third','reporte_tercero','2018-04-02 14:02:07','2018-04-02 14:02:07'),(4,'fourth','reporte_final','2018-04-02 14:02:07','2018-04-02 14:02:07');
/*!40000 ALTER TABLE `xmf_reports_definitions` ENABLE KEYS */;
UNLOCK TABLES;

--
-- Table structure for table `xmf_reports_segundo_tercero`
--

DROP TABLE IF EXISTS `xmf_reports_segundo_tercero`;
/*!40101 SET @saved_cs_client     = @@character_set_client */;
/*!40101 SET character_set_client = utf8 */;
CREATE TABLE `xmf_reports_segundo_tercero` (
  `id` int(11) NOT NULL AUTO_INCREMENT,
  `votantes_segundo` int(11) DEFAULT NULL,
  `promovidos_segundo` int(11) DEFAULT NULL,
  `hr_voto_segundo` time DEFAULT NULL,
  `votantes_tercero` int(11) DEFAULT NULL,
  `promovidos_tercero` int(11) DEFAULT NULL,
  `hr_voto_tercero` time DEFAULT NULL,
  `info_validada` tinyint(2) DEFAULT NULL,
  `created` datetime DEFAULT NULL,
  `modified` datetime DEFAULT NULL,
  `xmf_casillas_id` int(11) DEFAULT NULL,
  PRIMARY KEY (`id`)
) ENGINE=InnoDB DEFAULT CHARSET=utf8mb4;
/*!40101 SET character_set_client = @saved_cs_client */;

--
-- Dumping data for table `xmf_reports_segundo_tercero`
--

LOCK TABLES `xmf_reports_segundo_tercero` WRITE;
/*!40000 ALTER TABLE `xmf_reports_segundo_tercero` DISABLE KEYS */;
/*!40000 ALTER TABLE `xmf_reports_segundo_tercero` ENABLE KEYS */;
UNLOCK TABLES;

--
-- Table structure for table `xmf_tipo_votaciones`
--

DROP TABLE IF EXISTS `xmf_tipo_votaciones`;
/*!40101 SET @saved_cs_client     = @@character_set_client */;
/*!40101 SET character_set_client = utf8 */;
CREATE TABLE `xmf_tipo_votaciones` (
  `id` int(10) unsigned NOT NULL AUTO_INCREMENT,
  `tipo` char(50) DEFAULT NULL,
  `description` text DEFAULT NULL,
  `created` datetime DEFAULT NULL,
  `modified` datetime DEFAULT NULL,
  PRIMARY KEY (`id`)
) ENGINE=InnoDB AUTO_INCREMENT=5 DEFAULT CHARSET=utf8mb4;
/*!40101 SET character_set_client = @saved_cs_client */;

--
-- Dumping data for table `xmf_tipo_votaciones`
--

LOCK TABLES `xmf_tipo_votaciones` WRITE;
/*!40000 ALTER TABLE `xmf_tipo_votaciones` DISABLE KEYS */;
INSERT INTO `xmf_tipo_votaciones` VALUES (1,'Presidente','','2018-04-02 14:02:07','2018-04-02 14:02:07'),(2,'Senador','','2018-04-02 14:02:07','2018-04-02 14:02:07'),(3,'Diputado','','2018-04-02 14:02:07','2018-04-02 14:02:07'),(4,'Ayuntamiento','','2018-04-02 14:02:07','2018-04-02 14:02:07');
/*!40000 ALTER TABLE `xmf_tipo_votaciones` ENABLE KEYS */;
UNLOCK TABLES;

--
-- Table structure for table `xmf_validations`
--

DROP TABLE IF EXISTS `xmf_validations`;
/*!40101 SET @saved_cs_client     = @@character_set_client */;
/*!40101 SET character_set_client = utf8 */;
CREATE TABLE `xmf_validations` (
  `id` int(10) unsigned NOT NULL AUTO_INCREMENT,
  `reports_id` int(10) unsigned NOT NULL,
  `level` tinyint(4) NOT NULL,
  `level_validation` tinyint(1) DEFAULT NULL,
  `created` datetime DEFAULT NULL,
  `modified` datetime DEFAULT NULL,
  PRIMARY KEY (`id`)
) ENGINE=InnoDB DEFAULT CHARSET=utf8mb4;
/*!40101 SET character_set_client = @saved_cs_client */;

--
-- Dumping data for table `xmf_validations`
--

LOCK TABLES `xmf_validations` WRITE;
/*!40000 ALTER TABLE `xmf_validations` DISABLE KEYS */;
/*!40000 ALTER TABLE `xmf_validations` ENABLE KEYS */;
UNLOCK TABLES;

--
-- Table structure for table `xmf_validations_configs`
--

DROP TABLE IF EXISTS `xmf_validations_configs`;
/*!40101 SET @saved_cs_client     = @@character_set_client */;
/*!40101 SET character_set_client = utf8 */;
CREATE TABLE `xmf_validations_configs` (
  `id` int(10) unsigned NOT NULL AUTO_INCREMENT,
  `top_level` tinyint(4) NOT NULL,
  `role_id` char(36) DEFAULT NULL,
  `created` datetime DEFAULT NULL,
  `modified` datetime DEFAULT NULL,
  PRIMARY KEY (`id`)
) ENGINE=InnoDB DEFAULT CHARSET=utf8mb4;
/*!40101 SET character_set_client = @saved_cs_client */;

--
-- Dumping data for table `xmf_validations_configs`
--

LOCK TABLES `xmf_validations_configs` WRITE;
/*!40000 ALTER TABLE `xmf_validations_configs` DISABLE KEYS */;
/*!40000 ALTER TABLE `xmf_validations_configs` ENABLE KEYS */;
UNLOCK TABLES;

--
-- Table structure for table `xmf_validations_logs`
--

DROP TABLE IF EXISTS `xmf_validations_logs`;
/*!40101 SET @saved_cs_client     = @@character_set_client */;
/*!40101 SET character_set_client = utf8 */;
CREATE TABLE `xmf_validations_logs` (
  `id` int(10) unsigned NOT NULL AUTO_INCREMENT,
  `xmf_reports_id` int(10) unsigned NOT NULL,
  `xmf_validations_id` int(10) unsigned NOT NULL,
  `xmf_validations_configs_id` int(10) unsigned NOT NULL,
  `level` tinyint(4) NOT NULL,
  `level_validation` tinyint(1) DEFAULT NULL,
  `created` datetime DEFAULT NULL,
  `modified` datetime DEFAULT NULL,
  PRIMARY KEY (`id`)
) ENGINE=InnoDB DEFAULT CHARSET=utf8mb4;
/*!40101 SET character_set_client = @saved_cs_client */;

--
-- Dumping data for table `xmf_validations_logs`
--

LOCK TABLES `xmf_validations_logs` WRITE;
/*!40000 ALTER TABLE `xmf_validations_logs` DISABLE KEYS */;
/*!40000 ALTER TABLE `xmf_validations_logs` ENABLE KEYS */;
UNLOCK TABLES;

--
-- Temporary table structure for view `xmf_view_count_header`
--

DROP TABLE IF EXISTS `xmf_view_count_header`;
/*!50001 DROP VIEW IF EXISTS `xmf_view_count_header`*/;
SET @saved_cs_client     = @@character_set_client;
SET character_set_client = utf8;
/*!50001 CREATE TABLE `xmf_view_count_header` (
  `status` tinyint NOT NULL,
  `rg_id` tinyint NOT NULL,
  `presencias` tinyint NOT NULL,
  `ausencias` tinyint NOT NULL,
  `instaladas` tinyint NOT NULL,
  `abiertas` tinyint NOT NULL,
  `cerradas` tinyint NOT NULL
) ENGINE=MyISAM */;
SET character_set_client = @saved_cs_client;

--
-- Temporary table structure for view `xmf_view_reporte_segundos_terceros`
--

DROP TABLE IF EXISTS `xmf_view_reporte_segundos_terceros`;
/*!50001 DROP VIEW IF EXISTS `xmf_view_reporte_segundos_terceros`*/;
SET @saved_cs_client     = @@character_set_client;
SET character_set_client = utf8;
/*!50001 CREATE TABLE `xmf_view_reporte_segundos_terceros` (
  `xmf_casillas_id` tinyint NOT NULL,
  `name` tinyint NOT NULL,
  `votantes_segundo` tinyint NOT NULL,
  `promovidos_segundo` tinyint NOT NULL,
  `votantes_tercero` tinyint NOT NULL,
  `promovidos_tercero` tinyint NOT NULL,
  `is_twelve` tinyint NOT NULL,
  `is_thirdteen` tinyint NOT NULL
) ENGINE=MyISAM */;
SET character_set_client = @saved_cs_client;

--
-- Table structure for table `xmf_votes`
--

DROP TABLE IF EXISTS `xmf_votes`;
/*!40101 SET @saved_cs_client     = @@character_set_client */;
/*!40101 SET character_set_client = utf8 */;
CREATE TABLE `xmf_votes` (
  `id` int(10) unsigned NOT NULL AUTO_INCREMENT,
  `xmf_casillas_id` int(10) unsigned NOT NULL,
  `xmf_tipo_votaciones_id` int(10) unsigned NOT NULL,
  `xmf_partidos_id` int(10) unsigned NOT NULL,
  `votes` int(10) unsigned NOT NULL,
  `created` datetime DEFAULT NULL,
  `modified` datetime DEFAULT NULL,
  PRIMARY KEY (`id`)
) ENGINE=InnoDB DEFAULT CHARSET=utf8mb4;
/*!40101 SET character_set_client = @saved_cs_client */;

--
-- Dumping data for table `xmf_votes`
--

LOCK TABLES `xmf_votes` WRITE;
/*!40000 ALTER TABLE `xmf_votes` DISABLE KEYS */;
/*!40000 ALTER TABLE `xmf_votes` ENABLE KEYS */;
UNLOCK TABLES;

--
-- Final view structure for view `xmf_primer_reporte`
--

/*!50001 DROP TABLE IF EXISTS `xmf_primer_reporte`*/;
/*!50001 DROP VIEW IF EXISTS `xmf_primer_reporte`*/;
/*!50001 SET @saved_cs_client          = @@character_set_client */;
/*!50001 SET @saved_cs_results         = @@character_set_results */;
/*!50001 SET @saved_col_connection     = @@collation_connection */;
/*!50001 SET character_set_client      = utf8 */;
/*!50001 SET character_set_results     = utf8 */;
/*!50001 SET collation_connection      = utf8_general_ci */;
/*!50001 CREATE ALGORITHM=UNDEFINED */
/*!50013 DEFINER=`root`@`localhost` SQL SECURITY DEFINER */
/*!50001 VIEW `xmf_primer_reporte` AS (select concat(`p`.`funcionario_name`,' ',`p`.`funcionario_lastname`) AS `representante`,`r`.`xmf_casillas_id` AS `xmf_casillas_id`,`r`.`xmf_partidos_id` AS `xmf_partidos_id`,`p`.`formula` AS `nombre`,`p`.`bloque` AS `bloque`,`p`.`orden` AS `orden`,`r`.`is_present` AS `is_present`,`c`.`name` AS `casilla`,`c`.`lugar_indicado` AS `lugar_indicado`,`c`.`gente_fila` AS `gente_fila`,`c`.`nombres_fila` AS `nombres_fila` from (`xmf_partidos` `p` join (`xmf_casillas` `c` join `xmf_presences_references` `r` on(`r`.`xmf_casillas_id` = `c`.`id`)) on(`r`.`xmf_partidos_id` = `p`.`id`)) order by `p`.`bloque`,`p`.`orden`) */;
/*!50001 SET character_set_client      = @saved_cs_client */;
/*!50001 SET character_set_results     = @saved_cs_results */;
/*!50001 SET collation_connection      = @saved_col_connection */;

--
-- Final view structure for view `xmf_primer_reporte_tab`
--

/*!50001 DROP TABLE IF EXISTS `xmf_primer_reporte_tab`*/;
/*!50001 DROP VIEW IF EXISTS `xmf_primer_reporte_tab`*/;
/*!50001 SET @saved_cs_client          = @@character_set_client */;
/*!50001 SET @saved_cs_results         = @@character_set_results */;
/*!50001 SET @saved_col_connection     = @@collation_connection */;
/*!50001 SET character_set_client      = utf8 */;
/*!50001 SET character_set_results     = utf8 */;
/*!50001 SET collation_connection      = utf8_general_ci */;
/*!50001 CREATE ALGORITHM=UNDEFINED */
/*!50013 DEFINER=`root`@`localhost` SQL SECURITY DEFINER */
/*!50001 VIEW `xmf_primer_reporte_tab` AS (select distinct `pr`.`xmf_casillas_id` AS `xmf_casillas_id`,`c`.`name` AS `name`,`c`.`rg_telefono` AS `rg_telefono`,`c`.`rc_telefono` AS `rc_telefono` from (`xmf_presences_references` `pr` join `xmf_casillas` `c` on(`pr`.`xmf_casillas_id` = `c`.`id`))) */;
/*!50001 SET character_set_client      = @saved_cs_client */;
/*!50001 SET character_set_results     = @saved_cs_results */;
/*!50001 SET collation_connection      = @saved_col_connection */;

--
-- Final view structure for view `xmf_reapers`
--

/*!50001 DROP TABLE IF EXISTS `xmf_reapers`*/;
/*!50001 DROP VIEW IF EXISTS `xmf_reapers`*/;
/*!50001 SET @saved_cs_client          = @@character_set_client */;
/*!50001 SET @saved_cs_results         = @@character_set_results */;
/*!50001 SET @saved_col_connection     = @@collation_connection */;
/*!50001 SET character_set_client      = utf8 */;
/*!50001 SET character_set_results     = utf8 */;
/*!50001 SET collation_connection      = utf8_general_ci */;
/*!50001 CREATE ALGORITHM=UNDEFINED */
/*!50013 DEFINER=`root`@`localhost` SQL SECURITY DEFINER */
/*!50001 VIEW `xmf_reapers` AS (select `cas`.`id` AS `casillas_index`,`cas`.`name` AS `name`,`cas`.`municipio` AS `municipio`,`cas`.`seccion` AS `seccion`,`cas`.`clave_agrupamiento` AS `clave_agrupamiento`,`cas`.`tipo_casilla` AS `tipo_casilla`,`cas`.`urbana` AS `urbana`,`cas`.`distrito` AS `distrito`,`cas`.`locacion` AS `locacion`,`cas`.`hora_instalacion` AS `hora_instalacion`,`cas`.`hora_inicio` AS `hora_inicio`,`cas`.`hora_cierre` AS `hora_cierre`,`partition`.`nombre` AS `nombre`,`partition`.`formula` AS `formula`,`partition`.`is_coalicion` AS `is_coalicion`,`partition`.`is_funcionario` AS `is_funcionario`,`partition`.`has_parent` AS `has_parent`,`partition`.`parent_id` AS `parent_id`,`tvt`.`tipo` AS `tipo`,`partition`.`bloque` AS `bloque`,`partition`.`orden` AS `orden`,`vts`.`id` AS `id`,`vts`.`xmf_casillas_id` AS `xmf_casillas_id`,`vts`.`xmf_tipo_votaciones_id` AS `xmf_tipo_votaciones_id`,`vts`.`xmf_partidos_id` AS `xmf_partidos_id`,`vts`.`votes` AS `votes` from (((`xmf_casillas` `cas` join `xmf_partidos` `partition`) join `xmf_tipo_votaciones` `tvt`) left join `xmf_votes` `vts` on(`cas`.`id` = `vts`.`xmf_casillas_id` and `vts`.`xmf_tipo_votaciones_id` = `tvt`.`id` and `vts`.`xmf_partidos_id` = `partition`.`id`))) */;
/*!50001 SET character_set_client      = @saved_cs_client */;
/*!50001 SET character_set_results     = @saved_cs_results */;
/*!50001 SET collation_connection      = @saved_col_connection */;

--
-- Final view structure for view `xmf_view_count_header`
--

/*!50001 DROP TABLE IF EXISTS `xmf_view_count_header`*/;
/*!50001 DROP VIEW IF EXISTS `xmf_view_count_header`*/;
/*!50001 SET @saved_cs_client          = @@character_set_client */;
/*!50001 SET @saved_cs_results         = @@character_set_results */;
/*!50001 SET @saved_col_connection     = @@collation_connection */;
/*!50001 SET character_set_client      = utf8 */;
/*!50001 SET character_set_results     = utf8 */;
/*!50001 SET collation_connection      = utf8_general_ci */;
/*!50001 CREATE ALGORITHM=UNDEFINED */
/*!50013 DEFINER=`root`@`localhost` SQL SECURITY DEFINER */
/*!50001 VIEW `xmf_view_count_header` AS (select `xmf_casillas`.`status` AS `status`,`xmf_casillas`.`rg_id` AS `rg_id`,case when `xmf_casillas`.`status` = 'P' and `xmf_casillas`.`hora_presencia` is not null then count(`xmf_casillas`.`id`) end AS `presencias`,case when `xmf_casillas`.`status` is null and `xmf_casillas`.`hora_presencia` is null then count(`xmf_casillas`.`id`) end AS `ausencias`,case when `xmf_casillas`.`status` = 'I' and `xmf_casillas`.`hora_instalacion` is not null then count(`xmf_casillas`.`id`) end AS `instaladas`,case when `xmf_casillas`.`status` = 'V' and `xmf_casillas`.`hora_inicio` is not null then count(`xmf_casillas`.`id`) end AS `abiertas`,case when `xmf_casillas`.`status` = 'X' and `xmf_casillas`.`hora_cierre` is not null then count(`xmf_casillas`.`id`) end AS `cerradas` from `xmf_casillas` group by `xmf_casillas`.`status`,`xmf_casillas`.`rg_id`) */;
/*!50001 SET character_set_client      = @saved_cs_client */;
/*!50001 SET character_set_results     = @saved_cs_results */;
/*!50001 SET collation_connection      = @saved_col_connection */;

--
-- Final view structure for view `xmf_view_reporte_segundos_terceros`
--

/*!50001 DROP TABLE IF EXISTS `xmf_view_reporte_segundos_terceros`*/;
/*!50001 DROP VIEW IF EXISTS `xmf_view_reporte_segundos_terceros`*/;
/*!50001 SET @saved_cs_client          = @@character_set_client */;
/*!50001 SET @saved_cs_results         = @@character_set_results */;
/*!50001 SET @saved_col_connection     = @@collation_connection */;
/*!50001 SET character_set_client      = utf8 */;
/*!50001 SET character_set_results     = utf8 */;
/*!50001 SET collation_connection      = utf8_general_ci */;
/*!50001 CREATE ALGORITHM=UNDEFINED */
/*!50013 DEFINER=`root`@`localhost` SQL SECURITY DEFINER */
/*!50001 VIEW `xmf_view_reporte_segundos_terceros` AS with report as (select `rpt`.`xmf_casillas_id` AS `xmf_casillas_id`,`cas`.`name` AS `name`,`rpt`.`votantes_segundo` AS `votantes_segundo`,`rpt`.`promovidos_segundo` AS `promovidos_segundo`,`rpt`.`votantes_tercero` AS `votantes_tercero`,`rpt`.`promovidos_tercero` AS `promovidos_tercero`,case when cast(`rpt`.`created` as time) between cast('00:00:00' as time) and cast('12:00:00' as time) then 1 else 0 end AS `is_twelve`,case when cast(`rpt`.`created` as time) between cast('00:00:00' as time) and cast('15:00:00' as time) then 1 else 0 end AS `is_thirdteen` from (`xmf_reports_segundo_tercero` `rpt` join `xmf_casillas` `cas` on(`cas`.`id` = `rpt`.`xmf_casillas_id`)) where `rpt`.`xmf_casillas_id` is not null and `rpt`.`votantes_segundo` is not null or `rpt`.`votantes_tercero` is not null)select `report`.`xmf_casillas_id` AS `xmf_casillas_id`,`report`.`name` AS `name`,`report`.`votantes_segundo` AS `votantes_segundo`,`report`.`promovidos_segundo` AS `promovidos_segundo`,`report`.`votantes_tercero` AS `votantes_tercero`,`report`.`promovidos_tercero` AS `promovidos_tercero`,`report`.`is_twelve` AS `is_twelve`,`report`.`is_thirdteen` AS `is_thirdteen` from `report` */;
/*!50001 SET character_set_client      = @saved_cs_client */;
/*!50001 SET character_set_results     = @saved_cs_results */;
/*!50001 SET collation_connection      = @saved_col_connection */;
/*!40103 SET TIME_ZONE=@OLD_TIME_ZONE */;

/*!40101 SET SQL_MODE=@OLD_SQL_MODE */;
/*!40014 SET FOREIGN_KEY_CHECKS=@OLD_FOREIGN_KEY_CHECKS */;
/*!40014 SET UNIQUE_CHECKS=@OLD_UNIQUE_CHECKS */;
/*!40101 SET CHARACTER_SET_CLIENT=@OLD_CHARACTER_SET_CLIENT */;
/*!40101 SET CHARACTER_SET_RESULTS=@OLD_CHARACTER_SET_RESULTS */;
/*!40101 SET COLLATION_CONNECTION=@OLD_COLLATION_CONNECTION */;
/*!40111 SET SQL_NOTES=@OLD_SQL_NOTES */;

-- Dump completed on 2019-06-01 18:00:49
