-- MySQL dump 10.16  Distrib 10.2.24-MariaDB, for debian-linux-gnu (x86_64)
--
-- Host: localhost    Database: sicel_municipios
-- ------------------------------------------------------
-- Server version	10.2.24-MariaDB-1:10.2.24+maria~bionic

/*!40101 SET @OLD_CHARACTER_SET_CLIENT=@@CHARACTER_SET_CLIENT */;
/*!40101 SET @OLD_CHARACTER_SET_RESULTS=@@CHARACTER_SET_RESULTS */;
/*!40101 SET @OLD_COLLATION_CONNECTION=@@COLLATION_CONNECTION */;
/*!40101 SET NAMES utf8 */;
/*!40103 SET @OLD_TIME_ZONE=@@TIME_ZONE */;
/*!40103 SET TIME_ZONE='+00:00' */;
/*!40014 SET @OLD_UNIQUE_CHECKS=@@UNIQUE_CHECKS, UNIQUE_CHECKS=0 */;
/*!40014 SET @OLD_FOREIGN_KEY_CHECKS=@@FOREIGN_KEY_CHECKS, FOREIGN_KEY_CHECKS=0 */;
/*!40101 SET @OLD_SQL_MODE=@@SQL_MODE, SQL_MODE='NO_AUTO_VALUE_ON_ZERO' */;
/*!40111 SET @OLD_SQL_NOTES=@@SQL_NOTES, SQL_NOTES=0 */;

--
-- Table structure for table `acl_phinxlog`
--

DROP TABLE IF EXISTS `acl_phinxlog`;
/*!40101 SET @saved_cs_client     = @@character_set_client */;
/*!40101 SET character_set_client = utf8 */;
CREATE TABLE `acl_phinxlog` (
  `version` bigint(20) NOT NULL,
  `migration_name` varchar(100) DEFAULT NULL,
  `start_time` timestamp NULL DEFAULT NULL,
  `end_time` timestamp NULL DEFAULT NULL,
  `breakpoint` tinyint(1) NOT NULL DEFAULT 0,
  PRIMARY KEY (`version`)
) ENGINE=InnoDB DEFAULT CHARSET=utf8;
/*!40101 SET character_set_client = @saved_cs_client */;

--
-- Dumping data for table `acl_phinxlog`
--

LOCK TABLES `acl_phinxlog` WRITE;
/*!40000 ALTER TABLE `acl_phinxlog` DISABLE KEYS */;
INSERT INTO `acl_phinxlog` VALUES (20141229162641,'CakePhpDbAcl','2018-03-07 06:25:43','2018-03-07 06:25:43',0);
/*!40000 ALTER TABLE `acl_phinxlog` ENABLE KEYS */;
UNLOCK TABLES;

--
-- Table structure for table `acos`
--

DROP TABLE IF EXISTS `acos`;
/*!40101 SET @saved_cs_client     = @@character_set_client */;
/*!40101 SET character_set_client = utf8 */;
CREATE TABLE `acos` (
  `id` int(11) NOT NULL AUTO_INCREMENT,
  `parent_id` int(11) DEFAULT NULL,
  `model` varchar(255) DEFAULT NULL,
  `foreign_key` int(11) DEFAULT NULL,
  `alias` varchar(255) DEFAULT NULL,
  `lft` int(11) DEFAULT NULL,
  `rght` int(11) DEFAULT NULL,
  PRIMARY KEY (`id`),
  KEY `lft` (`lft`,`rght`),
  KEY `alias` (`alias`)
) ENGINE=InnoDB AUTO_INCREMENT=9 DEFAULT CHARSET=utf8;
/*!40101 SET character_set_client = @saved_cs_client */;

--
-- Dumping data for table `acos`
--

LOCK TABLES `acos` WRITE;
/*!40000 ALTER TABLE `acos` DISABLE KEYS */;
INSERT INTO `acos` VALUES (1,NULL,NULL,NULL,'controllers',1,14),(2,1,NULL,NULL,'Articles',2,13),(3,2,NULL,NULL,'index',3,4),(4,2,NULL,NULL,'view',5,6),(5,2,NULL,NULL,'add',7,8),(6,2,NULL,NULL,'edit',9,10),(7,2,NULL,NULL,'delete',11,12),(8,NULL,'Articles',1,NULL,15,16);
/*!40000 ALTER TABLE `acos` ENABLE KEYS */;
UNLOCK TABLES;

--
-- Table structure for table `aros`
--

DROP TABLE IF EXISTS `aros`;
/*!40101 SET @saved_cs_client     = @@character_set_client */;
/*!40101 SET character_set_client = utf8 */;
CREATE TABLE `aros` (
  `id` int(11) NOT NULL AUTO_INCREMENT,
  `parent_id` int(11) DEFAULT NULL,
  `model` varchar(255) DEFAULT NULL,
  `foreign_key` char(36) DEFAULT NULL,
  `alias` varchar(255) DEFAULT NULL,
  `lft` int(11) DEFAULT NULL,
  `rght` int(11) DEFAULT NULL,
  PRIMARY KEY (`id`),
  KEY `lft` (`lft`,`rght`),
  KEY `alias` (`alias`)
) ENGINE=InnoDB AUTO_INCREMENT=6 DEFAULT CHARSET=utf8;
/*!40101 SET character_set_client = @saved_cs_client */;

--
-- Dumping data for table `aros`
--

LOCK TABLES `aros` WRITE;
/*!40000 ALTER TABLE `aros` DISABLE KEYS */;
INSERT INTO `aros` VALUES (1,NULL,'Roles','80687266-6761-43a2-bd98-f42349a9bb63',NULL,1,4),(2,NULL,'Roles','5197c80d-2d30-4225-a757-b31592c9e0f0',NULL,5,6),(3,NULL,'Roles','e687cb91-4cdf-4ab2-992f-e76584199c2e',NULL,7,10),(4,1,'MyUsers','a51e5518-c666-40ca-92db-f27202c07160',NULL,2,3),(5,3,'MyUsers','394e7d5f-ed21-4201-a53a-7a9d3a70f66b',NULL,8,9);
/*!40000 ALTER TABLE `aros` ENABLE KEYS */;
UNLOCK TABLES;

--
-- Table structure for table `aros_acos`
--

DROP TABLE IF EXISTS `aros_acos`;
/*!40101 SET @saved_cs_client     = @@character_set_client */;
/*!40101 SET character_set_client = utf8 */;
CREATE TABLE `aros_acos` (
  `id` int(11) NOT NULL AUTO_INCREMENT,
  `aro_id` int(11) NOT NULL,
  `aco_id` int(11) NOT NULL,
  `_create` varchar(2) NOT NULL DEFAULT '0',
  `_read` varchar(2) NOT NULL DEFAULT '0',
  `_update` varchar(2) NOT NULL DEFAULT '0',
  `_delete` varchar(2) NOT NULL DEFAULT '0',
  PRIMARY KEY (`id`),
  UNIQUE KEY `aro_id` (`aro_id`,`aco_id`),
  KEY `aco_id` (`aco_id`)
) ENGINE=InnoDB AUTO_INCREMENT=6 DEFAULT CHARSET=utf8;
/*!40101 SET character_set_client = @saved_cs_client */;

--
-- Dumping data for table `aros_acos`
--

LOCK TABLES `aros_acos` WRITE;
/*!40000 ALTER TABLE `aros_acos` DISABLE KEYS */;
INSERT INTO `aros_acos` VALUES (1,1,5,'1','1','1','1'),(2,3,4,'1','1','1','1'),(3,1,3,'1','1','1','1'),(4,2,3,'1','1','1','1'),(5,3,3,'1','1','1','1');
/*!40000 ALTER TABLE `aros_acos` ENABLE KEYS */;
UNLOCK TABLES;

--
-- Table structure for table `cake_d_c_users_phinxlog`
--

DROP TABLE IF EXISTS `cake_d_c_users_phinxlog`;
/*!40101 SET @saved_cs_client     = @@character_set_client */;
/*!40101 SET character_set_client = utf8 */;
CREATE TABLE `cake_d_c_users_phinxlog` (
  `version` bigint(20) NOT NULL,
  `migration_name` varchar(100) DEFAULT NULL,
  `start_time` timestamp NULL DEFAULT NULL,
  `end_time` timestamp NULL DEFAULT NULL,
  `breakpoint` tinyint(1) NOT NULL DEFAULT 0,
  PRIMARY KEY (`version`)
) ENGINE=InnoDB DEFAULT CHARSET=utf8;
/*!40101 SET character_set_client = @saved_cs_client */;

--
-- Dumping data for table `cake_d_c_users_phinxlog`
--

LOCK TABLES `cake_d_c_users_phinxlog` WRITE;
/*!40000 ALTER TABLE `cake_d_c_users_phinxlog` DISABLE KEYS */;
INSERT INTO `cake_d_c_users_phinxlog` VALUES (20150513201111,'Initial','2018-03-07 06:25:36','2018-03-07 06:25:36',0),(20161031101316,'AddSecretToUsers','2018-03-07 06:25:36','2018-03-07 06:25:36',0);
/*!40000 ALTER TABLE `cake_d_c_users_phinxlog` ENABLE KEYS */;
UNLOCK TABLES;

--
-- Table structure for table `roles`
--

DROP TABLE IF EXISTS `roles`;
/*!40101 SET @saved_cs_client     = @@character_set_client */;
/*!40101 SET character_set_client = utf8 */;
CREATE TABLE `roles` (
  `id` char(36) NOT NULL,
  `name` char(120) NOT NULL,
  `created` datetime DEFAULT NULL,
  `modified` datetime DEFAULT NULL,
  PRIMARY KEY (`id`)
) ENGINE=InnoDB DEFAULT CHARSET=utf8mb4;
/*!40101 SET character_set_client = @saved_cs_client */;

--
-- Dumping data for table `roles`
--

LOCK TABLES `roles` WRITE;
/*!40000 ALTER TABLE `roles` DISABLE KEYS */;
INSERT INTO `roles` VALUES ('5197c80d-2d30-4225-a757-b31592c9e0f0','Admin','2018-03-07 00:27:41','2018-03-07 00:27:41'),('80687266-6761-43a2-bd98-f42349a9bb63','Captura','2018-03-07 00:27:30','2018-03-07 00:27:30'),('e687cb91-4cdf-4ab2-992f-e76584199c2e','Monitor','2018-03-07 00:27:46','2018-03-07 00:27:46');
/*!40000 ALTER TABLE `roles` ENABLE KEYS */;
UNLOCK TABLES;

--
-- Table structure for table `social_accounts`
--

DROP TABLE IF EXISTS `social_accounts`;
/*!40101 SET @saved_cs_client     = @@character_set_client */;
/*!40101 SET character_set_client = utf8 */;
CREATE TABLE `social_accounts` (
  `id` char(36) NOT NULL,
  `user_id` char(36) NOT NULL,
  `provider` varchar(255) NOT NULL,
  `username` varchar(255) DEFAULT NULL,
  `reference` varchar(255) NOT NULL,
  `avatar` varchar(255) DEFAULT NULL,
  `description` text DEFAULT NULL,
  `link` varchar(255) NOT NULL,
  `token` varchar(500) NOT NULL,
  `token_secret` varchar(500) DEFAULT NULL,
  `token_expires` datetime DEFAULT NULL,
  `active` tinyint(1) NOT NULL DEFAULT 1,
  `data` text NOT NULL,
  `created` datetime NOT NULL,
  `modified` datetime NOT NULL,
  PRIMARY KEY (`id`),
  KEY `user_id` (`user_id`),
  CONSTRAINT `social_accounts_ibfk_1` FOREIGN KEY (`user_id`) REFERENCES `users` (`id`) ON DELETE CASCADE ON UPDATE CASCADE
) ENGINE=InnoDB DEFAULT CHARSET=utf8mb4;
/*!40101 SET character_set_client = @saved_cs_client */;

--
-- Dumping data for table `social_accounts`
--

LOCK TABLES `social_accounts` WRITE;
/*!40000 ALTER TABLE `social_accounts` DISABLE KEYS */;
/*!40000 ALTER TABLE `social_accounts` ENABLE KEYS */;
UNLOCK TABLES;

--
-- Table structure for table `users`
--

DROP TABLE IF EXISTS `users`;
/*!40101 SET @saved_cs_client     = @@character_set_client */;
/*!40101 SET character_set_client = utf8 */;
CREATE TABLE `users` (
  `id` char(36) NOT NULL,
  `username` varchar(255) NOT NULL,
  `email` varchar(255) DEFAULT NULL,
  `password` varchar(255) NOT NULL,
  `first_name` varchar(50) DEFAULT NULL,
  `last_name` varchar(50) DEFAULT NULL,
  `token` varchar(255) DEFAULT NULL,
  `token_expires` datetime DEFAULT NULL,
  `api_token` varchar(255) DEFAULT NULL,
  `activation_date` datetime DEFAULT NULL,
  `secret` varchar(32) DEFAULT NULL,
  `secret_verified` tinyint(1) DEFAULT NULL,
  `tos_date` datetime DEFAULT NULL,
  `active` tinyint(1) NOT NULL DEFAULT 0,
  `is_superuser` tinyint(1) NOT NULL DEFAULT 0,
  `role_id` char(36) DEFAULT NULL,
  `created` datetime NOT NULL,
  `modified` datetime NOT NULL,
  PRIMARY KEY (`id`),
  KEY `role_id` (`role_id`),
  CONSTRAINT `users_ibfk_1` FOREIGN KEY (`role_id`) REFERENCES `roles` (`id`)
) ENGINE=InnoDB DEFAULT CHARSET=utf8mb4;
/*!40101 SET character_set_client = @saved_cs_client */;

--
-- Dumping data for table `users`
--

LOCK TABLES `users` WRITE;
/*!40000 ALTER TABLE `users` DISABLE KEYS */;
INSERT INTO `users` VALUES ('0377jef-gn7l-1tbk-ecii','711C1',NULL,'$2y$10$7Nr7lHpeouo.3Swq.mM.3uNu0zjJmyyEGxgTOA1F9UYq7dXSFfyHK','USUARIO 711C1',NULL,NULL,NULL,NULL,NULL,NULL,NULL,NULL,1,0,'80687266-6761-43a2-bd98-f42349a9bb63','2019-06-01 17:19:19','2019-06-01 17:19:19'),('054qtg3-q4fb-v9fw-dd3v','680B1',NULL,'$2y$10$7Nr7lHpeouo.3Swq.mM.3uNu0zjJmyyEGxgTOA1F9UYq7dXSFfyHK','USUARIO 680B1',NULL,NULL,NULL,NULL,NULL,NULL,NULL,NULL,1,0,'80687266-6761-43a2-bd98-f42349a9bb63','2019-06-01 17:19:15','2019-06-01 17:19:15'),('07n6wrx-aihd-im5i-d42c','700C1',NULL,'$2y$10$7Nr7lHpeouo.3Swq.mM.3uNu0zjJmyyEGxgTOA1F9UYq7dXSFfyHK','USUARIO 700C1',NULL,NULL,NULL,NULL,NULL,NULL,NULL,NULL,1,0,'80687266-6761-43a2-bd98-f42349a9bb63','2019-06-01 17:19:26','2019-06-01 17:19:26'),('09lnqis-z1gf-sxcl-2r8l','731C1',NULL,'$2y$10$7Nr7lHpeouo.3Swq.mM.3uNu0zjJmyyEGxgTOA1F9UYq7dXSFfyHK','USUARIO 731C1',NULL,NULL,NULL,NULL,NULL,NULL,NULL,NULL,1,0,'80687266-6761-43a2-bd98-f42349a9bb63','2019-06-01 17:19:28','2019-06-01 17:19:28'),('0ac7pa4-x6qx-roat-r1ts','710B1',NULL,'$2y$10$7Nr7lHpeouo.3Swq.mM.3uNu0zjJmyyEGxgTOA1F9UYq7dXSFfyHK','USUARIO 710B1',NULL,NULL,NULL,NULL,NULL,NULL,NULL,NULL,1,0,'80687266-6761-43a2-bd98-f42349a9bb63','2019-06-01 17:19:22','2019-06-01 17:19:22'),('0bab4e6-95ts-mhx5-hqfa','696B1',NULL,'$2y$10$7Nr7lHpeouo.3Swq.mM.3uNu0zjJmyyEGxgTOA1F9UYq7dXSFfyHK','USUARIO 696B1',NULL,NULL,NULL,NULL,NULL,NULL,NULL,NULL,1,0,'80687266-6761-43a2-bd98-f42349a9bb63','2019-06-01 17:19:25','2019-06-01 17:19:25'),('0dve7xn-fxyc-i1tu-0n7e','874C9',NULL,'$2y$10$7Nr7lHpeouo.3Swq.mM.3uNu0zjJmyyEGxgTOA1F9UYq7dXSFfyHK','USUARIO 874C9',NULL,NULL,NULL,NULL,NULL,NULL,NULL,NULL,1,0,'80687266-6761-43a2-bd98-f42349a9bb63','2019-06-01 17:19:42','2019-06-01 17:19:42'),('0jp741o-1ddm-qm2t-6ml7','733B1',NULL,'$2y$10$7Nr7lHpeouo.3Swq.mM.3uNu0zjJmyyEGxgTOA1F9UYq7dXSFfyHK','USUARIO 733B1',NULL,NULL,NULL,NULL,NULL,NULL,NULL,NULL,1,0,'80687266-6761-43a2-bd98-f42349a9bb63','2019-06-01 17:19:35','2019-06-01 17:19:35'),('0ldizk3-wp9j-514o-tecc','890C1',NULL,'$2y$10$7Nr7lHpeouo.3Swq.mM.3uNu0zjJmyyEGxgTOA1F9UYq7dXSFfyHK','USUARIO 890C1',NULL,NULL,NULL,NULL,NULL,NULL,NULL,NULL,1,0,'80687266-6761-43a2-bd98-f42349a9bb63','2019-06-01 17:19:36','2019-06-01 17:19:36'),('0lmb610-kv25-hmsu-9u61','702C3',NULL,'$2y$10$7Nr7lHpeouo.3Swq.mM.3uNu0zjJmyyEGxgTOA1F9UYq7dXSFfyHK','USUARIO 702C3',NULL,NULL,NULL,NULL,NULL,NULL,NULL,NULL,1,0,'80687266-6761-43a2-bd98-f42349a9bb63','2019-06-01 17:19:26','2019-06-01 17:19:26'),('17g9vvc-mofj-4msd-2did','671C1',NULL,'$2y$10$7Nr7lHpeouo.3Swq.mM.3uNu0zjJmyyEGxgTOA1F9UYq7dXSFfyHK','USUARIO 671C1',NULL,NULL,NULL,NULL,NULL,NULL,NULL,NULL,1,0,'80687266-6761-43a2-bd98-f42349a9bb63','2019-06-01 17:19:15','2019-06-01 17:19:15'),('17z2udw-3v0d-lgd4-3ndj','ulisesM',NULL,'$2y$10$A2d8Ndnrtm360ipRiXNjmOksr82CF64HcUiK2adXB8r43VgQkjnhG','ULISES','MEJÍA',NULL,NULL,NULL,NULL,NULL,NULL,NULL,1,1,'5197c80d-2d30-4225-a757-b31592c9e0f0','2018-06-27 21:43:12','2018-06-27 21:43:12'),('1cao9ns-yxqm-41lz-1x0i','683B1',NULL,'$2y$10$7Nr7lHpeouo.3Swq.mM.3uNu0zjJmyyEGxgTOA1F9UYq7dXSFfyHK','USUARIO 683B1',NULL,NULL,NULL,NULL,NULL,NULL,NULL,NULL,1,0,'80687266-6761-43a2-bd98-f42349a9bb63','2019-06-01 17:19:17','2019-06-01 17:19:17'),('1fxwl1p-xq9l-s7lg-qjtg','876B1',NULL,'$2y$10$7Nr7lHpeouo.3Swq.mM.3uNu0zjJmyyEGxgTOA1F9UYq7dXSFfyHK','USUARIO 876B1',NULL,NULL,NULL,NULL,NULL,NULL,NULL,NULL,1,0,'80687266-6761-43a2-bd98-f42349a9bb63','2019-06-01 17:19:39','2019-06-01 17:19:39'),('1g6jfmt-0jih-6bts-do0q','764B1',NULL,'$2y$10$7Nr7lHpeouo.3Swq.mM.3uNu0zjJmyyEGxgTOA1F9UYq7dXSFfyHK','USUARIO 764B1',NULL,NULL,NULL,NULL,NULL,NULL,NULL,NULL,1,0,'80687266-6761-43a2-bd98-f42349a9bb63','2019-06-01 17:19:47','2019-06-01 17:19:47'),('1l1ypsm-dy6r-8qmf-d7cu','767C1',NULL,'$2y$10$7Nr7lHpeouo.3Swq.mM.3uNu0zjJmyyEGxgTOA1F9UYq7dXSFfyHK','USUARIO 767C1',NULL,NULL,NULL,NULL,NULL,NULL,NULL,NULL,1,0,'80687266-6761-43a2-bd98-f42349a9bb63','2019-06-01 17:19:54','2019-06-01 17:19:54'),('1m5cs80-5vlp-kyqu-i935','886B1',NULL,'$2y$10$7Nr7lHpeouo.3Swq.mM.3uNu0zjJmyyEGxgTOA1F9UYq7dXSFfyHK','USUARIO 886B1',NULL,NULL,NULL,NULL,NULL,NULL,NULL,NULL,1,0,'80687266-6761-43a2-bd98-f42349a9bb63','2019-06-01 17:19:39','2019-06-01 17:19:39'),('1rb3tjn-w25c-ywm7-qrm8','693B1',NULL,'$2y$10$7Nr7lHpeouo.3Swq.mM.3uNu0zjJmyyEGxgTOA1F9UYq7dXSFfyHK','USUARIO 693B1',NULL,NULL,NULL,NULL,NULL,NULL,NULL,NULL,1,0,'80687266-6761-43a2-bd98-f42349a9bb63','2019-06-01 17:19:21','2019-06-01 17:19:21'),('1sexsat-db5x-nfpi-3t07','739B1',NULL,'$2y$10$7Nr7lHpeouo.3Swq.mM.3uNu0zjJmyyEGxgTOA1F9UYq7dXSFfyHK','USUARIO 739B1',NULL,NULL,NULL,NULL,NULL,NULL,NULL,NULL,1,0,'80687266-6761-43a2-bd98-f42349a9bb63','2019-06-01 17:19:29','2019-06-01 17:19:29'),('1tl5lzz-8yvt-u8zp-h5rj','748C1',NULL,'$2y$10$7Nr7lHpeouo.3Swq.mM.3uNu0zjJmyyEGxgTOA1F9UYq7dXSFfyHK','USUARIO 748C1',NULL,NULL,NULL,NULL,NULL,NULL,NULL,NULL,1,0,'80687266-6761-43a2-bd98-f42349a9bb63','2019-06-01 17:19:51','2019-06-01 17:19:51'),('24ek0hw-tey8-z2rv-jwws','748B1',NULL,'$2y$10$7Nr7lHpeouo.3Swq.mM.3uNu0zjJmyyEGxgTOA1F9UYq7dXSFfyHK','USUARIO 748B1',NULL,NULL,NULL,NULL,NULL,NULL,NULL,NULL,1,0,'80687266-6761-43a2-bd98-f42349a9bb63','2019-06-01 17:19:50','2019-06-01 17:19:50'),('24wu0pk-ib2b-vr4k-dbtv','888B1',NULL,'$2y$10$7Nr7lHpeouo.3Swq.mM.3uNu0zjJmyyEGxgTOA1F9UYq7dXSFfyHK','USUARIO 888B1',NULL,NULL,NULL,NULL,NULL,NULL,NULL,NULL,1,0,'80687266-6761-43a2-bd98-f42349a9bb63','2019-06-01 17:19:35','2019-06-01 17:19:35'),('2djw4a4-9odq-rn9a-woak','718C1',NULL,'$2y$10$7Nr7lHpeouo.3Swq.mM.3uNu0zjJmyyEGxgTOA1F9UYq7dXSFfyHK','USUARIO 718C1',NULL,NULL,NULL,NULL,NULL,NULL,NULL,NULL,1,0,'80687266-6761-43a2-bd98-f42349a9bb63','2019-06-01 17:19:19','2019-06-01 17:19:19'),('2jba13z-n410-occw-jc7i','899B1',NULL,'$2y$10$7Nr7lHpeouo.3Swq.mM.3uNu0zjJmyyEGxgTOA1F9UYq7dXSFfyHK','USUARIO 899B1',NULL,NULL,NULL,NULL,NULL,NULL,NULL,NULL,1,0,'80687266-6761-43a2-bd98-f42349a9bb63','2019-06-01 17:19:34','2019-06-01 17:19:34'),('2pr3knb-rxvk-4dut-qiqj','734C1',NULL,'$2y$10$7Nr7lHpeouo.3Swq.mM.3uNu0zjJmyyEGxgTOA1F9UYq7dXSFfyHK','USUARIO 734C1',NULL,NULL,NULL,NULL,NULL,NULL,NULL,NULL,1,0,'80687266-6761-43a2-bd98-f42349a9bb63','2019-06-01 17:19:33','2019-06-01 17:19:33'),('2qgueg8-at36-h3j2-4zi9','719B1',NULL,'$2y$10$7Nr7lHpeouo.3Swq.mM.3uNu0zjJmyyEGxgTOA1F9UYq7dXSFfyHK','USUARIO 719B1',NULL,NULL,NULL,NULL,NULL,NULL,NULL,NULL,1,0,'80687266-6761-43a2-bd98-f42349a9bb63','2019-06-01 17:19:19','2019-06-01 17:19:19'),('2rj38vw-gzj0-xkvl-w5ok','876C1',NULL,'$2y$10$7Nr7lHpeouo.3Swq.mM.3uNu0zjJmyyEGxgTOA1F9UYq7dXSFfyHK','USUARIO 876C1',NULL,NULL,NULL,NULL,NULL,NULL,NULL,NULL,1,0,'80687266-6761-43a2-bd98-f42349a9bb63','2019-06-01 17:19:39','2019-06-01 17:19:39'),('2sth221-tv6y-so4d-l23o','723B1',NULL,'$2y$10$7Nr7lHpeouo.3Swq.mM.3uNu0zjJmyyEGxgTOA1F9UYq7dXSFfyHK','USUARIO 723B1',NULL,NULL,NULL,NULL,NULL,NULL,NULL,NULL,1,0,'80687266-6761-43a2-bd98-f42349a9bb63','2019-06-01 17:19:23','2019-06-01 17:19:23'),('2umipfy-hbx4-kuii-zhk4','895B1',NULL,'$2y$10$7Nr7lHpeouo.3Swq.mM.3uNu0zjJmyyEGxgTOA1F9UYq7dXSFfyHK','USUARIO 895B1',NULL,NULL,NULL,NULL,NULL,NULL,NULL,NULL,1,0,'80687266-6761-43a2-bd98-f42349a9bb63','2019-06-01 17:19:34','2019-06-01 17:19:34'),('2xyxkly-23bi-4etg-pfk9','743B1',NULL,'$2y$10$7Nr7lHpeouo.3Swq.mM.3uNu0zjJmyyEGxgTOA1F9UYq7dXSFfyHK','USUARIO 743B1',NULL,NULL,NULL,NULL,NULL,NULL,NULL,NULL,1,0,'80687266-6761-43a2-bd98-f42349a9bb63','2019-06-01 17:19:49','2019-06-01 17:19:49'),('306ei89-lbgj-rnlp-zf0q','875C20',NULL,'$2y$10$7Nr7lHpeouo.3Swq.mM.3uNu0zjJmyyEGxgTOA1F9UYq7dXSFfyHK','USUARIO 875C20',NULL,NULL,NULL,NULL,NULL,NULL,NULL,NULL,1,0,'80687266-6761-43a2-bd98-f42349a9bb63','2019-06-01 17:19:46','2019-06-01 17:19:46'),('31afjuh-466c-2t2h-ojpq','681C6',NULL,'$2y$10$7Nr7lHpeouo.3Swq.mM.3uNu0zjJmyyEGxgTOA1F9UYq7dXSFfyHK','USUARIO 681C6',NULL,NULL,NULL,NULL,NULL,NULL,NULL,NULL,1,0,'80687266-6761-43a2-bd98-f42349a9bb63','2019-06-01 17:19:17','2019-06-01 17:19:17'),('33goh0o-5oma-zwg0-2yp4','703B1',NULL,'$2y$10$7Nr7lHpeouo.3Swq.mM.3uNu0zjJmyyEGxgTOA1F9UYq7dXSFfyHK','USUARIO 703B1',NULL,NULL,NULL,NULL,NULL,NULL,NULL,NULL,1,0,'80687266-6761-43a2-bd98-f42349a9bb63','2019-06-01 17:19:27','2019-06-01 17:19:27'),('37avtwo-d7jp-b27b-c8o2','745C1',NULL,'$2y$10$7Nr7lHpeouo.3Swq.mM.3uNu0zjJmyyEGxgTOA1F9UYq7dXSFfyHK','USUARIO 745C1',NULL,NULL,NULL,NULL,NULL,NULL,NULL,NULL,1,0,'80687266-6761-43a2-bd98-f42349a9bb63','2019-06-01 17:19:50','2019-06-01 17:19:50'),('37dk2s8-mtv3-yi4y-lsg3','768C1',NULL,'$2y$10$7Nr7lHpeouo.3Swq.mM.3uNu0zjJmyyEGxgTOA1F9UYq7dXSFfyHK','USUARIO 768C1',NULL,NULL,NULL,NULL,NULL,NULL,NULL,NULL,1,0,'80687266-6761-43a2-bd98-f42349a9bb63','2019-06-01 17:19:57','2019-06-01 17:19:57'),('3avi3hy-x35v-76hp-3xvz','697B1',NULL,'$2y$10$7Nr7lHpeouo.3Swq.mM.3uNu0zjJmyyEGxgTOA1F9UYq7dXSFfyHK','USUARIO 697B1',NULL,NULL,NULL,NULL,NULL,NULL,NULL,NULL,1,0,'80687266-6761-43a2-bd98-f42349a9bb63','2019-06-01 17:19:25','2019-06-01 17:19:25'),('3c4yh23-af5l-es4e-id46','674C2',NULL,'$2y$10$7Nr7lHpeouo.3Swq.mM.3uNu0zjJmyyEGxgTOA1F9UYq7dXSFfyHK','USUARIO 674C2',NULL,NULL,NULL,NULL,NULL,NULL,NULL,NULL,1,0,'80687266-6761-43a2-bd98-f42349a9bb63','2019-06-01 17:19:28','2019-06-01 17:19:28'),('3jwdlfx-5urb-g7qg-zwq7','668C1',NULL,'$2y$10$7Nr7lHpeouo.3Swq.mM.3uNu0zjJmyyEGxgTOA1F9UYq7dXSFfyHK','USUARIO 668C1',NULL,NULL,NULL,NULL,NULL,NULL,NULL,NULL,1,0,'80687266-6761-43a2-bd98-f42349a9bb63','2019-06-01 17:19:14','2019-06-01 17:19:14'),('3njfsb3-ufxz-8ojr-qlt1','707B1',NULL,'$2y$10$7Nr7lHpeouo.3Swq.mM.3uNu0zjJmyyEGxgTOA1F9UYq7dXSFfyHK','USUARIO 707B1',NULL,NULL,NULL,NULL,NULL,NULL,NULL,NULL,1,0,'80687266-6761-43a2-bd98-f42349a9bb63','2019-06-01 17:19:27','2019-06-01 17:19:27'),('3o7oy9u-p9qk-s9ku-99uc','721B1',NULL,'$2y$10$7Nr7lHpeouo.3Swq.mM.3uNu0zjJmyyEGxgTOA1F9UYq7dXSFfyHK','USUARIO 721B1',NULL,NULL,NULL,NULL,NULL,NULL,NULL,NULL,1,0,'80687266-6761-43a2-bd98-f42349a9bb63','2019-06-01 17:19:20','2019-06-01 17:19:20'),('3qq5pic-05nj-h2mc-psjx','914B1',NULL,'$2y$10$7Nr7lHpeouo.3Swq.mM.3uNu0zjJmyyEGxgTOA1F9UYq7dXSFfyHK','USUARIO 914B1',NULL,NULL,NULL,NULL,NULL,NULL,NULL,NULL,1,0,'80687266-6761-43a2-bd98-f42349a9bb63','2019-06-01 17:19:30','2019-06-01 17:19:30'),('3tyhjjn-4cab-xr01-lq4l','700B1',NULL,'$2y$10$7Nr7lHpeouo.3Swq.mM.3uNu0zjJmyyEGxgTOA1F9UYq7dXSFfyHK','USUARIO 700B1',NULL,NULL,NULL,NULL,NULL,NULL,NULL,NULL,1,0,'80687266-6761-43a2-bd98-f42349a9bb63','2019-06-01 17:19:26','2019-06-01 17:19:26'),('49375pk-qft3-00bm-u2kr','762B1',NULL,'$2y$10$7Nr7lHpeouo.3Swq.mM.3uNu0zjJmyyEGxgTOA1F9UYq7dXSFfyHK','USUARIO 762B1',NULL,NULL,NULL,NULL,NULL,NULL,NULL,NULL,1,0,'80687266-6761-43a2-bd98-f42349a9bb63','2019-06-01 17:19:47','2019-06-01 17:19:47'),('4alr1yu-b428-qcye-2fxp','680C1',NULL,'$2y$10$7Nr7lHpeouo.3Swq.mM.3uNu0zjJmyyEGxgTOA1F9UYq7dXSFfyHK','USUARIO 680C1',NULL,NULL,NULL,NULL,NULL,NULL,NULL,NULL,1,0,'80687266-6761-43a2-bd98-f42349a9bb63','2019-06-01 17:19:15','2019-06-01 17:19:15'),('4i9fomn-a6mz-uvtx-yl8a','694C5',NULL,'$2y$10$7Nr7lHpeouo.3Swq.mM.3uNu0zjJmyyEGxgTOA1F9UYq7dXSFfyHK','USUARIO 694C5',NULL,NULL,NULL,NULL,NULL,NULL,NULL,NULL,1,0,'80687266-6761-43a2-bd98-f42349a9bb63','2019-06-01 17:19:24','2019-06-01 17:19:24'),('4jc3efi-wpi2-2tl7-zsc9','740C1',NULL,'$2y$10$7Nr7lHpeouo.3Swq.mM.3uNu0zjJmyyEGxgTOA1F9UYq7dXSFfyHK','USUARIO 740C1',NULL,NULL,NULL,NULL,NULL,NULL,NULL,NULL,1,0,'80687266-6761-43a2-bd98-f42349a9bb63','2019-06-01 17:19:30','2019-06-01 17:19:30'),('4mn9vfj-gxml-5hvu-yqhr','713B1',NULL,'$2y$10$7Nr7lHpeouo.3Swq.mM.3uNu0zjJmyyEGxgTOA1F9UYq7dXSFfyHK','USUARIO 713B1',NULL,NULL,NULL,NULL,NULL,NULL,NULL,NULL,1,0,'80687266-6761-43a2-bd98-f42349a9bb63','2019-06-01 17:19:19','2019-06-01 17:19:19'),('4sgiu63-ywo5-8icf-0g16','892C2',NULL,'$2y$10$7Nr7lHpeouo.3Swq.mM.3uNu0zjJmyyEGxgTOA1F9UYq7dXSFfyHK','USUARIO 892C2',NULL,NULL,NULL,NULL,NULL,NULL,NULL,NULL,1,0,'80687266-6761-43a2-bd98-f42349a9bb63','2019-06-01 17:19:36','2019-06-01 17:19:36'),('4vbjbi1-juam-o6d2-fjqi','701C1',NULL,'$2y$10$7Nr7lHpeouo.3Swq.mM.3uNu0zjJmyyEGxgTOA1F9UYq7dXSFfyHK','USUARIO 701C1',NULL,NULL,NULL,NULL,NULL,NULL,NULL,NULL,1,0,'80687266-6761-43a2-bd98-f42349a9bb63','2019-06-01 17:19:26','2019-06-01 17:19:26'),('4ya39li-hwmr-zzt5-du17','676B1',NULL,'$2y$10$7Nr7lHpeouo.3Swq.mM.3uNu0zjJmyyEGxgTOA1F9UYq7dXSFfyHK','USUARIO 676B1',NULL,NULL,NULL,NULL,NULL,NULL,NULL,NULL,1,0,'80687266-6761-43a2-bd98-f42349a9bb63','2019-06-01 17:19:15','2019-06-01 17:19:15'),('5d5zmx5-cmep-huhn-efm8','M0NIT0R01',NULL,'$2y$10$qQaDRgCZdK/nDzAlNUQaV.N5361oyrLhEmtosT5Lue78ztyzZV.NW','MONITOR','01',NULL,NULL,NULL,NULL,NULL,NULL,NULL,1,0,'e687cb91-4cdf-4ab2-992f-e76584199c2e','2018-06-27 21:02:57','2018-06-27 21:02:57'),('5feac1z-kf65-tbax-xzji','753B1',NULL,'$2y$10$7Nr7lHpeouo.3Swq.mM.3uNu0zjJmyyEGxgTOA1F9UYq7dXSFfyHK','USUARIO 753B1',NULL,NULL,NULL,NULL,NULL,NULL,NULL,NULL,1,0,'80687266-6761-43a2-bd98-f42349a9bb63','2019-06-01 17:19:48','2019-06-01 17:19:48'),('5fy0u3m-ja2v-csmj-fl6o','908B1',NULL,'$2y$10$7Nr7lHpeouo.3Swq.mM.3uNu0zjJmyyEGxgTOA1F9UYq7dXSFfyHK','USUARIO 908B1',NULL,NULL,NULL,NULL,NULL,NULL,NULL,NULL,1,0,'80687266-6761-43a2-bd98-f42349a9bb63','2019-06-01 17:19:21','2019-06-01 17:19:21'),('5khmdk5-5pgs-6pfv-vz1q','874C5',NULL,'$2y$10$7Nr7lHpeouo.3Swq.mM.3uNu0zjJmyyEGxgTOA1F9UYq7dXSFfyHK','USUARIO 874C5',NULL,NULL,NULL,NULL,NULL,NULL,NULL,NULL,1,0,'80687266-6761-43a2-bd98-f42349a9bb63','2019-06-01 17:19:42','2019-06-01 17:19:42'),('5min8tc-8f0k-eu7d-obys','717C1',NULL,'$2y$10$7Nr7lHpeouo.3Swq.mM.3uNu0zjJmyyEGxgTOA1F9UYq7dXSFfyHK','USUARIO 717C1',NULL,NULL,NULL,NULL,NULL,NULL,NULL,NULL,1,0,'80687266-6761-43a2-bd98-f42349a9bb63','2019-06-01 17:19:22','2019-06-01 17:19:22'),('5pg4w5m-92rx-1c5t-6zsf','892B1',NULL,'$2y$10$7Nr7lHpeouo.3Swq.mM.3uNu0zjJmyyEGxgTOA1F9UYq7dXSFfyHK','USUARIO 892B1',NULL,NULL,NULL,NULL,NULL,NULL,NULL,NULL,1,0,'80687266-6761-43a2-bd98-f42349a9bb63','2019-06-01 17:19:36','2019-06-01 17:19:36'),('5xkrwkd-y5oi-wasj-fk0u','694B1',NULL,'$2y$10$7Nr7lHpeouo.3Swq.mM.3uNu0zjJmyyEGxgTOA1F9UYq7dXSFfyHK','USUARIO 694B1',NULL,NULL,NULL,NULL,NULL,NULL,NULL,NULL,1,0,'80687266-6761-43a2-bd98-f42349a9bb63','2019-06-01 17:19:24','2019-06-01 17:19:24'),('5xq9cag-3ox1-damt-grk8','910B1',NULL,'$2y$10$7Nr7lHpeouo.3Swq.mM.3uNu0zjJmyyEGxgTOA1F9UYq7dXSFfyHK','USUARIO 910B1',NULL,NULL,NULL,NULL,NULL,NULL,NULL,NULL,1,0,'80687266-6761-43a2-bd98-f42349a9bb63','2019-06-01 17:19:31','2019-06-01 17:19:31'),('5yffdi0-oxks-pem5-v3g4','737C1',NULL,'$2y$10$7Nr7lHpeouo.3Swq.mM.3uNu0zjJmyyEGxgTOA1F9UYq7dXSFfyHK','USUARIO 737C1',NULL,NULL,NULL,NULL,NULL,NULL,NULL,NULL,1,0,'80687266-6761-43a2-bd98-f42349a9bb63','2019-06-01 17:19:23','2019-06-01 17:19:23'),('654abk8-0bsf-cdob-o8bf','725C1',NULL,'$2y$10$7Nr7lHpeouo.3Swq.mM.3uNu0zjJmyyEGxgTOA1F9UYq7dXSFfyHK','USUARIO 725C1',NULL,NULL,NULL,NULL,NULL,NULL,NULL,NULL,1,0,'80687266-6761-43a2-bd98-f42349a9bb63','2019-06-01 17:19:23','2019-06-01 17:19:23'),('67aiodm-156u-xdk6-kjtw','770B1',NULL,'$2y$10$7Nr7lHpeouo.3Swq.mM.3uNu0zjJmyyEGxgTOA1F9UYq7dXSFfyHK','USUARIO 770B1',NULL,NULL,NULL,NULL,NULL,NULL,NULL,NULL,1,0,'80687266-6761-43a2-bd98-f42349a9bb63','2019-06-01 17:19:55','2019-06-01 17:19:55'),('67zf4wx-qiwa-ymu0-menl','768C3',NULL,'$2y$10$7Nr7lHpeouo.3Swq.mM.3uNu0zjJmyyEGxgTOA1F9UYq7dXSFfyHK','USUARIO 768C3',NULL,NULL,NULL,NULL,NULL,NULL,NULL,NULL,1,0,'80687266-6761-43a2-bd98-f42349a9bb63','2019-06-01 17:19:57','2019-06-01 17:19:57'),('68p36me-rq2q-pfmy-d5ct','712B1',NULL,'$2y$10$7Nr7lHpeouo.3Swq.mM.3uNu0zjJmyyEGxgTOA1F9UYq7dXSFfyHK','USUARIO 712B1',NULL,NULL,NULL,NULL,NULL,NULL,NULL,NULL,1,0,'80687266-6761-43a2-bd98-f42349a9bb63','2019-06-01 17:19:19','2019-06-01 17:19:19'),('6d6jb6m-kzou-k5cu-go84','674B1',NULL,'$2y$10$7Nr7lHpeouo.3Swq.mM.3uNu0zjJmyyEGxgTOA1F9UYq7dXSFfyHK','USUARIO 674B1',NULL,NULL,NULL,NULL,NULL,NULL,NULL,NULL,1,0,'80687266-6761-43a2-bd98-f42349a9bb63','2019-06-01 17:19:28','2019-06-01 17:19:28'),('6eyncqn-vi9b-9ddp-mgdt','771B1',NULL,'$2y$10$7Nr7lHpeouo.3Swq.mM.3uNu0zjJmyyEGxgTOA1F9UYq7dXSFfyHK','USUARIO 771B1',NULL,NULL,NULL,NULL,NULL,NULL,NULL,NULL,1,0,'80687266-6761-43a2-bd98-f42349a9bb63','2019-06-01 17:19:55','2019-06-01 17:19:55'),('6kpuof5-4xf8-ef6s-lwwq','693C1',NULL,'$2y$10$7Nr7lHpeouo.3Swq.mM.3uNu0zjJmyyEGxgTOA1F9UYq7dXSFfyHK','USUARIO 693C1',NULL,NULL,NULL,NULL,NULL,NULL,NULL,NULL,1,0,'80687266-6761-43a2-bd98-f42349a9bb63','2019-06-01 17:19:22','2019-06-01 17:19:22'),('6o1abfw-y9nr-7urg-wszx','715B1',NULL,'$2y$10$7Nr7lHpeouo.3Swq.mM.3uNu0zjJmyyEGxgTOA1F9UYq7dXSFfyHK','USUARIO 715B1',NULL,NULL,NULL,NULL,NULL,NULL,NULL,NULL,1,0,'80687266-6761-43a2-bd98-f42349a9bb63','2019-06-01 17:19:22','2019-06-01 17:19:22'),('6tjo2qz-h7qw-rcq4-m5r6','720C1',NULL,'$2y$10$7Nr7lHpeouo.3Swq.mM.3uNu0zjJmyyEGxgTOA1F9UYq7dXSFfyHK','USUARIO 720C1',NULL,NULL,NULL,NULL,NULL,NULL,NULL,NULL,1,0,'80687266-6761-43a2-bd98-f42349a9bb63','2019-06-01 17:19:20','2019-06-01 17:19:20'),('6z2kz0j-9wjv-v96i-op8x','874C10',NULL,'$2y$10$7Nr7lHpeouo.3Swq.mM.3uNu0zjJmyyEGxgTOA1F9UYq7dXSFfyHK','USUARIO 874C10',NULL,NULL,NULL,NULL,NULL,NULL,NULL,NULL,1,0,'80687266-6761-43a2-bd98-f42349a9bb63','2019-06-01 17:19:43','2019-06-01 17:19:43'),('70equcc-6u1x-sjcn-z3sy','206C2',NULL,'$2y$10$7Nr7lHpeouo.3Swq.mM.3uNu0zjJmyyEGxgTOA1F9UYq7dXSFfyHK','USUARIO 206C2',NULL,NULL,NULL,NULL,NULL,NULL,NULL,NULL,1,0,'80687266-6761-43a2-bd98-f42349a9bb63','2019-06-01 17:19:51','2019-06-01 17:19:51'),('70vjsbe-hxej-35ju-oe4e','206B1',NULL,'$2y$10$7Nr7lHpeouo.3Swq.mM.3uNu0zjJmyyEGxgTOA1F9UYq7dXSFfyHK','USUARIO 206B1',NULL,NULL,NULL,NULL,NULL,NULL,NULL,NULL,1,0,'80687266-6761-43a2-bd98-f42349a9bb63','2019-06-01 17:19:51','2019-06-01 17:19:51'),('72bddfd3-7d2b-4638-92ca-d101259a1399','ADMIN3','cyaber@vosr.com','$2y$10$/5WCyjtPZEhQNQ8KJj7YjukSAh0djDxetXMgtmzCACyzQuzJMkdEm','Carlos','Lopez','',NULL,'',NULL,'',1,NULL,1,1,'5197c80d-2d30-4225-a757-b31592c9e0f0','2018-05-16 02:07:05','2018-05-16 02:07:05'),('7317vri-9eig-tm9t-fr0n','695C1',NULL,'$2y$10$7Nr7lHpeouo.3Swq.mM.3uNu0zjJmyyEGxgTOA1F9UYq7dXSFfyHK','USUARIO 695C1',NULL,NULL,NULL,NULL,NULL,NULL,NULL,NULL,1,0,'80687266-6761-43a2-bd98-f42349a9bb63','2019-06-01 17:19:25','2019-06-01 17:19:25'),('732z1b9-0bpr-e3n9-jr5p','749B1',NULL,'$2y$10$7Nr7lHpeouo.3Swq.mM.3uNu0zjJmyyEGxgTOA1F9UYq7dXSFfyHK','USUARIO 749B1',NULL,NULL,NULL,NULL,NULL,NULL,NULL,NULL,1,0,'80687266-6761-43a2-bd98-f42349a9bb63','2019-06-01 17:19:47','2019-06-01 17:19:47'),('73vsvia-ucs6-noer-frhf','680C5',NULL,'$2y$10$7Nr7lHpeouo.3Swq.mM.3uNu0zjJmyyEGxgTOA1F9UYq7dXSFfyHK','USUARIO 680C5',NULL,NULL,NULL,NULL,NULL,NULL,NULL,NULL,1,0,'80687266-6761-43a2-bd98-f42349a9bb63','2019-06-01 17:19:16','2019-06-01 17:19:16'),('74399pl-jb19-sonl-10nx','717B1',NULL,'$2y$10$7Nr7lHpeouo.3Swq.mM.3uNu0zjJmyyEGxgTOA1F9UYq7dXSFfyHK','USUARIO 717B1',NULL,NULL,NULL,NULL,NULL,NULL,NULL,NULL,1,0,'80687266-6761-43a2-bd98-f42349a9bb63','2019-06-01 17:19:22','2019-06-01 17:19:22'),('76ibn7c-x6wa-v286-74qs','754B1',NULL,'$2y$10$7Nr7lHpeouo.3Swq.mM.3uNu0zjJmyyEGxgTOA1F9UYq7dXSFfyHK','USUARIO 754B1',NULL,NULL,NULL,NULL,NULL,NULL,NULL,NULL,1,0,'80687266-6761-43a2-bd98-f42349a9bb63','2019-06-01 17:19:49','2019-06-01 17:19:49'),('7di7top-iw3f-g2hi-c81c','738C1',NULL,'$2y$10$7Nr7lHpeouo.3Swq.mM.3uNu0zjJmyyEGxgTOA1F9UYq7dXSFfyHK','USUARIO 738C1',NULL,NULL,NULL,NULL,NULL,NULL,NULL,NULL,1,0,'80687266-6761-43a2-bd98-f42349a9bb63','2019-06-01 17:19:29','2019-06-01 17:19:29'),('7fujf8a-2hgj-f214-z5nd','889B1',NULL,'$2y$10$7Nr7lHpeouo.3Swq.mM.3uNu0zjJmyyEGxgTOA1F9UYq7dXSFfyHK','USUARIO 889B1',NULL,NULL,NULL,NULL,NULL,NULL,NULL,NULL,1,0,'80687266-6761-43a2-bd98-f42349a9bb63','2019-06-01 17:19:37','2019-06-01 17:19:37'),('7oii56c-vjch-dy3y-7853','875C4',NULL,'$2y$10$7Nr7lHpeouo.3Swq.mM.3uNu0zjJmyyEGxgTOA1F9UYq7dXSFfyHK','USUARIO 875C4',NULL,NULL,NULL,NULL,NULL,NULL,NULL,NULL,1,0,'80687266-6761-43a2-bd98-f42349a9bb63','2019-06-01 17:19:44','2019-06-01 17:19:44'),('7w38yib-nthv-60ey-u8h6','878B1',NULL,'$2y$10$7Nr7lHpeouo.3Swq.mM.3uNu0zjJmyyEGxgTOA1F9UYq7dXSFfyHK','USUARIO 878B1',NULL,NULL,NULL,NULL,NULL,NULL,NULL,NULL,1,0,'80687266-6761-43a2-bd98-f42349a9bb63','2019-06-01 17:19:40','2019-06-01 17:19:40'),('7wv64o3-2cy6-a3vg-xuqd','920B1',NULL,'$2y$10$7Nr7lHpeouo.3Swq.mM.3uNu0zjJmyyEGxgTOA1F9UYq7dXSFfyHK','USUARIO 920B1',NULL,NULL,NULL,NULL,NULL,NULL,NULL,NULL,1,0,'80687266-6761-43a2-bd98-f42349a9bb63','2019-06-01 17:19:32','2019-06-01 17:19:32'),('7x7v3xu-lfnj-i4md-u31o','874C7',NULL,'$2y$10$7Nr7lHpeouo.3Swq.mM.3uNu0zjJmyyEGxgTOA1F9UYq7dXSFfyHK','USUARIO 874C7',NULL,NULL,NULL,NULL,NULL,NULL,NULL,NULL,1,0,'80687266-6761-43a2-bd98-f42349a9bb63','2019-06-01 17:19:42','2019-06-01 17:19:42'),('7yrynxb-lp25-ol56-8e1x','894B1',NULL,'$2y$10$7Nr7lHpeouo.3Swq.mM.3uNu0zjJmyyEGxgTOA1F9UYq7dXSFfyHK','USUARIO 894B1',NULL,NULL,NULL,NULL,NULL,NULL,NULL,NULL,1,0,'80687266-6761-43a2-bd98-f42349a9bb63','2019-06-01 17:19:34','2019-06-01 17:19:34'),('8361dfm-5dxc-yzpz-6d3u','773B1',NULL,'$2y$10$7Nr7lHpeouo.3Swq.mM.3uNu0zjJmyyEGxgTOA1F9UYq7dXSFfyHK','USUARIO 773B1',NULL,NULL,NULL,NULL,NULL,NULL,NULL,NULL,1,0,'80687266-6761-43a2-bd98-f42349a9bb63','2019-06-01 17:19:55','2019-06-01 17:19:55'),('86e06920-6035-419d-906f-cc672f90adm2','ADMIN2',NULL,'$2y$10$/5WCyjtPZEhQNQ8KJj7YjukSAh0djDxetXMgtmzCACyzQuzJMkdEm','ULISES','MEJIA',NULL,NULL,NULL,NULL,NULL,NULL,NULL,1,1,'5197c80d-2d30-4225-a757-b31592c9e0f0','2018-05-06 17:20:39','2018-05-06 17:20:39'),('86e06920-6035-419d-906f-cc672f90eadm','ADMIN1',NULL,'$2y$10$/5WCyjtPZEhQNQ8KJj7YjukSAh0djDxetXMgtmzCACyzQuzJMkdEm','CRISTINA','TORRES',NULL,NULL,NULL,NULL,NULL,NULL,NULL,1,1,'5197c80d-2d30-4225-a757-b31592c9e0f0','2018-05-06 17:14:41','2018-05-06 17:14:41'),('89491fz-hzpf-pek7-7962','880C1',NULL,'$2y$10$7Nr7lHpeouo.3Swq.mM.3uNu0zjJmyyEGxgTOA1F9UYq7dXSFfyHK','USUARIO 880C1',NULL,NULL,NULL,NULL,NULL,NULL,NULL,NULL,1,0,'80687266-6761-43a2-bd98-f42349a9bb63','2019-06-01 17:19:38','2019-06-01 17:19:38'),('8cu4v0h-x9bn-514x-b9m9','679C1',NULL,'$2y$10$7Nr7lHpeouo.3Swq.mM.3uNu0zjJmyyEGxgTOA1F9UYq7dXSFfyHK','USUARIO 679C1',NULL,NULL,NULL,NULL,NULL,NULL,NULL,NULL,1,0,'80687266-6761-43a2-bd98-f42349a9bb63','2019-06-01 17:19:15','2019-06-01 17:19:15'),('8da9jmh-9k0q-q0eh-c4tp','206C5',NULL,'$2y$10$7Nr7lHpeouo.3Swq.mM.3uNu0zjJmyyEGxgTOA1F9UYq7dXSFfyHK','USUARIO 206C5',NULL,NULL,NULL,NULL,NULL,NULL,NULL,NULL,1,0,'80687266-6761-43a2-bd98-f42349a9bb63','2019-06-01 17:19:52','2019-06-01 17:19:52'),('8dy1b5f-zv2c-8oot-wj3n','755B1',NULL,'$2y$10$7Nr7lHpeouo.3Swq.mM.3uNu0zjJmyyEGxgTOA1F9UYq7dXSFfyHK','USUARIO 755B1',NULL,NULL,NULL,NULL,NULL,NULL,NULL,NULL,1,0,'80687266-6761-43a2-bd98-f42349a9bb63','2019-06-01 17:19:54','2019-06-01 17:19:54'),('8f4827h-0ckz-sepg-6a4q','769C1',NULL,'$2y$10$7Nr7lHpeouo.3Swq.mM.3uNu0zjJmyyEGxgTOA1F9UYq7dXSFfyHK','USUARIO 769C1',NULL,NULL,NULL,NULL,NULL,NULL,NULL,NULL,1,0,'80687266-6761-43a2-bd98-f42349a9bb63','2019-06-01 17:19:55','2019-06-01 17:19:55'),('8fmina5-414o-azp3-520u','724B1',NULL,'$2y$10$7Nr7lHpeouo.3Swq.mM.3uNu0zjJmyyEGxgTOA1F9UYq7dXSFfyHK','USUARIO 724B1',NULL,NULL,NULL,NULL,NULL,NULL,NULL,NULL,1,0,'80687266-6761-43a2-bd98-f42349a9bb63','2019-06-01 17:19:23','2019-06-01 17:19:23'),('8hsrizy-4e14-57vo-1lib','679B1',NULL,'$2y$10$7Nr7lHpeouo.3Swq.mM.3uNu0zjJmyyEGxgTOA1F9UYq7dXSFfyHK','USUARIO 679B1',NULL,NULL,NULL,NULL,NULL,NULL,NULL,NULL,1,0,'80687266-6761-43a2-bd98-f42349a9bb63','2019-06-01 17:19:15','2019-06-01 17:19:15'),('8wln6yl-oxny-zgz7-6bn9','698C1',NULL,'$2y$10$7Nr7lHpeouo.3Swq.mM.3uNu0zjJmyyEGxgTOA1F9UYq7dXSFfyHK','USUARIO 698C1',NULL,NULL,NULL,NULL,NULL,NULL,NULL,NULL,1,0,'80687266-6761-43a2-bd98-f42349a9bb63','2019-06-01 17:19:25','2019-06-01 17:19:25'),('972t0wy-t48h-stjm-tynf','669B1',NULL,'$2y$10$7Nr7lHpeouo.3Swq.mM.3uNu0zjJmyyEGxgTOA1F9UYq7dXSFfyHK','USUARIO 669B1',NULL,NULL,NULL,NULL,NULL,NULL,NULL,NULL,1,0,'80687266-6761-43a2-bd98-f42349a9bb63','2019-06-01 17:19:14','2019-06-01 17:19:14'),('97xwdsm-ecki-2818-xmsw','206C7',NULL,'$2y$10$7Nr7lHpeouo.3Swq.mM.3uNu0zjJmyyEGxgTOA1F9UYq7dXSFfyHK','USUARIO 206C7',NULL,NULL,NULL,NULL,NULL,NULL,NULL,NULL,1,0,'80687266-6761-43a2-bd98-f42349a9bb63','2019-06-01 17:19:52','2019-06-01 17:19:52'),('9a5c1d8-2o5w-x5wx-aqd5','880B1',NULL,'$2y$10$7Nr7lHpeouo.3Swq.mM.3uNu0zjJmyyEGxgTOA1F9UYq7dXSFfyHK','USUARIO 880B1',NULL,NULL,NULL,NULL,NULL,NULL,NULL,NULL,1,0,'80687266-6761-43a2-bd98-f42349a9bb63','2019-06-01 17:19:38','2019-06-01 17:19:38'),('9f7lckc-pkyx-d8hm-0c05','874C6',NULL,'$2y$10$7Nr7lHpeouo.3Swq.mM.3uNu0zjJmyyEGxgTOA1F9UYq7dXSFfyHK','USUARIO 874C6',NULL,NULL,NULL,NULL,NULL,NULL,NULL,NULL,1,0,'80687266-6761-43a2-bd98-f42349a9bb63','2019-06-01 17:19:42','2019-06-01 17:19:42'),('9g1u2nd-03uq-mujx-hbdz','751B1',NULL,'$2y$10$7Nr7lHpeouo.3Swq.mM.3uNu0zjJmyyEGxgTOA1F9UYq7dXSFfyHK','USUARIO 751B1',NULL,NULL,NULL,NULL,NULL,NULL,NULL,NULL,1,0,'80687266-6761-43a2-bd98-f42349a9bb63','2019-06-01 17:19:54','2019-06-01 17:19:54'),('9ir67z5-kqqb-h3f4-eh3y','682C1',NULL,'$2y$10$7Nr7lHpeouo.3Swq.mM.3uNu0zjJmyyEGxgTOA1F9UYq7dXSFfyHK','USUARIO 682C1',NULL,NULL,NULL,NULL,NULL,NULL,NULL,NULL,1,0,'80687266-6761-43a2-bd98-f42349a9bb63','2019-06-01 17:19:18','2019-06-01 17:19:18'),('9kyhrxs-rytv-0291-b1v6','875C7',NULL,'$2y$10$7Nr7lHpeouo.3Swq.mM.3uNu0zjJmyyEGxgTOA1F9UYq7dXSFfyHK','USUARIO 875C7',NULL,NULL,NULL,NULL,NULL,NULL,NULL,NULL,1,0,'80687266-6761-43a2-bd98-f42349a9bb63','2019-06-01 17:19:44','2019-06-01 17:19:44'),('9ufap3g-cxvq-1yhw-syjj','891C1',NULL,'$2y$10$7Nr7lHpeouo.3Swq.mM.3uNu0zjJmyyEGxgTOA1F9UYq7dXSFfyHK','USUARIO 891C1',NULL,NULL,NULL,NULL,NULL,NULL,NULL,NULL,1,0,'80687266-6761-43a2-bd98-f42349a9bb63','2019-06-01 17:19:36','2019-06-01 17:19:36'),('9zd5zj9-eska-oym9-0ypx','675C2',NULL,'$2y$10$7Nr7lHpeouo.3Swq.mM.3uNu0zjJmyyEGxgTOA1F9UYq7dXSFfyHK','USUARIO 675C2',NULL,NULL,NULL,NULL,NULL,NULL,NULL,NULL,1,0,'80687266-6761-43a2-bd98-f42349a9bb63','2019-06-01 17:19:16','2019-06-01 17:19:16'),('a05hz0e-x6nn-w5l4-5unk','727B1',NULL,'$2y$10$7Nr7lHpeouo.3Swq.mM.3uNu0zjJmyyEGxgTOA1F9UYq7dXSFfyHK','USUARIO 727B1',NULL,NULL,NULL,NULL,NULL,NULL,NULL,NULL,1,0,'80687266-6761-43a2-bd98-f42349a9bb63','2019-06-01 17:19:20','2019-06-01 17:19:20'),('a22fw6z-5xjg-vyjp-7dma','759C1',NULL,'$2y$10$7Nr7lHpeouo.3Swq.mM.3uNu0zjJmyyEGxgTOA1F9UYq7dXSFfyHK','USUARIO 759C1',NULL,NULL,NULL,NULL,NULL,NULL,NULL,NULL,1,0,'80687266-6761-43a2-bd98-f42349a9bb63','2019-06-01 17:19:48','2019-06-01 17:19:48'),('a2l6acp-4z1v-t77i-hmqb','758B1',NULL,'$2y$10$7Nr7lHpeouo.3Swq.mM.3uNu0zjJmyyEGxgTOA1F9UYq7dXSFfyHK','USUARIO 758B1',NULL,NULL,NULL,NULL,NULL,NULL,NULL,NULL,1,0,'80687266-6761-43a2-bd98-f42349a9bb63','2019-06-01 17:19:48','2019-06-01 17:19:48'),('a4vxehw-nnje-q92b-23e8','772B1',NULL,'$2y$10$7Nr7lHpeouo.3Swq.mM.3uNu0zjJmyyEGxgTOA1F9UYq7dXSFfyHK','USUARIO 772B1',NULL,NULL,NULL,NULL,NULL,NULL,NULL,NULL,1,0,'80687266-6761-43a2-bd98-f42349a9bb63','2019-06-01 17:19:55','2019-06-01 17:19:55'),('a7gebfk-c1ys-gvc7-ftwv','770C1',NULL,'$2y$10$7Nr7lHpeouo.3Swq.mM.3uNu0zjJmyyEGxgTOA1F9UYq7dXSFfyHK','USUARIO 770C1',NULL,NULL,NULL,NULL,NULL,NULL,NULL,NULL,1,0,'80687266-6761-43a2-bd98-f42349a9bb63','2019-06-01 17:19:55','2019-06-01 17:19:55'),('a7qbolu-a4qs-d76k-zek4','675B1',NULL,'$2y$10$7Nr7lHpeouo.3Swq.mM.3uNu0zjJmyyEGxgTOA1F9UYq7dXSFfyHK','USUARIO 675B1',NULL,NULL,NULL,NULL,NULL,NULL,NULL,NULL,1,0,'80687266-6761-43a2-bd98-f42349a9bb63','2019-06-01 17:19:16','2019-06-01 17:19:16'),('aaiydxz-crpx-xi8y-6hg2','876C3',NULL,'$2y$10$7Nr7lHpeouo.3Swq.mM.3uNu0zjJmyyEGxgTOA1F9UYq7dXSFfyHK','USUARIO 876C3',NULL,NULL,NULL,NULL,NULL,NULL,NULL,NULL,1,0,'80687266-6761-43a2-bd98-f42349a9bb63','2019-06-01 17:19:39','2019-06-01 17:19:39'),('abadubm-w0v4-acfv-kwcd','669C1',NULL,'$2y$10$7Nr7lHpeouo.3Swq.mM.3uNu0zjJmyyEGxgTOA1F9UYq7dXSFfyHK','USUARIO 669C1',NULL,NULL,NULL,NULL,NULL,NULL,NULL,NULL,1,0,'80687266-6761-43a2-bd98-f42349a9bb63','2019-06-01 17:19:14','2019-06-01 17:19:14'),('afqfj8n-o4gl-yauj-jo1h','689C1',NULL,'$2y$10$7Nr7lHpeouo.3Swq.mM.3uNu0zjJmyyEGxgTOA1F9UYq7dXSFfyHK','USUARIO 689C1',NULL,NULL,NULL,NULL,NULL,NULL,NULL,NULL,1,0,'80687266-6761-43a2-bd98-f42349a9bb63','2019-06-01 17:19:18','2019-06-01 17:19:18'),('agbubg0-qb1u-gsyw-jbmx','881C2',NULL,'$2y$10$7Nr7lHpeouo.3Swq.mM.3uNu0zjJmyyEGxgTOA1F9UYq7dXSFfyHK','USUARIO 881C2',NULL,NULL,NULL,NULL,NULL,NULL,NULL,NULL,1,0,'80687266-6761-43a2-bd98-f42349a9bb63','2019-06-01 17:19:37','2019-06-01 17:19:37'),('ah26erv-l4dg-5fee-rasx','707C1',NULL,'$2y$10$7Nr7lHpeouo.3Swq.mM.3uNu0zjJmyyEGxgTOA1F9UYq7dXSFfyHK','USUARIO 707C1',NULL,NULL,NULL,NULL,NULL,NULL,NULL,NULL,1,0,'80687266-6761-43a2-bd98-f42349a9bb63','2019-06-01 17:19:27','2019-06-01 17:19:27'),('ane18s8-wjds-oikf-r8ba','769B1',NULL,'$2y$10$7Nr7lHpeouo.3Swq.mM.3uNu0zjJmyyEGxgTOA1F9UYq7dXSFfyHK','USUARIO 769B1',NULL,NULL,NULL,NULL,NULL,NULL,NULL,NULL,1,0,'80687266-6761-43a2-bd98-f42349a9bb63','2019-06-01 17:19:55','2019-06-01 17:19:55'),('aucppw6-f9ss-rmzc-5ybs','711B1',NULL,'$2y$10$7Nr7lHpeouo.3Swq.mM.3uNu0zjJmyyEGxgTOA1F9UYq7dXSFfyHK','USUARIO 711B1',NULL,NULL,NULL,NULL,NULL,NULL,NULL,NULL,1,0,'80687266-6761-43a2-bd98-f42349a9bb63','2019-06-01 17:19:18','2019-06-01 17:19:18'),('avm6gcg-l148-vb22-2qc3','705C1',NULL,'$2y$10$7Nr7lHpeouo.3Swq.mM.3uNu0zjJmyyEGxgTOA1F9UYq7dXSFfyHK','USUARIO 705C1',NULL,NULL,NULL,NULL,NULL,NULL,NULL,NULL,1,0,'80687266-6761-43a2-bd98-f42349a9bb63','2019-06-01 17:19:27','2019-06-01 17:19:27'),('azup8ue-v91r-5r7n-dnwe','691B1',NULL,'$2y$10$7Nr7lHpeouo.3Swq.mM.3uNu0zjJmyyEGxgTOA1F9UYq7dXSFfyHK','USUARIO 691B1',NULL,NULL,NULL,NULL,NULL,NULL,NULL,NULL,1,0,'80687266-6761-43a2-bd98-f42349a9bb63','2019-06-01 17:19:18','2019-06-01 17:19:18'),('b1m6gjl-7rtb-cwbe-ytw4','768B1',NULL,'$2y$10$7Nr7lHpeouo.3Swq.mM.3uNu0zjJmyyEGxgTOA1F9UYq7dXSFfyHK','USUARIO 768B1',NULL,NULL,NULL,NULL,NULL,NULL,NULL,NULL,1,0,'80687266-6761-43a2-bd98-f42349a9bb63','2019-06-01 17:19:56','2019-06-01 17:19:56'),('b516w65-0ibv-phwd-d3yt','725C2',NULL,'$2y$10$7Nr7lHpeouo.3Swq.mM.3uNu0zjJmyyEGxgTOA1F9UYq7dXSFfyHK','USUARIO 725C2',NULL,NULL,NULL,NULL,NULL,NULL,NULL,NULL,1,0,'80687266-6761-43a2-bd98-f42349a9bb63','2019-06-01 17:19:23','2019-06-01 17:19:23'),('bev781w-5j1w-e341-rlnq','875C12',NULL,'$2y$10$7Nr7lHpeouo.3Swq.mM.3uNu0zjJmyyEGxgTOA1F9UYq7dXSFfyHK','USUARIO 875C12',NULL,NULL,NULL,NULL,NULL,NULL,NULL,NULL,1,0,'80687266-6761-43a2-bd98-f42349a9bb63','2019-06-01 17:19:45','2019-06-01 17:19:45'),('bjcl5yt-tmdu-5rte-tm0d','875C15',NULL,'$2y$10$7Nr7lHpeouo.3Swq.mM.3uNu0zjJmyyEGxgTOA1F9UYq7dXSFfyHK','USUARIO 875C15',NULL,NULL,NULL,NULL,NULL,NULL,NULL,NULL,1,0,'80687266-6761-43a2-bd98-f42349a9bb63','2019-06-01 17:19:45','2019-06-01 17:19:45'),('bns9hi5-9msy-xq56-o9tv','887B1',NULL,'$2y$10$7Nr7lHpeouo.3Swq.mM.3uNu0zjJmyyEGxgTOA1F9UYq7dXSFfyHK','USUARIO 887B1',NULL,NULL,NULL,NULL,NULL,NULL,NULL,NULL,1,0,'80687266-6761-43a2-bd98-f42349a9bb63','2019-06-01 17:19:37','2019-06-01 17:19:37'),('bp21cwx-kzqk-vuan-6szf','875B1',NULL,'$2y$10$7Nr7lHpeouo.3Swq.mM.3uNu0zjJmyyEGxgTOA1F9UYq7dXSFfyHK','USUARIO 875B1',NULL,NULL,NULL,NULL,NULL,NULL,NULL,NULL,1,0,'80687266-6761-43a2-bd98-f42349a9bb63','2019-06-01 17:19:43','2019-06-01 17:19:43'),('brabpk5-encd-n0i9-2ev2','736C1',NULL,'$2y$10$7Nr7lHpeouo.3Swq.mM.3uNu0zjJmyyEGxgTOA1F9UYq7dXSFfyHK','USUARIO 736C1',NULL,NULL,NULL,NULL,NULL,NULL,NULL,NULL,1,0,'80687266-6761-43a2-bd98-f42349a9bb63','2019-06-01 17:19:33','2019-06-01 17:19:33'),('bt8rl3a-8ykt-8xx6-e7qq','897B1',NULL,'$2y$10$7Nr7lHpeouo.3Swq.mM.3uNu0zjJmyyEGxgTOA1F9UYq7dXSFfyHK','USUARIO 897B1',NULL,NULL,NULL,NULL,NULL,NULL,NULL,NULL,1,0,'80687266-6761-43a2-bd98-f42349a9bb63','2019-06-01 17:19:34','2019-06-01 17:19:34'),('by3lkr5-ftzn-5533-u9jf','913B1',NULL,'$2y$10$7Nr7lHpeouo.3Swq.mM.3uNu0zjJmyyEGxgTOA1F9UYq7dXSFfyHK','USUARIO 913B1',NULL,NULL,NULL,NULL,NULL,NULL,NULL,NULL,1,0,'80687266-6761-43a2-bd98-f42349a9bb63','2019-06-01 17:19:31','2019-06-01 17:19:31'),('bygbt66-7m67-wmki-4g0c','884B1',NULL,'$2y$10$7Nr7lHpeouo.3Swq.mM.3uNu0zjJmyyEGxgTOA1F9UYq7dXSFfyHK','USUARIO 884B1',NULL,NULL,NULL,NULL,NULL,NULL,NULL,NULL,1,0,'80687266-6761-43a2-bd98-f42349a9bb63','2019-06-01 17:19:38','2019-06-01 17:19:38'),('bz27b0e-o5l4-qbez-jj3r','745B1',NULL,'$2y$10$7Nr7lHpeouo.3Swq.mM.3uNu0zjJmyyEGxgTOA1F9UYq7dXSFfyHK','USUARIO 745B1',NULL,NULL,NULL,NULL,NULL,NULL,NULL,NULL,1,0,'80687266-6761-43a2-bd98-f42349a9bb63','2019-06-01 17:19:49','2019-06-01 17:19:49'),('c3f5sh1-uufy-uzu3-v2k1','761B1',NULL,'$2y$10$7Nr7lHpeouo.3Swq.mM.3uNu0zjJmyyEGxgTOA1F9UYq7dXSFfyHK','USUARIO 761B1',NULL,NULL,NULL,NULL,NULL,NULL,NULL,NULL,1,0,'80687266-6761-43a2-bd98-f42349a9bb63','2019-06-01 17:19:47','2019-06-01 17:19:47'),('c5wuwuc-fgzh-2k70-lf4b','675C3',NULL,'$2y$10$7Nr7lHpeouo.3Swq.mM.3uNu0zjJmyyEGxgTOA1F9UYq7dXSFfyHK','USUARIO 675C3',NULL,NULL,NULL,NULL,NULL,NULL,NULL,NULL,1,0,'80687266-6761-43a2-bd98-f42349a9bb63','2019-06-01 17:19:17','2019-06-01 17:19:17'),('cfwl7kj-uq9s-ljx8-4jn4','718C2',NULL,'$2y$10$7Nr7lHpeouo.3Swq.mM.3uNu0zjJmyyEGxgTOA1F9UYq7dXSFfyHK','USUARIO 718C2',NULL,NULL,NULL,NULL,NULL,NULL,NULL,NULL,1,0,'80687266-6761-43a2-bd98-f42349a9bb63','2019-06-01 17:19:19','2019-06-01 17:19:19'),('cl2f1ek-19zj-yiyo-9lly','878C1',NULL,'$2y$10$7Nr7lHpeouo.3Swq.mM.3uNu0zjJmyyEGxgTOA1F9UYq7dXSFfyHK','USUARIO 878C1',NULL,NULL,NULL,NULL,NULL,NULL,NULL,NULL,1,0,'80687266-6761-43a2-bd98-f42349a9bb63','2019-06-01 17:19:40','2019-06-01 17:19:40'),('cmktjh1-am9o-2qua-dgwp','903B1',NULL,'$2y$10$7Nr7lHpeouo.3Swq.mM.3uNu0zjJmyyEGxgTOA1F9UYq7dXSFfyHK','USUARIO 903B1',NULL,NULL,NULL,NULL,NULL,NULL,NULL,NULL,1,0,'80687266-6761-43a2-bd98-f42349a9bb63','2019-06-01 17:19:20','2019-06-01 17:19:20'),('cnii6hr-yg57-dzzo-tqeb','724C1',NULL,'$2y$10$7Nr7lHpeouo.3Swq.mM.3uNu0zjJmyyEGxgTOA1F9UYq7dXSFfyHK','USUARIO 724C1',NULL,NULL,NULL,NULL,NULL,NULL,NULL,NULL,1,0,'80687266-6761-43a2-bd98-f42349a9bb63','2019-06-01 17:19:23','2019-06-01 17:19:23'),('cqchv33-o6s0-wh5y-u5o5','678B1',NULL,'$2y$10$7Nr7lHpeouo.3Swq.mM.3uNu0zjJmyyEGxgTOA1F9UYq7dXSFfyHK','USUARIO 678B1',NULL,NULL,NULL,NULL,NULL,NULL,NULL,NULL,1,0,'80687266-6761-43a2-bd98-f42349a9bb63','2019-06-01 17:19:15','2019-06-01 17:19:15'),('cwenbzl-x79x-53q0-gaqq','206S1',NULL,'$2y$10$7Nr7lHpeouo.3Swq.mM.3uNu0zjJmyyEGxgTOA1F9UYq7dXSFfyHK','USUARIO 206S1',NULL,NULL,NULL,NULL,NULL,NULL,NULL,NULL,1,0,'80687266-6761-43a2-bd98-f42349a9bb63','2019-06-01 17:19:46','2019-06-01 17:19:46'),('cwjl96s-hi0i-3pd6-oj80','714B1',NULL,'$2y$10$7Nr7lHpeouo.3Swq.mM.3uNu0zjJmyyEGxgTOA1F9UYq7dXSFfyHK','USUARIO 714B1',NULL,NULL,NULL,NULL,NULL,NULL,NULL,NULL,1,0,'80687266-6761-43a2-bd98-f42349a9bb63','2019-06-01 17:19:19','2019-06-01 17:19:19'),('cxh5173-2689-2pwy-q86p','874C1',NULL,'$2y$10$7Nr7lHpeouo.3Swq.mM.3uNu0zjJmyyEGxgTOA1F9UYq7dXSFfyHK','USUARIO 874C1',NULL,NULL,NULL,NULL,NULL,NULL,NULL,NULL,1,0,'80687266-6761-43a2-bd98-f42349a9bb63','2019-06-01 17:19:41','2019-06-01 17:19:41'),('d2pluvv-kug9-fon9-dss1','688B1',NULL,'$2y$10$7Nr7lHpeouo.3Swq.mM.3uNu0zjJmyyEGxgTOA1F9UYq7dXSFfyHK','USUARIO 688B1',NULL,NULL,NULL,NULL,NULL,NULL,NULL,NULL,1,0,'80687266-6761-43a2-bd98-f42349a9bb63','2019-06-01 17:19:18','2019-06-01 17:19:18'),('d95z0sx-k817-4t8g-0dxm','922B1',NULL,'$2y$10$7Nr7lHpeouo.3Swq.mM.3uNu0zjJmyyEGxgTOA1F9UYq7dXSFfyHK','USUARIO 922B1',NULL,NULL,NULL,NULL,NULL,NULL,NULL,NULL,1,0,'80687266-6761-43a2-bd98-f42349a9bb63','2019-06-01 17:19:32','2019-06-01 17:19:32'),('dfknn42-4nkp-jp2i-l7dm','704C1',NULL,'$2y$10$7Nr7lHpeouo.3Swq.mM.3uNu0zjJmyyEGxgTOA1F9UYq7dXSFfyHK','USUARIO 704C1',NULL,NULL,NULL,NULL,NULL,NULL,NULL,NULL,1,0,'80687266-6761-43a2-bd98-f42349a9bb63','2019-06-01 17:19:27','2019-06-01 17:19:27'),('dg06yso-hyqd-ijtq-civu','875C5',NULL,'$2y$10$7Nr7lHpeouo.3Swq.mM.3uNu0zjJmyyEGxgTOA1F9UYq7dXSFfyHK','USUARIO 875C5',NULL,NULL,NULL,NULL,NULL,NULL,NULL,NULL,1,0,'80687266-6761-43a2-bd98-f42349a9bb63','2019-06-01 17:19:44','2019-06-01 17:19:44'),('di6qv4m-d6z4-jgnz-y5b6','875C18',NULL,'$2y$10$7Nr7lHpeouo.3Swq.mM.3uNu0zjJmyyEGxgTOA1F9UYq7dXSFfyHK','USUARIO 875C18',NULL,NULL,NULL,NULL,NULL,NULL,NULL,NULL,1,0,'80687266-6761-43a2-bd98-f42349a9bb63','2019-06-01 17:19:46','2019-06-01 17:19:46'),('dsme4ag-z4fd-xtbf-k87v','919B1',NULL,'$2y$10$7Nr7lHpeouo.3Swq.mM.3uNu0zjJmyyEGxgTOA1F9UYq7dXSFfyHK','USUARIO 919B1',NULL,NULL,NULL,NULL,NULL,NULL,NULL,NULL,1,0,'80687266-6761-43a2-bd98-f42349a9bb63','2019-06-01 17:19:31','2019-06-01 17:19:31'),('dv789fi-27yf-ahtm-hho2','746C1',NULL,'$2y$10$7Nr7lHpeouo.3Swq.mM.3uNu0zjJmyyEGxgTOA1F9UYq7dXSFfyHK','USUARIO 746C1',NULL,NULL,NULL,NULL,NULL,NULL,NULL,NULL,1,0,'80687266-6761-43a2-bd98-f42349a9bb63','2019-06-01 17:19:50','2019-06-01 17:19:50'),('dydg8d6-zwlh-skhj-xm2d','882C1',NULL,'$2y$10$7Nr7lHpeouo.3Swq.mM.3uNu0zjJmyyEGxgTOA1F9UYq7dXSFfyHK','USUARIO 882C1',NULL,NULL,NULL,NULL,NULL,NULL,NULL,NULL,1,0,'80687266-6761-43a2-bd98-f42349a9bb63','2019-06-01 17:19:38','2019-06-01 17:19:38'),('dzm6ijq-q63c-xsct-uyk6','921B1',NULL,'$2y$10$7Nr7lHpeouo.3Swq.mM.3uNu0zjJmyyEGxgTOA1F9UYq7dXSFfyHK','USUARIO 921B1',NULL,NULL,NULL,NULL,NULL,NULL,NULL,NULL,1,0,'80687266-6761-43a2-bd98-f42349a9bb63','2019-06-01 17:19:32','2019-06-01 17:19:32'),('e097h06-ufou-ldfl-izwi','684B1',NULL,'$2y$10$7Nr7lHpeouo.3Swq.mM.3uNu0zjJmyyEGxgTOA1F9UYq7dXSFfyHK','USUARIO 684B1',NULL,NULL,NULL,NULL,NULL,NULL,NULL,NULL,1,0,'80687266-6761-43a2-bd98-f42349a9bb63','2019-06-01 17:19:17','2019-06-01 17:19:17'),('e95yrea-8yj3-du1a-9otu','677B1',NULL,'$2y$10$7Nr7lHpeouo.3Swq.mM.3uNu0zjJmyyEGxgTOA1F9UYq7dXSFfyHK','USUARIO 677B1',NULL,NULL,NULL,NULL,NULL,NULL,NULL,NULL,1,0,'80687266-6761-43a2-bd98-f42349a9bb63','2019-06-01 17:19:15','2019-06-01 17:19:15'),('eatks15-blf6-8kkg-z03i','702B1',NULL,'$2y$10$7Nr7lHpeouo.3Swq.mM.3uNu0zjJmyyEGxgTOA1F9UYq7dXSFfyHK','USUARIO 702B1',NULL,NULL,NULL,NULL,NULL,NULL,NULL,NULL,1,0,'80687266-6761-43a2-bd98-f42349a9bb63','2019-06-01 17:19:26','2019-06-01 17:19:26'),('ec9jru9-ddbe-nfue-kca2','714C1',NULL,'$2y$10$7Nr7lHpeouo.3Swq.mM.3uNu0zjJmyyEGxgTOA1F9UYq7dXSFfyHK','USUARIO 714C1',NULL,NULL,NULL,NULL,NULL,NULL,NULL,NULL,1,0,'80687266-6761-43a2-bd98-f42349a9bb63','2019-06-01 17:19:19','2019-06-01 17:19:19'),('edbgom8-aqoa-pdbf-261u','746B1',NULL,'$2y$10$7Nr7lHpeouo.3Swq.mM.3uNu0zjJmyyEGxgTOA1F9UYq7dXSFfyHK','USUARIO 746B1',NULL,NULL,NULL,NULL,NULL,NULL,NULL,NULL,1,0,'80687266-6761-43a2-bd98-f42349a9bb63','2019-06-01 17:19:50','2019-06-01 17:19:50'),('eeodts7-pkfg-3eis-ep2c','681C3',NULL,'$2y$10$7Nr7lHpeouo.3Swq.mM.3uNu0zjJmyyEGxgTOA1F9UYq7dXSFfyHK','USUARIO 681C3',NULL,NULL,NULL,NULL,NULL,NULL,NULL,NULL,1,0,'80687266-6761-43a2-bd98-f42349a9bb63','2019-06-01 17:19:17','2019-06-01 17:19:17'),('egfzu76-h9dy-bei5-yzcw','907B1',NULL,'$2y$10$7Nr7lHpeouo.3Swq.mM.3uNu0zjJmyyEGxgTOA1F9UYq7dXSFfyHK','USUARIO 907B1',NULL,NULL,NULL,NULL,NULL,NULL,NULL,NULL,1,0,'80687266-6761-43a2-bd98-f42349a9bb63','2019-06-01 17:19:31','2019-06-01 17:19:31'),('ekng39b-im51-lxi6-kal7','920S1',NULL,'$2y$10$7Nr7lHpeouo.3Swq.mM.3uNu0zjJmyyEGxgTOA1F9UYq7dXSFfyHK','USUARIO 920S1',NULL,NULL,NULL,NULL,NULL,NULL,NULL,NULL,1,0,'80687266-6761-43a2-bd98-f42349a9bb63','2019-06-01 17:19:32','2019-06-01 17:19:32'),('eqlo8xv-p5yt-7g7a-d8wi','884C1',NULL,'$2y$10$7Nr7lHpeouo.3Swq.mM.3uNu0zjJmyyEGxgTOA1F9UYq7dXSFfyHK','USUARIO 884C1',NULL,NULL,NULL,NULL,NULL,NULL,NULL,NULL,1,0,'80687266-6761-43a2-bd98-f42349a9bb63','2019-06-01 17:19:38','2019-06-01 17:19:38'),('eyvr4g8-yvl5-2fp7-blvv','747B1',NULL,'$2y$10$7Nr7lHpeouo.3Swq.mM.3uNu0zjJmyyEGxgTOA1F9UYq7dXSFfyHK','USUARIO 747B1',NULL,NULL,NULL,NULL,NULL,NULL,NULL,NULL,1,0,'80687266-6761-43a2-bd98-f42349a9bb63','2019-06-01 17:19:50','2019-06-01 17:19:50'),('f6txa24-wczj-88tr-6hss','741B1',NULL,'$2y$10$7Nr7lHpeouo.3Swq.mM.3uNu0zjJmyyEGxgTOA1F9UYq7dXSFfyHK','USUARIO 741B1',NULL,NULL,NULL,NULL,NULL,NULL,NULL,NULL,1,0,'80687266-6761-43a2-bd98-f42349a9bb63','2019-06-01 17:19:30','2019-06-01 17:19:30'),('f82u0zy-nwtd-n5in-aef5','685C1',NULL,'$2y$10$7Nr7lHpeouo.3Swq.mM.3uNu0zjJmyyEGxgTOA1F9UYq7dXSFfyHK','USUARIO 685C1',NULL,NULL,NULL,NULL,NULL,NULL,NULL,NULL,1,0,'80687266-6761-43a2-bd98-f42349a9bb63','2019-06-01 17:19:18','2019-06-01 17:19:18'),('f8sv63z-ooa8-t6i9-d2aq','206C3',NULL,'$2y$10$7Nr7lHpeouo.3Swq.mM.3uNu0zjJmyyEGxgTOA1F9UYq7dXSFfyHK','USUARIO 206C3',NULL,NULL,NULL,NULL,NULL,NULL,NULL,NULL,1,0,'80687266-6761-43a2-bd98-f42349a9bb63','2019-06-01 17:19:52','2019-06-01 17:19:52'),('fb78fml-4nbv-oedp-qwt7','699B1',NULL,'$2y$10$7Nr7lHpeouo.3Swq.mM.3uNu0zjJmyyEGxgTOA1F9UYq7dXSFfyHK','USUARIO 699B1',NULL,NULL,NULL,NULL,NULL,NULL,NULL,NULL,1,0,'80687266-6761-43a2-bd98-f42349a9bb63','2019-06-01 17:19:26','2019-06-01 17:19:26'),('fcyminf-8ssb-l5mm-zugd','696C1',NULL,'$2y$10$7Nr7lHpeouo.3Swq.mM.3uNu0zjJmyyEGxgTOA1F9UYq7dXSFfyHK','USUARIO 696C1',NULL,NULL,NULL,NULL,NULL,NULL,NULL,NULL,1,0,'80687266-6761-43a2-bd98-f42349a9bb63','2019-06-01 17:19:25','2019-06-01 17:19:25'),('ffghkym-3qvz-kyfi-a1si','727C1',NULL,'$2y$10$7Nr7lHpeouo.3Swq.mM.3uNu0zjJmyyEGxgTOA1F9UYq7dXSFfyHK','USUARIO 727C1',NULL,NULL,NULL,NULL,NULL,NULL,NULL,NULL,1,0,'80687266-6761-43a2-bd98-f42349a9bb63','2019-06-01 17:19:20','2019-06-01 17:19:20'),('fno0od7-w10s-6ote-ur16','722C1',NULL,'$2y$10$7Nr7lHpeouo.3Swq.mM.3uNu0zjJmyyEGxgTOA1F9UYq7dXSFfyHK','USUARIO 722C1',NULL,NULL,NULL,NULL,NULL,NULL,NULL,NULL,1,0,'80687266-6761-43a2-bd98-f42349a9bb63','2019-06-01 17:19:22','2019-06-01 17:19:22'),('foebmqc-25vn-3l5h-somp','888C1',NULL,'$2y$10$7Nr7lHpeouo.3Swq.mM.3uNu0zjJmyyEGxgTOA1F9UYq7dXSFfyHK','USUARIO 888C1',NULL,NULL,NULL,NULL,NULL,NULL,NULL,NULL,1,0,'80687266-6761-43a2-bd98-f42349a9bb63','2019-06-01 17:19:35','2019-06-01 17:19:35'),('fsgyruz-i8qq-dc5h-3ff6','732C1',NULL,'$2y$10$7Nr7lHpeouo.3Swq.mM.3uNu0zjJmyyEGxgTOA1F9UYq7dXSFfyHK','USUARIO 732C1',NULL,NULL,NULL,NULL,NULL,NULL,NULL,NULL,1,0,'80687266-6761-43a2-bd98-f42349a9bb63','2019-06-01 17:19:28','2019-06-01 17:19:28'),('fut4k5z-otzm-sz3l-5dzu','904B1',NULL,'$2y$10$7Nr7lHpeouo.3Swq.mM.3uNu0zjJmyyEGxgTOA1F9UYq7dXSFfyHK','USUARIO 904B1',NULL,NULL,NULL,NULL,NULL,NULL,NULL,NULL,1,0,'80687266-6761-43a2-bd98-f42349a9bb63','2019-06-01 17:19:33','2019-06-01 17:19:33'),('fux6fql-t056-nwtp-y4p9','881C1',NULL,'$2y$10$7Nr7lHpeouo.3Swq.mM.3uNu0zjJmyyEGxgTOA1F9UYq7dXSFfyHK','USUARIO 881C1',NULL,NULL,NULL,NULL,NULL,NULL,NULL,NULL,1,0,'80687266-6761-43a2-bd98-f42349a9bb63','2019-06-01 17:19:37','2019-06-01 17:19:37'),('g28e55e-wp9j-e6q8-spc4','685B1',NULL,'$2y$10$7Nr7lHpeouo.3Swq.mM.3uNu0zjJmyyEGxgTOA1F9UYq7dXSFfyHK','USUARIO 685B1',NULL,NULL,NULL,NULL,NULL,NULL,NULL,NULL,1,0,'80687266-6761-43a2-bd98-f42349a9bb63','2019-06-01 17:19:18','2019-06-01 17:19:18'),('g6ci2zr-a1z0-wf3i-6dg0','763S1',NULL,'$2y$10$7Nr7lHpeouo.3Swq.mM.3uNu0zjJmyyEGxgTOA1F9UYq7dXSFfyHK','USUARIO 763S1',NULL,NULL,NULL,NULL,NULL,NULL,NULL,NULL,1,0,'80687266-6761-43a2-bd98-f42349a9bb63','2019-06-01 17:19:47','2019-06-01 17:19:47'),('gbxexy7-teox-17je-h3iy','206C1',NULL,'$2y$10$7Nr7lHpeouo.3Swq.mM.3uNu0zjJmyyEGxgTOA1F9UYq7dXSFfyHK','USUARIO 206C1',NULL,NULL,NULL,NULL,NULL,NULL,NULL,NULL,1,0,'80687266-6761-43a2-bd98-f42349a9bb63','2019-06-01 17:19:51','2019-06-01 17:19:51'),('gd09z2l-4h62-nbu1-iwrt','672B1',NULL,'$2y$10$7Nr7lHpeouo.3Swq.mM.3uNu0zjJmyyEGxgTOA1F9UYq7dXSFfyHK','USUARIO 672B1',NULL,NULL,NULL,NULL,NULL,NULL,NULL,NULL,1,0,'80687266-6761-43a2-bd98-f42349a9bb63','2019-06-01 17:19:16','2019-06-01 17:19:16'),('ge6tsqa-cgbo-n58z-cv72','709C3',NULL,'$2y$10$7Nr7lHpeouo.3Swq.mM.3uNu0zjJmyyEGxgTOA1F9UYq7dXSFfyHK','USUARIO 709C3',NULL,NULL,NULL,NULL,NULL,NULL,NULL,NULL,1,0,'80687266-6761-43a2-bd98-f42349a9bb63','2019-06-01 17:19:25','2019-06-01 17:19:25'),('gnnqs7g-lmm1-7uba-gjpn','912B1',NULL,'$2y$10$7Nr7lHpeouo.3Swq.mM.3uNu0zjJmyyEGxgTOA1F9UYq7dXSFfyHK','USUARIO 912B1',NULL,NULL,NULL,NULL,NULL,NULL,NULL,NULL,1,0,'80687266-6761-43a2-bd98-f42349a9bb63','2019-06-01 17:19:34','2019-06-01 17:19:34'),('gp2nxqk-3g72-qpt1-97b5','709B1',NULL,'$2y$10$7Nr7lHpeouo.3Swq.mM.3uNu0zjJmyyEGxgTOA1F9UYq7dXSFfyHK','USUARIO 709B1',NULL,NULL,NULL,NULL,NULL,NULL,NULL,NULL,1,0,'80687266-6761-43a2-bd98-f42349a9bb63','2019-06-01 17:19:24','2019-06-01 17:19:24'),('gzuawn4-6rss-m4i5-du1u','705B1',NULL,'$2y$10$7Nr7lHpeouo.3Swq.mM.3uNu0zjJmyyEGxgTOA1F9UYq7dXSFfyHK','USUARIO 705B1',NULL,NULL,NULL,NULL,NULL,NULL,NULL,NULL,1,0,'80687266-6761-43a2-bd98-f42349a9bb63','2019-06-01 17:19:27','2019-06-01 17:19:27'),('h1qx31l-bw7g-94gs-mdds','771C1',NULL,'$2y$10$7Nr7lHpeouo.3Swq.mM.3uNu0zjJmyyEGxgTOA1F9UYq7dXSFfyHK','USUARIO 771C1',NULL,NULL,NULL,NULL,NULL,NULL,NULL,NULL,1,0,'80687266-6761-43a2-bd98-f42349a9bb63','2019-06-01 17:19:55','2019-06-01 17:19:55'),('h5snfja-o2np-zhk1-wd8f','875C9',NULL,'$2y$10$7Nr7lHpeouo.3Swq.mM.3uNu0zjJmyyEGxgTOA1F9UYq7dXSFfyHK','USUARIO 875C9',NULL,NULL,NULL,NULL,NULL,NULL,NULL,NULL,1,0,'80687266-6761-43a2-bd98-f42349a9bb63','2019-06-01 17:19:44','2019-06-01 17:19:44'),('hazbdfv-oubd-b06i-8o04','901B1',NULL,'$2y$10$7Nr7lHpeouo.3Swq.mM.3uNu0zjJmyyEGxgTOA1F9UYq7dXSFfyHK','USUARIO 901B1',NULL,NULL,NULL,NULL,NULL,NULL,NULL,NULL,1,0,'80687266-6761-43a2-bd98-f42349a9bb63','2019-06-01 17:19:33','2019-06-01 17:19:33'),('hbpz36f-hb6a-s1l2-ly88','682B1',NULL,'$2y$10$7Nr7lHpeouo.3Swq.mM.3uNu0zjJmyyEGxgTOA1F9UYq7dXSFfyHK','USUARIO 682B1',NULL,NULL,NULL,NULL,NULL,NULL,NULL,NULL,1,0,'80687266-6761-43a2-bd98-f42349a9bb63','2019-06-01 17:19:17','2019-06-01 17:19:17'),('heqc4o6-7igz-35j9-fnan','735B1',NULL,'$2y$10$7Nr7lHpeouo.3Swq.mM.3uNu0zjJmyyEGxgTOA1F9UYq7dXSFfyHK','USUARIO 735B1',NULL,NULL,NULL,NULL,NULL,NULL,NULL,NULL,1,0,'80687266-6761-43a2-bd98-f42349a9bb63','2019-06-01 17:19:33','2019-06-01 17:19:33'),('hgj5z24-r9rt-7czo-ilpw','915B1',NULL,'$2y$10$7Nr7lHpeouo.3Swq.mM.3uNu0zjJmyyEGxgTOA1F9UYq7dXSFfyHK','USUARIO 915B1',NULL,NULL,NULL,NULL,NULL,NULL,NULL,NULL,1,0,'80687266-6761-43a2-bd98-f42349a9bb63','2019-06-01 17:19:30','2019-06-01 17:19:30'),('hhn065o-jf91-xqh0-c92x','710C1',NULL,'$2y$10$7Nr7lHpeouo.3Swq.mM.3uNu0zjJmyyEGxgTOA1F9UYq7dXSFfyHK','USUARIO 710C1',NULL,NULL,NULL,NULL,NULL,NULL,NULL,NULL,1,0,'80687266-6761-43a2-bd98-f42349a9bb63','2019-06-01 17:19:22','2019-06-01 17:19:22'),('ht5gbgw-ijfz-bekt-2rbk','692C1',NULL,'$2y$10$7Nr7lHpeouo.3Swq.mM.3uNu0zjJmyyEGxgTOA1F9UYq7dXSFfyHK','USUARIO 692C1',NULL,NULL,NULL,NULL,NULL,NULL,NULL,NULL,1,0,'80687266-6761-43a2-bd98-f42349a9bb63','2019-06-01 17:19:21','2019-06-01 17:19:21'),('hze2kc0-djdb-kqp3-syi8','729C1',NULL,'$2y$10$7Nr7lHpeouo.3Swq.mM.3uNu0zjJmyyEGxgTOA1F9UYq7dXSFfyHK','USUARIO 729C1',NULL,NULL,NULL,NULL,NULL,NULL,NULL,NULL,1,0,'80687266-6761-43a2-bd98-f42349a9bb63','2019-06-01 17:19:24','2019-06-01 17:19:24'),('hzjj7vl-4tdd-j24a-g5t2','875C25',NULL,'$2y$10$7Nr7lHpeouo.3Swq.mM.3uNu0zjJmyyEGxgTOA1F9UYq7dXSFfyHK','USUARIO 875C25',NULL,NULL,NULL,NULL,NULL,NULL,NULL,NULL,1,0,'80687266-6761-43a2-bd98-f42349a9bb63','2019-06-01 17:19:46','2019-06-01 17:19:46'),('hzw2ei3-cewr-l3cy-cn0i','cristinaT',NULL,'$2y$10$Tt7QO3QyKR0VRX3JkYDLPOnzrNQOUiQyQKhl2lcXGpwyq9ui8uCbS','CRISTINA','TORRES',NULL,NULL,NULL,NULL,NULL,NULL,NULL,1,1,'5197c80d-2d30-4225-a757-b31592c9e0f0','2018-06-27 21:43:12','2018-06-27 21:43:12'),('i2hsd2b-pm4x-2wlg-50mr','768C4',NULL,'$2y$10$7Nr7lHpeouo.3Swq.mM.3uNu0zjJmyyEGxgTOA1F9UYq7dXSFfyHK','USUARIO 768C4',NULL,NULL,NULL,NULL,NULL,NULL,NULL,NULL,1,0,'80687266-6761-43a2-bd98-f42349a9bb63','2019-06-01 17:19:57','2019-06-01 17:19:57'),('i46qq5p-9f13-i9vv-eryq','206C9',NULL,'$2y$10$7Nr7lHpeouo.3Swq.mM.3uNu0zjJmyyEGxgTOA1F9UYq7dXSFfyHK','USUARIO 206C9',NULL,NULL,NULL,NULL,NULL,NULL,NULL,NULL,1,0,'80687266-6761-43a2-bd98-f42349a9bb63','2019-06-01 17:19:53','2019-06-01 17:19:53'),('i6ml2u2-icdu-3skt-963y','733C1',NULL,'$2y$10$7Nr7lHpeouo.3Swq.mM.3uNu0zjJmyyEGxgTOA1F9UYq7dXSFfyHK','USUARIO 733C1',NULL,NULL,NULL,NULL,NULL,NULL,NULL,NULL,1,0,'80687266-6761-43a2-bd98-f42349a9bb63','2019-06-01 17:19:35','2019-06-01 17:19:35'),('icjyj3z-b2r8-qyjz-axno','709C2',NULL,'$2y$10$7Nr7lHpeouo.3Swq.mM.3uNu0zjJmyyEGxgTOA1F9UYq7dXSFfyHK','USUARIO 709C2',NULL,NULL,NULL,NULL,NULL,NULL,NULL,NULL,1,0,'80687266-6761-43a2-bd98-f42349a9bb63','2019-06-01 17:19:25','2019-06-01 17:19:25'),('ikur9p8-7063-cxwf-h1wu','672C1',NULL,'$2y$10$7Nr7lHpeouo.3Swq.mM.3uNu0zjJmyyEGxgTOA1F9UYq7dXSFfyHK','USUARIO 672C1',NULL,NULL,NULL,NULL,NULL,NULL,NULL,NULL,1,0,'80687266-6761-43a2-bd98-f42349a9bb63','2019-06-01 17:19:16','2019-06-01 17:19:16'),('il0nic4-bkc1-yxv4-ht2b','738B1',NULL,'$2y$10$7Nr7lHpeouo.3Swq.mM.3uNu0zjJmyyEGxgTOA1F9UYq7dXSFfyHK','USUARIO 738B1',NULL,NULL,NULL,NULL,NULL,NULL,NULL,NULL,1,0,'80687266-6761-43a2-bd98-f42349a9bb63','2019-06-01 17:19:28','2019-06-01 17:19:28'),('ipg1ue9-jd79-0w9n-t323','900B1',NULL,'$2y$10$7Nr7lHpeouo.3Swq.mM.3uNu0zjJmyyEGxgTOA1F9UYq7dXSFfyHK','USUARIO 900B1',NULL,NULL,NULL,NULL,NULL,NULL,NULL,NULL,1,0,'80687266-6761-43a2-bd98-f42349a9bb63','2019-06-01 17:19:20','2019-06-01 17:19:20'),('j40r9dw-f5jm-w45s-junq','689B1',NULL,'$2y$10$7Nr7lHpeouo.3Swq.mM.3uNu0zjJmyyEGxgTOA1F9UYq7dXSFfyHK','USUARIO 689B1',NULL,NULL,NULL,NULL,NULL,NULL,NULL,NULL,1,0,'80687266-6761-43a2-bd98-f42349a9bb63','2019-06-01 17:19:18','2019-06-01 17:19:18'),('j7aslfo-bdwe-ftp2-4di5','896B1',NULL,'$2y$10$7Nr7lHpeouo.3Swq.mM.3uNu0zjJmyyEGxgTOA1F9UYq7dXSFfyHK','USUARIO 896B1',NULL,NULL,NULL,NULL,NULL,NULL,NULL,NULL,1,0,'80687266-6761-43a2-bd98-f42349a9bb63','2019-06-01 17:19:34','2019-06-01 17:19:34'),('jdegycc-8pdl-d67e-l33k','881B1',NULL,'$2y$10$7Nr7lHpeouo.3Swq.mM.3uNu0zjJmyyEGxgTOA1F9UYq7dXSFfyHK','USUARIO 881B1',NULL,NULL,NULL,NULL,NULL,NULL,NULL,NULL,1,0,'80687266-6761-43a2-bd98-f42349a9bb63','2019-06-01 17:19:37','2019-06-01 17:19:37'),('jgn5jhb-4i19-l03p-38l8','675C1',NULL,'$2y$10$7Nr7lHpeouo.3Swq.mM.3uNu0zjJmyyEGxgTOA1F9UYq7dXSFfyHK','USUARIO 675C1',NULL,NULL,NULL,NULL,NULL,NULL,NULL,NULL,1,0,'80687266-6761-43a2-bd98-f42349a9bb63','2019-06-01 17:19:16','2019-06-01 17:19:16'),('jin4ijj-yc5q-snj0-nfx3','687B1',NULL,'$2y$10$7Nr7lHpeouo.3Swq.mM.3uNu0zjJmyyEGxgTOA1F9UYq7dXSFfyHK','USUARIO 687B1',NULL,NULL,NULL,NULL,NULL,NULL,NULL,NULL,1,0,'80687266-6761-43a2-bd98-f42349a9bb63','2019-06-01 17:19:21','2019-06-01 17:19:21'),('jpr1su9-fd6x-go5k-1ab3','740B1',NULL,'$2y$10$7Nr7lHpeouo.3Swq.mM.3uNu0zjJmyyEGxgTOA1F9UYq7dXSFfyHK','USUARIO 740B1',NULL,NULL,NULL,NULL,NULL,NULL,NULL,NULL,1,0,'80687266-6761-43a2-bd98-f42349a9bb63','2019-06-01 17:19:29','2019-06-01 17:19:29'),('jupqob4-nh8v-eqqo-mec1','877B1',NULL,'$2y$10$7Nr7lHpeouo.3Swq.mM.3uNu0zjJmyyEGxgTOA1F9UYq7dXSFfyHK','USUARIO 877B1',NULL,NULL,NULL,NULL,NULL,NULL,NULL,NULL,1,0,'80687266-6761-43a2-bd98-f42349a9bb63','2019-06-01 17:19:40','2019-06-01 17:19:40'),('jzq644b-hw70-ujl6-8ckk','879B1',NULL,'$2y$10$7Nr7lHpeouo.3Swq.mM.3uNu0zjJmyyEGxgTOA1F9UYq7dXSFfyHK','USUARIO 879B1',NULL,NULL,NULL,NULL,NULL,NULL,NULL,NULL,1,0,'80687266-6761-43a2-bd98-f42349a9bb63','2019-06-01 17:19:39','2019-06-01 17:19:39'),('k03456r-hokx-kt8m-8wp4','766C1',NULL,'$2y$10$7Nr7lHpeouo.3Swq.mM.3uNu0zjJmyyEGxgTOA1F9UYq7dXSFfyHK','USUARIO 766C1',NULL,NULL,NULL,NULL,NULL,NULL,NULL,NULL,1,0,'80687266-6761-43a2-bd98-f42349a9bb63','2019-06-01 17:19:56','2019-06-01 17:19:56'),('k0a8998-ykkm-oro2-tg7z','671B1',NULL,'$2y$10$7Nr7lHpeouo.3Swq.mM.3uNu0zjJmyyEGxgTOA1F9UYq7dXSFfyHK','USUARIO 671B1',NULL,NULL,NULL,NULL,NULL,NULL,NULL,NULL,1,0,'80687266-6761-43a2-bd98-f42349a9bb63','2019-06-01 17:19:14','2019-06-01 17:19:14'),('k5ebh82-60ok-8zoe-dp3d','874C11',NULL,'$2y$10$7Nr7lHpeouo.3Swq.mM.3uNu0zjJmyyEGxgTOA1F9UYq7dXSFfyHK','USUARIO 874C11',NULL,NULL,NULL,NULL,NULL,NULL,NULL,NULL,1,0,'80687266-6761-43a2-bd98-f42349a9bb63','2019-06-01 17:19:43','2019-06-01 17:19:43'),('kb4msbd-skr4-hahx-6zri','874C12',NULL,'$2y$10$7Nr7lHpeouo.3Swq.mM.3uNu0zjJmyyEGxgTOA1F9UYq7dXSFfyHK','USUARIO 874C12',NULL,NULL,NULL,NULL,NULL,NULL,NULL,NULL,1,0,'80687266-6761-43a2-bd98-f42349a9bb63','2019-06-01 17:19:43','2019-06-01 17:19:43'),('kdeyd1s-1ftj-2x3q-1wpw','680C4',NULL,'$2y$10$7Nr7lHpeouo.3Swq.mM.3uNu0zjJmyyEGxgTOA1F9UYq7dXSFfyHK','USUARIO 680C4',NULL,NULL,NULL,NULL,NULL,NULL,NULL,NULL,1,0,'80687266-6761-43a2-bd98-f42349a9bb63','2019-06-01 17:19:16','2019-06-01 17:19:16'),('kiuy5l0-lbn8-tmuy-6bpk','692B1',NULL,'$2y$10$7Nr7lHpeouo.3Swq.mM.3uNu0zjJmyyEGxgTOA1F9UYq7dXSFfyHK','USUARIO 692B1',NULL,NULL,NULL,NULL,NULL,NULL,NULL,NULL,1,0,'80687266-6761-43a2-bd98-f42349a9bb63','2019-06-01 17:19:21','2019-06-01 17:19:21'),('kkabiby-c26c-ltzs-fgn2','726C1',NULL,'$2y$10$7Nr7lHpeouo.3Swq.mM.3uNu0zjJmyyEGxgTOA1F9UYq7dXSFfyHK','USUARIO 726C1',NULL,NULL,NULL,NULL,NULL,NULL,NULL,NULL,1,0,'80687266-6761-43a2-bd98-f42349a9bb63','2019-06-01 17:19:20','2019-06-01 17:19:20'),('kog1hqv-0qua-qoe1-nro7','702C4',NULL,'$2y$10$7Nr7lHpeouo.3Swq.mM.3uNu0zjJmyyEGxgTOA1F9UYq7dXSFfyHK','USUARIO 702C4',NULL,NULL,NULL,NULL,NULL,NULL,NULL,NULL,1,0,'80687266-6761-43a2-bd98-f42349a9bb63','2019-06-01 17:19:26','2019-06-01 17:19:26'),('ksgpih9-0y8e-ml3y-4e22','874B1',NULL,'$2y$10$7Nr7lHpeouo.3Swq.mM.3uNu0zjJmyyEGxgTOA1F9UYq7dXSFfyHK','USUARIO 874B1',NULL,NULL,NULL,NULL,NULL,NULL,NULL,NULL,1,0,'80687266-6761-43a2-bd98-f42349a9bb63','2019-06-01 17:19:41','2019-06-01 17:19:41'),('kybkpat-zrux-8r1t-s0b0','888C2',NULL,'$2y$10$7Nr7lHpeouo.3Swq.mM.3uNu0zjJmyyEGxgTOA1F9UYq7dXSFfyHK','USUARIO 888C2',NULL,NULL,NULL,NULL,NULL,NULL,NULL,NULL,1,0,'80687266-6761-43a2-bd98-f42349a9bb63','2019-06-01 17:19:35','2019-06-01 17:19:35'),('l1bup2v-nu8k-w2ff-4ht1','767B1',NULL,'$2y$10$7Nr7lHpeouo.3Swq.mM.3uNu0zjJmyyEGxgTOA1F9UYq7dXSFfyHK','USUARIO 767B1',NULL,NULL,NULL,NULL,NULL,NULL,NULL,NULL,1,0,'80687266-6761-43a2-bd98-f42349a9bb63','2019-06-01 17:19:54','2019-06-01 17:19:54'),('l2sq8bs-1o9w-lnpe-7eeg','715C1',NULL,'$2y$10$7Nr7lHpeouo.3Swq.mM.3uNu0zjJmyyEGxgTOA1F9UYq7dXSFfyHK','USUARIO 715C1',NULL,NULL,NULL,NULL,NULL,NULL,NULL,NULL,1,0,'80687266-6761-43a2-bd98-f42349a9bb63','2019-06-01 17:19:22','2019-06-01 17:19:22'),('l48scx4-po88-xx5u-1sj9','720B1',NULL,'$2y$10$7Nr7lHpeouo.3Swq.mM.3uNu0zjJmyyEGxgTOA1F9UYq7dXSFfyHK','USUARIO 720B1',NULL,NULL,NULL,NULL,NULL,NULL,NULL,NULL,1,0,'80687266-6761-43a2-bd98-f42349a9bb63','2019-06-01 17:19:20','2019-06-01 17:19:20'),('l6yslus-7ri6-c7u9-wdla','911B1',NULL,'$2y$10$7Nr7lHpeouo.3Swq.mM.3uNu0zjJmyyEGxgTOA1F9UYq7dXSFfyHK','USUARIO 911B1',NULL,NULL,NULL,NULL,NULL,NULL,NULL,NULL,1,0,'80687266-6761-43a2-bd98-f42349a9bb63','2019-06-01 17:19:21','2019-06-01 17:19:21'),('lm4pwej-fe1q-1dc6-g15p','875C17',NULL,'$2y$10$7Nr7lHpeouo.3Swq.mM.3uNu0zjJmyyEGxgTOA1F9UYq7dXSFfyHK','USUARIO 875C17',NULL,NULL,NULL,NULL,NULL,NULL,NULL,NULL,1,0,'80687266-6761-43a2-bd98-f42349a9bb63','2019-06-01 17:19:45','2019-06-01 17:19:45'),('lngs8kb-6afe-6zj7-rv79','721C1',NULL,'$2y$10$7Nr7lHpeouo.3Swq.mM.3uNu0zjJmyyEGxgTOA1F9UYq7dXSFfyHK','USUARIO 721C1',NULL,NULL,NULL,NULL,NULL,NULL,NULL,NULL,1,0,'80687266-6761-43a2-bd98-f42349a9bb63','2019-06-01 17:19:20','2019-06-01 17:19:20'),('lt4ey3v-gd9j-rr0h-4su5','728B1',NULL,'$2y$10$7Nr7lHpeouo.3Swq.mM.3uNu0zjJmyyEGxgTOA1F9UYq7dXSFfyHK','USUARIO 728B1',NULL,NULL,NULL,NULL,NULL,NULL,NULL,NULL,1,0,'80687266-6761-43a2-bd98-f42349a9bb63','2019-06-01 17:19:20','2019-06-01 17:19:20'),('lt7vro7-tqkl-35e0-746y','701B1',NULL,'$2y$10$7Nr7lHpeouo.3Swq.mM.3uNu0zjJmyyEGxgTOA1F9UYq7dXSFfyHK','USUARIO 701B1',NULL,NULL,NULL,NULL,NULL,NULL,NULL,NULL,1,0,'80687266-6761-43a2-bd98-f42349a9bb63','2019-06-01 17:19:26','2019-06-01 17:19:26'),('lubgh1n-6lw9-52ii-j4or','729C2',NULL,'$2y$10$7Nr7lHpeouo.3Swq.mM.3uNu0zjJmyyEGxgTOA1F9UYq7dXSFfyHK','USUARIO 729C2',NULL,NULL,NULL,NULL,NULL,NULL,NULL,NULL,1,0,'80687266-6761-43a2-bd98-f42349a9bb63','2019-06-01 17:19:24','2019-06-01 17:19:24'),('luyxv52-pu0y-0owi-s1kb','891B1',NULL,'$2y$10$7Nr7lHpeouo.3Swq.mM.3uNu0zjJmyyEGxgTOA1F9UYq7dXSFfyHK','USUARIO 891B1',NULL,NULL,NULL,NULL,NULL,NULL,NULL,NULL,1,0,'80687266-6761-43a2-bd98-f42349a9bb63','2019-06-01 17:19:36','2019-06-01 17:19:36'),('lvixocz-amib-k8d2-c4ef','720C2',NULL,'$2y$10$7Nr7lHpeouo.3Swq.mM.3uNu0zjJmyyEGxgTOA1F9UYq7dXSFfyHK','USUARIO 720C2',NULL,NULL,NULL,NULL,NULL,NULL,NULL,NULL,1,0,'80687266-6761-43a2-bd98-f42349a9bb63','2019-06-01 17:19:20','2019-06-01 17:19:20'),('lvtm3jy-nvgd-4i52-a3j1','676C1',NULL,'$2y$10$7Nr7lHpeouo.3Swq.mM.3uNu0zjJmyyEGxgTOA1F9UYq7dXSFfyHK','USUARIO 676C1',NULL,NULL,NULL,NULL,NULL,NULL,NULL,NULL,1,0,'80687266-6761-43a2-bd98-f42349a9bb63','2019-06-01 17:19:15','2019-06-01 17:19:15'),('m4mla6l-cltm-llhh-c8e6','875C19',NULL,'$2y$10$7Nr7lHpeouo.3Swq.mM.3uNu0zjJmyyEGxgTOA1F9UYq7dXSFfyHK','USUARIO 875C19',NULL,NULL,NULL,NULL,NULL,NULL,NULL,NULL,1,0,'80687266-6761-43a2-bd98-f42349a9bb63','2019-06-01 17:19:46','2019-06-01 17:19:46'),('m6nkdxb-hv1l-cek1-z977','774B1',NULL,'$2y$10$7Nr7lHpeouo.3Swq.mM.3uNu0zjJmyyEGxgTOA1F9UYq7dXSFfyHK','USUARIO 774B1',NULL,NULL,NULL,NULL,NULL,NULL,NULL,NULL,1,0,'80687266-6761-43a2-bd98-f42349a9bb63','2019-06-01 17:19:56','2019-06-01 17:19:56'),('m6yz7oh-whct-xgmt-q3jx','686C1',NULL,'$2y$10$7Nr7lHpeouo.3Swq.mM.3uNu0zjJmyyEGxgTOA1F9UYq7dXSFfyHK','USUARIO 686C1',NULL,NULL,NULL,NULL,NULL,NULL,NULL,NULL,1,0,'80687266-6761-43a2-bd98-f42349a9bb63','2019-06-01 17:19:21','2019-06-01 17:19:21'),('mh56m69-hdcj-46vk-kuvl','886C1',NULL,'$2y$10$7Nr7lHpeouo.3Swq.mM.3uNu0zjJmyyEGxgTOA1F9UYq7dXSFfyHK','USUARIO 886C1',NULL,NULL,NULL,NULL,NULL,NULL,NULL,NULL,1,0,'80687266-6761-43a2-bd98-f42349a9bb63','2019-06-01 17:19:39','2019-06-01 17:19:39'),('mkpawxy-681w-qfju-ty14','678C1',NULL,'$2y$10$7Nr7lHpeouo.3Swq.mM.3uNu0zjJmyyEGxgTOA1F9UYq7dXSFfyHK','USUARIO 678C1',NULL,NULL,NULL,NULL,NULL,NULL,NULL,NULL,1,0,'80687266-6761-43a2-bd98-f42349a9bb63','2019-06-01 17:19:15','2019-06-01 17:19:15'),('muvu4h4-7ys9-k4nl-5nai','725B1',NULL,'$2y$10$7Nr7lHpeouo.3Swq.mM.3uNu0zjJmyyEGxgTOA1F9UYq7dXSFfyHK','USUARIO 725B1',NULL,NULL,NULL,NULL,NULL,NULL,NULL,NULL,1,0,'80687266-6761-43a2-bd98-f42349a9bb63','2019-06-01 17:19:23','2019-06-01 17:19:23'),('mzw5vnt-mrje-2pmz-xpu2','909B1',NULL,'$2y$10$7Nr7lHpeouo.3Swq.mM.3uNu0zjJmyyEGxgTOA1F9UYq7dXSFfyHK','USUARIO 909B1',NULL,NULL,NULL,NULL,NULL,NULL,NULL,NULL,1,0,'80687266-6761-43a2-bd98-f42349a9bb63','2019-06-01 17:19:35','2019-06-01 17:19:35'),('n2a3rap-2jmq-erbw-y6n9','875C8',NULL,'$2y$10$7Nr7lHpeouo.3Swq.mM.3uNu0zjJmyyEGxgTOA1F9UYq7dXSFfyHK','USUARIO 875C8',NULL,NULL,NULL,NULL,NULL,NULL,NULL,NULL,1,0,'80687266-6761-43a2-bd98-f42349a9bb63','2019-06-01 17:19:44','2019-06-01 17:19:44'),('n3vt9qr-qgcq-nqqk-esop','752B1',NULL,'$2y$10$7Nr7lHpeouo.3Swq.mM.3uNu0zjJmyyEGxgTOA1F9UYq7dXSFfyHK','USUARIO 752B1',NULL,NULL,NULL,NULL,NULL,NULL,NULL,NULL,1,0,'80687266-6761-43a2-bd98-f42349a9bb63','2019-06-01 17:19:48','2019-06-01 17:19:48'),('n40sbj9-b0nq-bkp7-iynz','709C1',NULL,'$2y$10$7Nr7lHpeouo.3Swq.mM.3uNu0zjJmyyEGxgTOA1F9UYq7dXSFfyHK','USUARIO 709C1',NULL,NULL,NULL,NULL,NULL,NULL,NULL,NULL,1,0,'80687266-6761-43a2-bd98-f42349a9bb63','2019-06-01 17:19:25','2019-06-01 17:19:25'),('nbvbwx9-x3ah-wtwu-jbam','764C1',NULL,'$2y$10$7Nr7lHpeouo.3Swq.mM.3uNu0zjJmyyEGxgTOA1F9UYq7dXSFfyHK','USUARIO 764C1',NULL,NULL,NULL,NULL,NULL,NULL,NULL,NULL,1,0,'80687266-6761-43a2-bd98-f42349a9bb63','2019-06-01 17:19:47','2019-06-01 17:19:47'),('ncx52nj-n63y-4shz-gcit','713C1',NULL,'$2y$10$7Nr7lHpeouo.3Swq.mM.3uNu0zjJmyyEGxgTOA1F9UYq7dXSFfyHK','USUARIO 713C1',NULL,NULL,NULL,NULL,NULL,NULL,NULL,NULL,1,0,'80687266-6761-43a2-bd98-f42349a9bb63','2019-06-01 17:19:19','2019-06-01 17:19:19'),('nerjqvc-luox-xs6v-k4xa','874C4',NULL,'$2y$10$7Nr7lHpeouo.3Swq.mM.3uNu0zjJmyyEGxgTOA1F9UYq7dXSFfyHK','USUARIO 874C4',NULL,NULL,NULL,NULL,NULL,NULL,NULL,NULL,1,0,'80687266-6761-43a2-bd98-f42349a9bb63','2019-06-01 17:19:41','2019-06-01 17:19:41'),('neuviwh-nkmw-xwgd-zjsk','916B1',NULL,'$2y$10$7Nr7lHpeouo.3Swq.mM.3uNu0zjJmyyEGxgTOA1F9UYq7dXSFfyHK','USUARIO 916B1',NULL,NULL,NULL,NULL,NULL,NULL,NULL,NULL,1,0,'80687266-6761-43a2-bd98-f42349a9bb63','2019-06-01 17:19:31','2019-06-01 17:19:31'),('nplj0xx-kfqq-91r7-ufw7','874C14',NULL,'$2y$10$7Nr7lHpeouo.3Swq.mM.3uNu0zjJmyyEGxgTOA1F9UYq7dXSFfyHK','USUARIO 874C14',NULL,NULL,NULL,NULL,NULL,NULL,NULL,NULL,1,0,'80687266-6761-43a2-bd98-f42349a9bb63','2019-06-01 17:19:43','2019-06-01 17:19:43'),('nxe04dj-j1s3-qak6-g1mr','730B1',NULL,'$2y$10$7Nr7lHpeouo.3Swq.mM.3uNu0zjJmyyEGxgTOA1F9UYq7dXSFfyHK','USUARIO 730B1',NULL,NULL,NULL,NULL,NULL,NULL,NULL,NULL,1,0,'80687266-6761-43a2-bd98-f42349a9bb63','2019-06-01 17:19:28','2019-06-01 17:19:28'),('nyaad9h-guni-gind-sehr','917B1',NULL,'$2y$10$7Nr7lHpeouo.3Swq.mM.3uNu0zjJmyyEGxgTOA1F9UYq7dXSFfyHK','USUARIO 917B1',NULL,NULL,NULL,NULL,NULL,NULL,NULL,NULL,1,0,'80687266-6761-43a2-bd98-f42349a9bb63','2019-06-01 17:19:31','2019-06-01 17:19:31'),('nzcau0k-md1y-1yby-faey','875C14',NULL,'$2y$10$7Nr7lHpeouo.3Swq.mM.3uNu0zjJmyyEGxgTOA1F9UYq7dXSFfyHK','USUARIO 875C14',NULL,NULL,NULL,NULL,NULL,NULL,NULL,NULL,1,0,'80687266-6761-43a2-bd98-f42349a9bb63','2019-06-01 17:19:45','2019-06-01 17:19:45'),('o27xsla-zwqx-1g9l-ti27','698B1',NULL,'$2y$10$7Nr7lHpeouo.3Swq.mM.3uNu0zjJmyyEGxgTOA1F9UYq7dXSFfyHK','USUARIO 698B1',NULL,NULL,NULL,NULL,NULL,NULL,NULL,NULL,1,0,'80687266-6761-43a2-bd98-f42349a9bb63','2019-06-01 17:19:25','2019-06-01 17:19:25'),('o8s2o2k-us9q-6ex2-7dqy','885B1',NULL,'$2y$10$7Nr7lHpeouo.3Swq.mM.3uNu0zjJmyyEGxgTOA1F9UYq7dXSFfyHK','USUARIO 885B1',NULL,NULL,NULL,NULL,NULL,NULL,NULL,NULL,1,0,'80687266-6761-43a2-bd98-f42349a9bb63','2019-06-01 17:19:37','2019-06-01 17:19:37'),('oas9vb9-ybdl-5xju-57m5','704B1',NULL,'$2y$10$7Nr7lHpeouo.3Swq.mM.3uNu0zjJmyyEGxgTOA1F9UYq7dXSFfyHK','USUARIO 704B1',NULL,NULL,NULL,NULL,NULL,NULL,NULL,NULL,1,0,'80687266-6761-43a2-bd98-f42349a9bb63','2019-06-01 17:19:27','2019-06-01 17:19:27'),('obx51ts-cdpe-kkyt-mdnp','694C3',NULL,'$2y$10$7Nr7lHpeouo.3Swq.mM.3uNu0zjJmyyEGxgTOA1F9UYq7dXSFfyHK','USUARIO 694C3',NULL,NULL,NULL,NULL,NULL,NULL,NULL,NULL,1,0,'80687266-6761-43a2-bd98-f42349a9bb63','2019-06-01 17:19:24','2019-06-01 17:19:24'),('og2fiun-uwjk-j4cf-gznc','673C1',NULL,'$2y$10$7Nr7lHpeouo.3Swq.mM.3uNu0zjJmyyEGxgTOA1F9UYq7dXSFfyHK','USUARIO 673C1',NULL,NULL,NULL,NULL,NULL,NULL,NULL,NULL,1,0,'80687266-6761-43a2-bd98-f42349a9bb63','2019-06-01 17:19:16','2019-06-01 17:19:16'),('ohppkt3-2frf-ekwe-z4v0','719C1',NULL,'$2y$10$7Nr7lHpeouo.3Swq.mM.3uNu0zjJmyyEGxgTOA1F9UYq7dXSFfyHK','USUARIO 719C1',NULL,NULL,NULL,NULL,NULL,NULL,NULL,NULL,1,0,'80687266-6761-43a2-bd98-f42349a9bb63','2019-06-01 17:19:19','2019-06-01 17:19:19'),('oiolca5-9m61-gsip-t308','674C1',NULL,'$2y$10$7Nr7lHpeouo.3Swq.mM.3uNu0zjJmyyEGxgTOA1F9UYq7dXSFfyHK','USUARIO 674C1',NULL,NULL,NULL,NULL,NULL,NULL,NULL,NULL,1,0,'80687266-6761-43a2-bd98-f42349a9bb63','2019-06-01 17:19:28','2019-06-01 17:19:28'),('opmabe6-9fpq-5yvl-hwi4','670B1',NULL,'$2y$10$7Nr7lHpeouo.3Swq.mM.3uNu0zjJmyyEGxgTOA1F9UYq7dXSFfyHK','USUARIO 670B1',NULL,NULL,NULL,NULL,NULL,NULL,NULL,NULL,1,0,'80687266-6761-43a2-bd98-f42349a9bb63','2019-06-01 17:19:16','2019-06-01 17:19:16'),('ora29qu-dqbf-4q5y-xa0q','681C4',NULL,'$2y$10$7Nr7lHpeouo.3Swq.mM.3uNu0zjJmyyEGxgTOA1F9UYq7dXSFfyHK','USUARIO 681C4',NULL,NULL,NULL,NULL,NULL,NULL,NULL,NULL,1,0,'80687266-6761-43a2-bd98-f42349a9bb63','2019-06-01 17:19:17','2019-06-01 17:19:17'),('ot4j0dx-b8lo-dfx4-p97y','875C1',NULL,'$2y$10$7Nr7lHpeouo.3Swq.mM.3uNu0zjJmyyEGxgTOA1F9UYq7dXSFfyHK','USUARIO 875C1',NULL,NULL,NULL,NULL,NULL,NULL,NULL,NULL,1,0,'80687266-6761-43a2-bd98-f42349a9bb63','2019-06-01 17:19:44','2019-06-01 17:19:44'),('oxlz73c-d7bh-r8jh-te8l','753C1',NULL,'$2y$10$7Nr7lHpeouo.3Swq.mM.3uNu0zjJmyyEGxgTOA1F9UYq7dXSFfyHK','USUARIO 753C1',NULL,NULL,NULL,NULL,NULL,NULL,NULL,NULL,1,0,'80687266-6761-43a2-bd98-f42349a9bb63','2019-06-01 17:19:49','2019-06-01 17:19:49'),('p3g1n0g-vu7b-z0l7-whwb','875C6',NULL,'$2y$10$7Nr7lHpeouo.3Swq.mM.3uNu0zjJmyyEGxgTOA1F9UYq7dXSFfyHK','USUARIO 875C6',NULL,NULL,NULL,NULL,NULL,NULL,NULL,NULL,1,0,'80687266-6761-43a2-bd98-f42349a9bb63','2019-06-01 17:19:44','2019-06-01 17:19:44'),('p3vai2n-98g0-rfr9-q981','681C5',NULL,'$2y$10$7Nr7lHpeouo.3Swq.mM.3uNu0zjJmyyEGxgTOA1F9UYq7dXSFfyHK','USUARIO 681C5',NULL,NULL,NULL,NULL,NULL,NULL,NULL,NULL,1,0,'80687266-6761-43a2-bd98-f42349a9bb63','2019-06-01 17:19:17','2019-06-01 17:19:17'),('p7immm8-zqsu-dbuu-wp0t','668B1',NULL,'$2y$10$7Nr7lHpeouo.3Swq.mM.3uNu0zjJmyyEGxgTOA1F9UYq7dXSFfyHK','USUARIO 668B1',NULL,NULL,NULL,NULL,NULL,NULL,NULL,NULL,1,0,'80687266-6761-43a2-bd98-f42349a9bb63','2019-06-01 17:19:14','2019-06-01 17:19:14'),('p7xfcqq-q6b4-9nix-kobk','690B1',NULL,'$2y$10$7Nr7lHpeouo.3Swq.mM.3uNu0zjJmyyEGxgTOA1F9UYq7dXSFfyHK','USUARIO 690B1',NULL,NULL,NULL,NULL,NULL,NULL,NULL,NULL,1,0,'80687266-6761-43a2-bd98-f42349a9bb63','2019-06-01 17:19:18','2019-06-01 17:19:18'),('p90h2gs-gfiw-mb2x-dx5e','737B1',NULL,'$2y$10$7Nr7lHpeouo.3Swq.mM.3uNu0zjJmyyEGxgTOA1F9UYq7dXSFfyHK','USUARIO 737B1',NULL,NULL,NULL,NULL,NULL,NULL,NULL,NULL,1,0,'80687266-6761-43a2-bd98-f42349a9bb63','2019-06-01 17:19:23','2019-06-01 17:19:23'),('pe1fva8-0u4a-zt2s-ul2e','883C1',NULL,'$2y$10$7Nr7lHpeouo.3Swq.mM.3uNu0zjJmyyEGxgTOA1F9UYq7dXSFfyHK','USUARIO 883C1',NULL,NULL,NULL,NULL,NULL,NULL,NULL,NULL,1,0,'80687266-6761-43a2-bd98-f42349a9bb63','2019-06-01 17:19:37','2019-06-01 17:19:37'),('pe890fq-lke7-jill-1o2g','694C4',NULL,'$2y$10$7Nr7lHpeouo.3Swq.mM.3uNu0zjJmyyEGxgTOA1F9UYq7dXSFfyHK','USUARIO 694C4',NULL,NULL,NULL,NULL,NULL,NULL,NULL,NULL,1,0,'80687266-6761-43a2-bd98-f42349a9bb63','2019-06-01 17:19:24','2019-06-01 17:19:24'),('peo3bzp-2z73-w6mr-ey0l','206C8',NULL,'$2y$10$7Nr7lHpeouo.3Swq.mM.3uNu0zjJmyyEGxgTOA1F9UYq7dXSFfyHK','USUARIO 206C8',NULL,NULL,NULL,NULL,NULL,NULL,NULL,NULL,1,0,'80687266-6761-43a2-bd98-f42349a9bb63','2019-06-01 17:19:53','2019-06-01 17:19:53'),('pfzcc2s-skgk-tfj7-kfn5','874C3',NULL,'$2y$10$7Nr7lHpeouo.3Swq.mM.3uNu0zjJmyyEGxgTOA1F9UYq7dXSFfyHK','USUARIO 874C3',NULL,NULL,NULL,NULL,NULL,NULL,NULL,NULL,1,0,'80687266-6761-43a2-bd98-f42349a9bb63','2019-06-01 17:19:41','2019-06-01 17:19:41'),('ptsi1xi-717b-xqjr-1nni','762C1',NULL,'$2y$10$7Nr7lHpeouo.3Swq.mM.3uNu0zjJmyyEGxgTOA1F9UYq7dXSFfyHK','USUARIO 762C1',NULL,NULL,NULL,NULL,NULL,NULL,NULL,NULL,1,0,'80687266-6761-43a2-bd98-f42349a9bb63','2019-06-01 17:19:47','2019-06-01 17:19:47'),('q2z7bo6-f7g1-0hip-1n8w','673B1',NULL,'$2y$10$7Nr7lHpeouo.3Swq.mM.3uNu0zjJmyyEGxgTOA1F9UYq7dXSFfyHK','USUARIO 673B1',NULL,NULL,NULL,NULL,NULL,NULL,NULL,NULL,1,0,'80687266-6761-43a2-bd98-f42349a9bb63','2019-06-01 17:19:16','2019-06-01 17:19:16'),('q3zb328-77fp-nxbl-ihne','681B1',NULL,'$2y$10$7Nr7lHpeouo.3Swq.mM.3uNu0zjJmyyEGxgTOA1F9UYq7dXSFfyHK','USUARIO 681B1',NULL,NULL,NULL,NULL,NULL,NULL,NULL,NULL,1,0,'80687266-6761-43a2-bd98-f42349a9bb63','2019-06-01 17:19:17','2019-06-01 17:19:17'),('qcms8on-6kvs-13zu-kdg3','206C6',NULL,'$2y$10$7Nr7lHpeouo.3Swq.mM.3uNu0zjJmyyEGxgTOA1F9UYq7dXSFfyHK','USUARIO 206C6',NULL,NULL,NULL,NULL,NULL,NULL,NULL,NULL,1,0,'80687266-6761-43a2-bd98-f42349a9bb63','2019-06-01 17:19:52','2019-06-01 17:19:52'),('qi8kgbw-wl8b-jdhz-srsu','681C1',NULL,'$2y$10$7Nr7lHpeouo.3Swq.mM.3uNu0zjJmyyEGxgTOA1F9UYq7dXSFfyHK','USUARIO 681C1',NULL,NULL,NULL,NULL,NULL,NULL,NULL,NULL,1,0,'80687266-6761-43a2-bd98-f42349a9bb63','2019-06-01 17:19:17','2019-06-01 17:19:17'),('qmmqzlt-6doi-djzy-usyu','876C2',NULL,'$2y$10$7Nr7lHpeouo.3Swq.mM.3uNu0zjJmyyEGxgTOA1F9UYq7dXSFfyHK','USUARIO 876C2',NULL,NULL,NULL,NULL,NULL,NULL,NULL,NULL,1,0,'80687266-6761-43a2-bd98-f42349a9bb63','2019-06-01 17:19:39','2019-06-01 17:19:39'),('qn0zjct-i92y-qvzj-szlz','734B1',NULL,'$2y$10$7Nr7lHpeouo.3Swq.mM.3uNu0zjJmyyEGxgTOA1F9UYq7dXSFfyHK','USUARIO 734B1',NULL,NULL,NULL,NULL,NULL,NULL,NULL,NULL,1,0,'80687266-6761-43a2-bd98-f42349a9bb63','2019-06-01 17:19:32','2019-06-01 17:19:32'),('qpmbaf3-vdbd-selo-t89m','883B1',NULL,'$2y$10$7Nr7lHpeouo.3Swq.mM.3uNu0zjJmyyEGxgTOA1F9UYq7dXSFfyHK','USUARIO 883B1',NULL,NULL,NULL,NULL,NULL,NULL,NULL,NULL,1,0,'80687266-6761-43a2-bd98-f42349a9bb63','2019-06-01 17:19:37','2019-06-01 17:19:37'),('qrtcgdo-gc6i-0bhf-hkxg','703C1',NULL,'$2y$10$7Nr7lHpeouo.3Swq.mM.3uNu0zjJmyyEGxgTOA1F9UYq7dXSFfyHK','USUARIO 703C1',NULL,NULL,NULL,NULL,NULL,NULL,NULL,NULL,1,0,'80687266-6761-43a2-bd98-f42349a9bb63','2019-06-01 17:19:27','2019-06-01 17:19:27'),('qryug1p-30ui-6lzi-k8uj','206C4',NULL,'$2y$10$7Nr7lHpeouo.3Swq.mM.3uNu0zjJmyyEGxgTOA1F9UYq7dXSFfyHK','USUARIO 206C4',NULL,NULL,NULL,NULL,NULL,NULL,NULL,NULL,1,0,'80687266-6761-43a2-bd98-f42349a9bb63','2019-06-01 17:19:52','2019-06-01 17:19:52'),('qw7obmw-9397-i1sh-bgs0','889C1',NULL,'$2y$10$7Nr7lHpeouo.3Swq.mM.3uNu0zjJmyyEGxgTOA1F9UYq7dXSFfyHK','USUARIO 889C1',NULL,NULL,NULL,NULL,NULL,NULL,NULL,NULL,1,0,'80687266-6761-43a2-bd98-f42349a9bb63','2019-06-01 17:19:37','2019-06-01 17:19:37'),('r0w2bab-wrsw-jbsd-zexl','875C13',NULL,'$2y$10$7Nr7lHpeouo.3Swq.mM.3uNu0zjJmyyEGxgTOA1F9UYq7dXSFfyHK','USUARIO 875C13',NULL,NULL,NULL,NULL,NULL,NULL,NULL,NULL,1,0,'80687266-6761-43a2-bd98-f42349a9bb63','2019-06-01 17:19:45','2019-06-01 17:19:45'),('r3q7qs5-65xa-80gb-8rlf','206C12',NULL,'$2y$10$7Nr7lHpeouo.3Swq.mM.3uNu0zjJmyyEGxgTOA1F9UYq7dXSFfyHK','USUARIO 206C12',NULL,NULL,NULL,NULL,NULL,NULL,NULL,NULL,1,0,'80687266-6761-43a2-bd98-f42349a9bb63','2019-06-01 17:19:53','2019-06-01 17:19:53'),('r5o864g-ouf0-ljt8-ragp','882B1',NULL,'$2y$10$7Nr7lHpeouo.3Swq.mM.3uNu0zjJmyyEGxgTOA1F9UYq7dXSFfyHK','USUARIO 882B1',NULL,NULL,NULL,NULL,NULL,NULL,NULL,NULL,1,0,'80687266-6761-43a2-bd98-f42349a9bb63','2019-06-01 17:19:38','2019-06-01 17:19:38'),('r7liknl-u7eq-xhyy-tifk','890B1',NULL,'$2y$10$7Nr7lHpeouo.3Swq.mM.3uNu0zjJmyyEGxgTOA1F9UYq7dXSFfyHK','USUARIO 890B1',NULL,NULL,NULL,NULL,NULL,NULL,NULL,NULL,1,0,'80687266-6761-43a2-bd98-f42349a9bb63','2019-06-01 17:19:36','2019-06-01 17:19:36'),('rfy01wn-6r4v-kbp9-x5xo','686B1',NULL,'$2y$10$7Nr7lHpeouo.3Swq.mM.3uNu0zjJmyyEGxgTOA1F9UYq7dXSFfyHK','USUARIO 686B1',NULL,NULL,NULL,NULL,NULL,NULL,NULL,NULL,1,0,'80687266-6761-43a2-bd98-f42349a9bb63','2019-06-01 17:19:21','2019-06-01 17:19:21'),('rnm7g2q-jlbw-brko-nyuw','877C1',NULL,'$2y$10$7Nr7lHpeouo.3Swq.mM.3uNu0zjJmyyEGxgTOA1F9UYq7dXSFfyHK','USUARIO 877C1',NULL,NULL,NULL,NULL,NULL,NULL,NULL,NULL,1,0,'80687266-6761-43a2-bd98-f42349a9bb63','2019-06-01 17:19:40','2019-06-01 17:19:40'),('rnzpgld-l187-9td0-2f41','731B1',NULL,'$2y$10$7Nr7lHpeouo.3Swq.mM.3uNu0zjJmyyEGxgTOA1F9UYq7dXSFfyHK','USUARIO 731B1',NULL,NULL,NULL,NULL,NULL,NULL,NULL,NULL,1,0,'80687266-6761-43a2-bd98-f42349a9bb63','2019-06-01 17:19:28','2019-06-01 17:19:28'),('rodlb7a-cyvi-r4ge-0vzc','892C1',NULL,'$2y$10$7Nr7lHpeouo.3Swq.mM.3uNu0zjJmyyEGxgTOA1F9UYq7dXSFfyHK','USUARIO 892C1',NULL,NULL,NULL,NULL,NULL,NULL,NULL,NULL,1,0,'80687266-6761-43a2-bd98-f42349a9bb63','2019-06-01 17:19:36','2019-06-01 17:19:36'),('rwu2b0z-2u4w-m0ff-6j3t','768C2',NULL,'$2y$10$7Nr7lHpeouo.3Swq.mM.3uNu0zjJmyyEGxgTOA1F9UYq7dXSFfyHK','USUARIO 768C2',NULL,NULL,NULL,NULL,NULL,NULL,NULL,NULL,1,0,'80687266-6761-43a2-bd98-f42349a9bb63','2019-06-01 17:19:57','2019-06-01 17:19:57'),('rx6lsjs-kboz-fcyd-f857','874C13',NULL,'$2y$10$7Nr7lHpeouo.3Swq.mM.3uNu0zjJmyyEGxgTOA1F9UYq7dXSFfyHK','USUARIO 874C13',NULL,NULL,NULL,NULL,NULL,NULL,NULL,NULL,1,0,'80687266-6761-43a2-bd98-f42349a9bb63','2019-06-01 17:19:43','2019-06-01 17:19:43'),('rza7uz8-k6zy-7pys-fijg','688C1',NULL,'$2y$10$7Nr7lHpeouo.3Swq.mM.3uNu0zjJmyyEGxgTOA1F9UYq7dXSFfyHK','USUARIO 688C1',NULL,NULL,NULL,NULL,NULL,NULL,NULL,NULL,1,0,'80687266-6761-43a2-bd98-f42349a9bb63','2019-06-01 17:19:18','2019-06-01 17:19:18'),('s0jict5-ejjv-ilfa-tli4','706B1',NULL,'$2y$10$7Nr7lHpeouo.3Swq.mM.3uNu0zjJmyyEGxgTOA1F9UYq7dXSFfyHK','USUARIO 706B1',NULL,NULL,NULL,NULL,NULL,NULL,NULL,NULL,1,0,'80687266-6761-43a2-bd98-f42349a9bb63','2019-06-01 17:19:27','2019-06-01 17:19:27'),('s1n6jtu-ir0y-v136-z9sz','768C5',NULL,'$2y$10$7Nr7lHpeouo.3Swq.mM.3uNu0zjJmyyEGxgTOA1F9UYq7dXSFfyHK','USUARIO 768C5',NULL,NULL,NULL,NULL,NULL,NULL,NULL,NULL,1,0,'80687266-6761-43a2-bd98-f42349a9bb63','2019-06-01 17:19:57','2019-06-01 17:19:57'),('s2a97v6-idw8-dbw4-y39t','carlosJ',NULL,'$2y$10$/5WCyjtPZEhQNQ8KJj7YjukSAh0djDxetXMgtmzCACyzQuzJMkdEm','CARLOS','JOAQUIN GONZALEZ',NULL,NULL,NULL,NULL,NULL,NULL,NULL,1,1,'5197c80d-2d30-4225-a757-b31592c9e0f0','2018-06-27 21:43:12','2018-06-27 21:43:12'),('s6pcww4-q6gt-clqr-doxp','687C1',NULL,'$2y$10$7Nr7lHpeouo.3Swq.mM.3uNu0zjJmyyEGxgTOA1F9UYq7dXSFfyHK','USUARIO 687C1',NULL,NULL,NULL,NULL,NULL,NULL,NULL,NULL,1,0,'80687266-6761-43a2-bd98-f42349a9bb63','2019-06-01 17:19:21','2019-06-01 17:19:21'),('sjhw39t-rb6o-aymt-8sez','765C1',NULL,'$2y$10$7Nr7lHpeouo.3Swq.mM.3uNu0zjJmyyEGxgTOA1F9UYq7dXSFfyHK','USUARIO 765C1',NULL,NULL,NULL,NULL,NULL,NULL,NULL,NULL,1,0,'80687266-6761-43a2-bd98-f42349a9bb63','2019-06-01 17:19:47','2019-06-01 17:19:47'),('skcp0va-lpso-u1zl-vjvj','874C8',NULL,'$2y$10$7Nr7lHpeouo.3Swq.mM.3uNu0zjJmyyEGxgTOA1F9UYq7dXSFfyHK','USUARIO 874C8',NULL,NULL,NULL,NULL,NULL,NULL,NULL,NULL,1,0,'80687266-6761-43a2-bd98-f42349a9bb63','2019-06-01 17:19:42','2019-06-01 17:19:42'),('sn46ntj-5r22-u2qf-sv24','736B1',NULL,'$2y$10$7Nr7lHpeouo.3Swq.mM.3uNu0zjJmyyEGxgTOA1F9UYq7dXSFfyHK','USUARIO 736B1',NULL,NULL,NULL,NULL,NULL,NULL,NULL,NULL,1,0,'80687266-6761-43a2-bd98-f42349a9bb63','2019-06-01 17:19:33','2019-06-01 17:19:33'),('sthe3o7-g3oo-1p4p-le8q','729B1',NULL,'$2y$10$7Nr7lHpeouo.3Swq.mM.3uNu0zjJmyyEGxgTOA1F9UYq7dXSFfyHK','USUARIO 729B1',NULL,NULL,NULL,NULL,NULL,NULL,NULL,NULL,1,0,'80687266-6761-43a2-bd98-f42349a9bb63','2019-06-01 17:19:23','2019-06-01 17:19:23'),('t1hdlyv-fs5x-cprf-rtd9','875C2',NULL,'$2y$10$7Nr7lHpeouo.3Swq.mM.3uNu0zjJmyyEGxgTOA1F9UYq7dXSFfyHK','USUARIO 875C2',NULL,NULL,NULL,NULL,NULL,NULL,NULL,NULL,1,0,'80687266-6761-43a2-bd98-f42349a9bb63','2019-06-01 17:19:44','2019-06-01 17:19:44'),('t3xz5bm-qeb0-wkwx-rx3i','702C2',NULL,'$2y$10$7Nr7lHpeouo.3Swq.mM.3uNu0zjJmyyEGxgTOA1F9UYq7dXSFfyHK','USUARIO 702C2',NULL,NULL,NULL,NULL,NULL,NULL,NULL,NULL,1,0,'80687266-6761-43a2-bd98-f42349a9bb63','2019-06-01 17:19:26','2019-06-01 17:19:26'),('t5i6mca-oea7-53l2-ygwr','875C11',NULL,'$2y$10$7Nr7lHpeouo.3Swq.mM.3uNu0zjJmyyEGxgTOA1F9UYq7dXSFfyHK','USUARIO 875C11',NULL,NULL,NULL,NULL,NULL,NULL,NULL,NULL,1,0,'80687266-6761-43a2-bd98-f42349a9bb63','2019-06-01 17:19:45','2019-06-01 17:19:45'),('t6n98u1-a1zy-u969-ppxn','874C2',NULL,'$2y$10$7Nr7lHpeouo.3Swq.mM.3uNu0zjJmyyEGxgTOA1F9UYq7dXSFfyHK','USUARIO 874C2',NULL,NULL,NULL,NULL,NULL,NULL,NULL,NULL,1,0,'80687266-6761-43a2-bd98-f42349a9bb63','2019-06-01 17:19:41','2019-06-01 17:19:41'),('t74ramb-dcyc-mnmq-1h3y','875C16',NULL,'$2y$10$7Nr7lHpeouo.3Swq.mM.3uNu0zjJmyyEGxgTOA1F9UYq7dXSFfyHK','USUARIO 875C16',NULL,NULL,NULL,NULL,NULL,NULL,NULL,NULL,1,0,'80687266-6761-43a2-bd98-f42349a9bb63','2019-06-01 17:19:45','2019-06-01 17:19:45'),('t7panbr-ckjv-nmfv-azbu','741C1',NULL,'$2y$10$7Nr7lHpeouo.3Swq.mM.3uNu0zjJmyyEGxgTOA1F9UYq7dXSFfyHK','USUARIO 741C1',NULL,NULL,NULL,NULL,NULL,NULL,NULL,NULL,1,0,'80687266-6761-43a2-bd98-f42349a9bb63','2019-06-01 17:19:30','2019-06-01 17:19:30'),('t965r7j-55wg-bc7z-34lk','765B1',NULL,'$2y$10$7Nr7lHpeouo.3Swq.mM.3uNu0zjJmyyEGxgTOA1F9UYq7dXSFfyHK','USUARIO 765B1',NULL,NULL,NULL,NULL,NULL,NULL,NULL,NULL,1,0,'80687266-6761-43a2-bd98-f42349a9bb63','2019-06-01 17:19:47','2019-06-01 17:19:47'),('tavnu6o-f91j-hkfg-wyhq','893B1',NULL,'$2y$10$7Nr7lHpeouo.3Swq.mM.3uNu0zjJmyyEGxgTOA1F9UYq7dXSFfyHK','USUARIO 893B1',NULL,NULL,NULL,NULL,NULL,NULL,NULL,NULL,1,0,'80687266-6761-43a2-bd98-f42349a9bb63','2019-06-01 17:19:34','2019-06-01 17:19:34'),('tb74n75-tjsy-dvmj-cs7o','876C4',NULL,'$2y$10$7Nr7lHpeouo.3Swq.mM.3uNu0zjJmyyEGxgTOA1F9UYq7dXSFfyHK','USUARIO 876C4',NULL,NULL,NULL,NULL,NULL,NULL,NULL,NULL,1,0,'80687266-6761-43a2-bd98-f42349a9bb63','2019-06-01 17:19:40','2019-06-01 17:19:40'),('tn73rtf-04c7-vjpw-j6qt','718B1',NULL,'$2y$10$7Nr7lHpeouo.3Swq.mM.3uNu0zjJmyyEGxgTOA1F9UYq7dXSFfyHK','USUARIO 718B1',NULL,NULL,NULL,NULL,NULL,NULL,NULL,NULL,1,0,'80687266-6761-43a2-bd98-f42349a9bb63','2019-06-01 17:19:19','2019-06-01 17:19:19'),('tqs06bl-24ky-9vlb-tbs8','744B1',NULL,'$2y$10$7Nr7lHpeouo.3Swq.mM.3uNu0zjJmyyEGxgTOA1F9UYq7dXSFfyHK','USUARIO 744B1',NULL,NULL,NULL,NULL,NULL,NULL,NULL,NULL,1,0,'80687266-6761-43a2-bd98-f42349a9bb63','2019-06-01 17:19:49','2019-06-01 17:19:49'),('tvps6v9-0q90-wutm-zmdd','680C2',NULL,'$2y$10$7Nr7lHpeouo.3Swq.mM.3uNu0zjJmyyEGxgTOA1F9UYq7dXSFfyHK','USUARIO 680C2',NULL,NULL,NULL,NULL,NULL,NULL,NULL,NULL,1,0,'80687266-6761-43a2-bd98-f42349a9bb63','2019-06-01 17:19:15','2019-06-01 17:19:15'),('u6c5z8r-jb67-njjo-gev6','702C1',NULL,'$2y$10$7Nr7lHpeouo.3Swq.mM.3uNu0zjJmyyEGxgTOA1F9UYq7dXSFfyHK','USUARIO 702C1',NULL,NULL,NULL,NULL,NULL,NULL,NULL,NULL,1,0,'80687266-6761-43a2-bd98-f42349a9bb63','2019-06-01 17:19:26','2019-06-01 17:19:26'),('uc7sq3a-dr8k-5lqs-2ixt','875C21',NULL,'$2y$10$7Nr7lHpeouo.3Swq.mM.3uNu0zjJmyyEGxgTOA1F9UYq7dXSFfyHK','USUARIO 875C21',NULL,NULL,NULL,NULL,NULL,NULL,NULL,NULL,1,0,'80687266-6761-43a2-bd98-f42349a9bb63','2019-06-01 17:19:46','2019-06-01 17:19:46'),('ud7l1xi-0j6a-zcv3-5ter','767C2',NULL,'$2y$10$7Nr7lHpeouo.3Swq.mM.3uNu0zjJmyyEGxgTOA1F9UYq7dXSFfyHK','USUARIO 767C2',NULL,NULL,NULL,NULL,NULL,NULL,NULL,NULL,1,0,'80687266-6761-43a2-bd98-f42349a9bb63','2019-06-01 17:19:55','2019-06-01 17:19:55'),('ugufetg-fh6i-xx15-0l0v','691C1',NULL,'$2y$10$7Nr7lHpeouo.3Swq.mM.3uNu0zjJmyyEGxgTOA1F9UYq7dXSFfyHK','USUARIO 691C1',NULL,NULL,NULL,NULL,NULL,NULL,NULL,NULL,1,0,'80687266-6761-43a2-bd98-f42349a9bb63','2019-06-01 17:19:18','2019-06-01 17:19:18'),('ukipwcd-35gk-vr4f-7z4f','756B1',NULL,'$2y$10$7Nr7lHpeouo.3Swq.mM.3uNu0zjJmyyEGxgTOA1F9UYq7dXSFfyHK','USUARIO 756B1',NULL,NULL,NULL,NULL,NULL,NULL,NULL,NULL,1,0,'80687266-6761-43a2-bd98-f42349a9bb63','2019-06-01 17:19:54','2019-06-01 17:19:54'),('ul9cxwu-3wg0-odf7-ifiw','918B1',NULL,'$2y$10$7Nr7lHpeouo.3Swq.mM.3uNu0zjJmyyEGxgTOA1F9UYq7dXSFfyHK','USUARIO 918B1',NULL,NULL,NULL,NULL,NULL,NULL,NULL,NULL,1,0,'80687266-6761-43a2-bd98-f42349a9bb63','2019-06-01 17:19:31','2019-06-01 17:19:31'),('uwl052m-3910-vozi-pjs0','726B1',NULL,'$2y$10$7Nr7lHpeouo.3Swq.mM.3uNu0zjJmyyEGxgTOA1F9UYq7dXSFfyHK','USUARIO 726B1',NULL,NULL,NULL,NULL,NULL,NULL,NULL,NULL,1,0,'80687266-6761-43a2-bd98-f42349a9bb63','2019-06-01 17:19:20','2019-06-01 17:19:20'),('v75nz13-9msr-kqy6-74o8','694C2',NULL,'$2y$10$7Nr7lHpeouo.3Swq.mM.3uNu0zjJmyyEGxgTOA1F9UYq7dXSFfyHK','USUARIO 694C2',NULL,NULL,NULL,NULL,NULL,NULL,NULL,NULL,1,0,'80687266-6761-43a2-bd98-f42349a9bb63','2019-06-01 17:19:24','2019-06-01 17:19:24'),('vb1gsug-l4ij-8gja-rr40','763B1',NULL,'$2y$10$7Nr7lHpeouo.3Swq.mM.3uNu0zjJmyyEGxgTOA1F9UYq7dXSFfyHK','USUARIO 763B1',NULL,NULL,NULL,NULL,NULL,NULL,NULL,NULL,1,0,'80687266-6761-43a2-bd98-f42349a9bb63','2019-06-01 17:19:47','2019-06-01 17:19:47'),('vb4opkd-dejl-pkql-7qn6','697C1',NULL,'$2y$10$7Nr7lHpeouo.3Swq.mM.3uNu0zjJmyyEGxgTOA1F9UYq7dXSFfyHK','USUARIO 697C1',NULL,NULL,NULL,NULL,NULL,NULL,NULL,NULL,1,0,'80687266-6761-43a2-bd98-f42349a9bb63','2019-06-01 17:19:25','2019-06-01 17:19:25'),('vfsc0r8-ndrh-k48f-e99f','879C1',NULL,'$2y$10$7Nr7lHpeouo.3Swq.mM.3uNu0zjJmyyEGxgTOA1F9UYq7dXSFfyHK','USUARIO 879C1',NULL,NULL,NULL,NULL,NULL,NULL,NULL,NULL,1,0,'80687266-6761-43a2-bd98-f42349a9bb63','2019-06-01 17:19:39','2019-06-01 17:19:39'),('vgcj048-0740-lo4w-e4ey','206C11',NULL,'$2y$10$7Nr7lHpeouo.3Swq.mM.3uNu0zjJmyyEGxgTOA1F9UYq7dXSFfyHK','USUARIO 206C11',NULL,NULL,NULL,NULL,NULL,NULL,NULL,NULL,1,0,'80687266-6761-43a2-bd98-f42349a9bb63','2019-06-01 17:19:53','2019-06-01 17:19:53'),('vhqt3q5-rk52-d0fo-u6jh','876C5',NULL,'$2y$10$7Nr7lHpeouo.3Swq.mM.3uNu0zjJmyyEGxgTOA1F9UYq7dXSFfyHK','USUARIO 876C5',NULL,NULL,NULL,NULL,NULL,NULL,NULL,NULL,1,0,'80687266-6761-43a2-bd98-f42349a9bb63','2019-06-01 17:19:40','2019-06-01 17:19:40'),('vibm5sc-6f86-q8tp-dd26','694C1',NULL,'$2y$10$7Nr7lHpeouo.3Swq.mM.3uNu0zjJmyyEGxgTOA1F9UYq7dXSFfyHK','USUARIO 694C1',NULL,NULL,NULL,NULL,NULL,NULL,NULL,NULL,1,0,'80687266-6761-43a2-bd98-f42349a9bb63','2019-06-01 17:19:24','2019-06-01 17:19:24'),('vnkad30-6sll-zkpk-hs6k','750B1',NULL,'$2y$10$7Nr7lHpeouo.3Swq.mM.3uNu0zjJmyyEGxgTOA1F9UYq7dXSFfyHK','USUARIO 750B1',NULL,NULL,NULL,NULL,NULL,NULL,NULL,NULL,1,0,'80687266-6761-43a2-bd98-f42349a9bb63','2019-06-01 17:19:54','2019-06-01 17:19:54'),('vtswajv-18s1-2hma-h627','695B1',NULL,'$2y$10$7Nr7lHpeouo.3Swq.mM.3uNu0zjJmyyEGxgTOA1F9UYq7dXSFfyHK','USUARIO 695B1',NULL,NULL,NULL,NULL,NULL,NULL,NULL,NULL,1,0,'80687266-6761-43a2-bd98-f42349a9bb63','2019-06-01 17:19:25','2019-06-01 17:19:25'),('w18m7ni-c6v8-vqa8-hgro','206C13',NULL,'$2y$10$7Nr7lHpeouo.3Swq.mM.3uNu0zjJmyyEGxgTOA1F9UYq7dXSFfyHK','USUARIO 206C13',NULL,NULL,NULL,NULL,NULL,NULL,NULL,NULL,1,0,'80687266-6761-43a2-bd98-f42349a9bb63','2019-06-01 17:19:54','2019-06-01 17:19:54'),('w9nz245-s4zx-o5pz-1n3t','875C3',NULL,'$2y$10$7Nr7lHpeouo.3Swq.mM.3uNu0zjJmyyEGxgTOA1F9UYq7dXSFfyHK','USUARIO 875C3',NULL,NULL,NULL,NULL,NULL,NULL,NULL,NULL,1,0,'80687266-6761-43a2-bd98-f42349a9bb63','2019-06-01 17:19:44','2019-06-01 17:19:44'),('wrcyozx-m5f2-0ebr-qp11','742B1',NULL,'$2y$10$7Nr7lHpeouo.3Swq.mM.3uNu0zjJmyyEGxgTOA1F9UYq7dXSFfyHK','USUARIO 742B1',NULL,NULL,NULL,NULL,NULL,NULL,NULL,NULL,1,0,'80687266-6761-43a2-bd98-f42349a9bb63','2019-06-01 17:19:56','2019-06-01 17:19:56'),('wvgfdyu-qihs-0ll2-4zfq','906B1',NULL,'$2y$10$7Nr7lHpeouo.3Swq.mM.3uNu0zjJmyyEGxgTOA1F9UYq7dXSFfyHK','USUARIO 906B1',NULL,NULL,NULL,NULL,NULL,NULL,NULL,NULL,1,0,'80687266-6761-43a2-bd98-f42349a9bb63','2019-06-01 17:19:34','2019-06-01 17:19:34'),('wwp1sxo-ouhp-vu8g-akzh','875C23',NULL,'$2y$10$7Nr7lHpeouo.3Swq.mM.3uNu0zjJmyyEGxgTOA1F9UYq7dXSFfyHK','USUARIO 875C23',NULL,NULL,NULL,NULL,NULL,NULL,NULL,NULL,1,0,'80687266-6761-43a2-bd98-f42349a9bb63','2019-06-01 17:19:46','2019-06-01 17:19:46'),('wyb0itu-0m4y-hn1e-8cfs','875C22',NULL,'$2y$10$7Nr7lHpeouo.3Swq.mM.3uNu0zjJmyyEGxgTOA1F9UYq7dXSFfyHK','USUARIO 875C22',NULL,NULL,NULL,NULL,NULL,NULL,NULL,NULL,1,0,'80687266-6761-43a2-bd98-f42349a9bb63','2019-06-01 17:19:46','2019-06-01 17:19:46'),('wzg0j63-7ant-050i-1hcu','722B1',NULL,'$2y$10$7Nr7lHpeouo.3Swq.mM.3uNu0zjJmyyEGxgTOA1F9UYq7dXSFfyHK','USUARIO 722B1',NULL,NULL,NULL,NULL,NULL,NULL,NULL,NULL,1,0,'80687266-6761-43a2-bd98-f42349a9bb63','2019-06-01 17:19:22','2019-06-01 17:19:22'),('x01gabk-1ten-fxnk-hzn7','902B1',NULL,'$2y$10$7Nr7lHpeouo.3Swq.mM.3uNu0zjJmyyEGxgTOA1F9UYq7dXSFfyHK','USUARIO 902B1',NULL,NULL,NULL,NULL,NULL,NULL,NULL,NULL,1,0,'80687266-6761-43a2-bd98-f42349a9bb63','2019-06-01 17:19:35','2019-06-01 17:19:35'),('x0mh964-5ffv-vm9q-mdvw','875C24',NULL,'$2y$10$7Nr7lHpeouo.3Swq.mM.3uNu0zjJmyyEGxgTOA1F9UYq7dXSFfyHK','USUARIO 875C24',NULL,NULL,NULL,NULL,NULL,NULL,NULL,NULL,1,0,'80687266-6761-43a2-bd98-f42349a9bb63','2019-06-01 17:19:46','2019-06-01 17:19:46'),('x3jhsr1-0k4n-94xf-dcvo','683C1',NULL,'$2y$10$7Nr7lHpeouo.3Swq.mM.3uNu0zjJmyyEGxgTOA1F9UYq7dXSFfyHK','USUARIO 683C1',NULL,NULL,NULL,NULL,NULL,NULL,NULL,NULL,1,0,'80687266-6761-43a2-bd98-f42349a9bb63','2019-06-01 17:19:17','2019-06-01 17:19:17'),('x6npp8x-lli0-0epo-lca3','680C3',NULL,'$2y$10$7Nr7lHpeouo.3Swq.mM.3uNu0zjJmyyEGxgTOA1F9UYq7dXSFfyHK','USUARIO 680C3',NULL,NULL,NULL,NULL,NULL,NULL,NULL,NULL,1,0,'80687266-6761-43a2-bd98-f42349a9bb63','2019-06-01 17:19:16','2019-06-01 17:19:16'),('xfqrbhl-j8jo-r8gp-srwx','732B1',NULL,'$2y$10$7Nr7lHpeouo.3Swq.mM.3uNu0zjJmyyEGxgTOA1F9UYq7dXSFfyHK','USUARIO 732B1',NULL,NULL,NULL,NULL,NULL,NULL,NULL,NULL,1,0,'80687266-6761-43a2-bd98-f42349a9bb63','2019-06-01 17:19:28','2019-06-01 17:19:28'),('y1f2uaw-ix3p-8az7-7f2l','708B1',NULL,'$2y$10$7Nr7lHpeouo.3Swq.mM.3uNu0zjJmyyEGxgTOA1F9UYq7dXSFfyHK','USUARIO 708B1',NULL,NULL,NULL,NULL,NULL,NULL,NULL,NULL,1,0,'80687266-6761-43a2-bd98-f42349a9bb63','2019-06-01 17:19:23','2019-06-01 17:19:23'),('y3j34ru-dosq-t6ny-pi0r','757B1',NULL,'$2y$10$7Nr7lHpeouo.3Swq.mM.3uNu0zjJmyyEGxgTOA1F9UYq7dXSFfyHK','USUARIO 757B1',NULL,NULL,NULL,NULL,NULL,NULL,NULL,NULL,1,0,'80687266-6761-43a2-bd98-f42349a9bb63','2019-06-01 17:19:47','2019-06-01 17:19:47'),('ycwyl0q-c7bl-3pae-hf3w','759B1',NULL,'$2y$10$7Nr7lHpeouo.3Swq.mM.3uNu0zjJmyyEGxgTOA1F9UYq7dXSFfyHK','USUARIO 759B1',NULL,NULL,NULL,NULL,NULL,NULL,NULL,NULL,1,0,'80687266-6761-43a2-bd98-f42349a9bb63','2019-06-01 17:19:48','2019-06-01 17:19:48'),('yh1oed5-orxx-57wm-ogew','875C10',NULL,'$2y$10$7Nr7lHpeouo.3Swq.mM.3uNu0zjJmyyEGxgTOA1F9UYq7dXSFfyHK','USUARIO 875C10',NULL,NULL,NULL,NULL,NULL,NULL,NULL,NULL,1,0,'80687266-6761-43a2-bd98-f42349a9bb63','2019-06-01 17:19:45','2019-06-01 17:19:45'),('yl1zml2-i980-d9vt-mm9h','760B1',NULL,'$2y$10$7Nr7lHpeouo.3Swq.mM.3uNu0zjJmyyEGxgTOA1F9UYq7dXSFfyHK','USUARIO 760B1',NULL,NULL,NULL,NULL,NULL,NULL,NULL,NULL,1,0,'80687266-6761-43a2-bd98-f42349a9bb63','2019-06-01 17:19:48','2019-06-01 17:19:48'),('yo3m2yv-zkza-jl4p-3a09','206C14',NULL,'$2y$10$7Nr7lHpeouo.3Swq.mM.3uNu0zjJmyyEGxgTOA1F9UYq7dXSFfyHK','USUARIO 206C14',NULL,NULL,NULL,NULL,NULL,NULL,NULL,NULL,1,0,'80687266-6761-43a2-bd98-f42349a9bb63','2019-06-01 17:19:54','2019-06-01 17:19:54'),('z1489q3-t6dz-1pcm-8qt3','766B1',NULL,'$2y$10$7Nr7lHpeouo.3Swq.mM.3uNu0zjJmyyEGxgTOA1F9UYq7dXSFfyHK','USUARIO 766B1',NULL,NULL,NULL,NULL,NULL,NULL,NULL,NULL,1,0,'80687266-6761-43a2-bd98-f42349a9bb63','2019-06-01 17:19:56','2019-06-01 17:19:56'),('z16govy-0xeu-v9n9-7qqb','206C10',NULL,'$2y$10$7Nr7lHpeouo.3Swq.mM.3uNu0zjJmyyEGxgTOA1F9UYq7dXSFfyHK','USUARIO 206C10',NULL,NULL,NULL,NULL,NULL,NULL,NULL,NULL,1,0,'80687266-6761-43a2-bd98-f42349a9bb63','2019-06-01 17:19:53','2019-06-01 17:19:53'),('z2f47i4-5mej-0xv8-t1ae','681C2',NULL,'$2y$10$7Nr7lHpeouo.3Swq.mM.3uNu0zjJmyyEGxgTOA1F9UYq7dXSFfyHK','USUARIO 681C2',NULL,NULL,NULL,NULL,NULL,NULL,NULL,NULL,1,0,'80687266-6761-43a2-bd98-f42349a9bb63','2019-06-01 17:19:17','2019-06-01 17:19:17'),('z7nh8x0-i2i5-unqp-gtnr','716B1',NULL,'$2y$10$7Nr7lHpeouo.3Swq.mM.3uNu0zjJmyyEGxgTOA1F9UYq7dXSFfyHK','USUARIO 716B1',NULL,NULL,NULL,NULL,NULL,NULL,NULL,NULL,1,0,'80687266-6761-43a2-bd98-f42349a9bb63','2019-06-01 17:19:22','2019-06-01 17:19:22'),('za1xfkm-mv52-cyge-fz5c','708C1',NULL,'$2y$10$7Nr7lHpeouo.3Swq.mM.3uNu0zjJmyyEGxgTOA1F9UYq7dXSFfyHK','USUARIO 708C1',NULL,NULL,NULL,NULL,NULL,NULL,NULL,NULL,1,0,'80687266-6761-43a2-bd98-f42349a9bb63','2019-06-01 17:19:23','2019-06-01 17:19:23'),('znr9f9f-50c0-3sjl-hytg','898B1',NULL,'$2y$10$7Nr7lHpeouo.3Swq.mM.3uNu0zjJmyyEGxgTOA1F9UYq7dXSFfyHK','USUARIO 898B1',NULL,NULL,NULL,NULL,NULL,NULL,NULL,NULL,1,0,'80687266-6761-43a2-bd98-f42349a9bb63','2019-06-01 17:19:33','2019-06-01 17:19:33'),('zo5hqx7-cdk0-lv8b-m94u','885C1',NULL,'$2y$10$7Nr7lHpeouo.3Swq.mM.3uNu0zjJmyyEGxgTOA1F9UYq7dXSFfyHK','USUARIO 885C1',NULL,NULL,NULL,NULL,NULL,NULL,NULL,NULL,1,0,'80687266-6761-43a2-bd98-f42349a9bb63','2019-06-01 17:19:38','2019-06-01 17:19:38'),('zon6bdy-hjx1-fe93-a7eu','773C1',NULL,'$2y$10$7Nr7lHpeouo.3Swq.mM.3uNu0zjJmyyEGxgTOA1F9UYq7dXSFfyHK','USUARIO 773C1',NULL,NULL,NULL,NULL,NULL,NULL,NULL,NULL,1,0,'80687266-6761-43a2-bd98-f42349a9bb63','2019-06-01 17:19:56','2019-06-01 17:19:56'),('zpjo279-hulv-z2o2-b556','905B1',NULL,'$2y$10$7Nr7lHpeouo.3Swq.mM.3uNu0zjJmyyEGxgTOA1F9UYq7dXSFfyHK','USUARIO 905B1',NULL,NULL,NULL,NULL,NULL,NULL,NULL,NULL,1,0,'80687266-6761-43a2-bd98-f42349a9bb63','2019-06-01 17:19:21','2019-06-01 17:19:21');
/*!40000 ALTER TABLE `users` ENABLE KEYS */;
UNLOCK TABLES;

--
-- Table structure for table `xmf_boxes_blocks`
--

DROP TABLE IF EXISTS `xmf_boxes_blocks`;
/*!40101 SET @saved_cs_client     = @@character_set_client */;
/*!40101 SET character_set_client = utf8 */;
CREATE TABLE `xmf_boxes_blocks` (
  `id` int(10) unsigned NOT NULL AUTO_INCREMENT,
  `nombre` text DEFAULT NULL,
  `descripcion` text DEFAULT NULL,
  `block` int(10) unsigned DEFAULT NULL,
  `created` datetime DEFAULT NULL,
  `modified` datetime DEFAULT NULL,
  PRIMARY KEY (`id`)
) ENGINE=InnoDB AUTO_INCREMENT=5 DEFAULT CHARSET=utf8mb4;
/*!40101 SET character_set_client = @saved_cs_client */;

--
-- Dumping data for table `xmf_boxes_blocks`
--

LOCK TABLES `xmf_boxes_blocks` WRITE;
/*!40000 ALTER TABLE `xmf_boxes_blocks` DISABLE KEYS */;
INSERT INTO `xmf_boxes_blocks` VALUES (1,'last_report','1st Coalitions',1,'2018-05-02 18:53:02','2018-05-02 18:53:02'),(2,'last_report','2nd',2,'2018-05-02 18:53:02','2018-05-02 18:53:02'),(3,'last_report','3rd',3,'2018-05-02 18:53:02','2018-05-02 18:53:02'),(4,'last_report','4th',4,'2018-05-02 18:53:02','2018-05-02 18:53:02');
/*!40000 ALTER TABLE `xmf_boxes_blocks` ENABLE KEYS */;
UNLOCK TABLES;

--
-- Table structure for table `xmf_boxes_orders`
--

DROP TABLE IF EXISTS `xmf_boxes_orders`;
/*!40101 SET @saved_cs_client     = @@character_set_client */;
/*!40101 SET character_set_client = utf8 */;
CREATE TABLE `xmf_boxes_orders` (
  `id` int(10) unsigned NOT NULL AUTO_INCREMENT,
  `name` text DEFAULT NULL,
  `formula` text DEFAULT NULL,
  `descripcion` text DEFAULT NULL,
  `xmf_partidos` int(10) unsigned DEFAULT NULL,
  `xmf_tipo_votaciones_id` int(10) unsigned DEFAULT NULL,
  `order` int(10) unsigned DEFAULT NULL,
  `partition` int(10) unsigned DEFAULT NULL,
  `xmf_boxes_blocks_id` int(10) unsigned DEFAULT NULL,
  `status` tinyint(1) NOT NULL DEFAULT 1,
  `created` datetime DEFAULT NULL,
  `modified` datetime DEFAULT NULL,
  PRIMARY KEY (`id`)
) ENGINE=InnoDB AUTO_INCREMENT=79 DEFAULT CHARSET=utf8mb4;
/*!40101 SET character_set_client = @saved_cs_client */;

--
-- Dumping data for table `xmf_boxes_orders`
--

LOCK TABLES `xmf_boxes_orders` WRITE;
/*!40000 ALTER TABLE `xmf_boxes_orders` DISABLE KEYS */;
INSERT INTO `xmf_boxes_orders` VALUES (1,'PAN-PRD-PES','','bloque-coaliciones',NULL,1,1,1,1,1,'2018-05-02 19:01:14','2018-05-02 19:01:14'),(2,'PRI-PVE-PANAL','','bloque-coaliciones',NULL,1,2,1,1,1,'2018-05-02 19:01:14','2018-05-02 19:01:14'),(3,'MORENA-PT-PVE','','bloque-coaliciones',NULL,1,3,1,1,1,'2018-05-02 19:01:14','2018-05-02 19:01:14'),(4,'Bronco','','bloque-coaliciones',NULL,1,4,1,1,1,'2018-05-02 19:01:14','2018-05-02 19:01:14'),(5,'Margarita Zavala','','bloque-coaliciones',NULL,1,5,2,1,1,'2018-05-02 19:01:14','2018-05-02 19:01:14'),(6,'No Registrados','','bloque-coaliciones',NULL,1,6,2,1,1,'2018-05-02 19:01:14','2018-05-02 19:01:14'),(7,'Votos Nulos','','bloque-coaliciones',NULL,1,7,2,1,1,'2018-05-02 19:01:14','2018-05-02 19:01:14'),(8,'PAN-PRD-PES','','bloque-coaliciones',NULL,2,1,1,1,1,'2018-05-02 19:01:14','2018-05-02 19:01:14'),(9,'PRI-PVE-PANAL','','bloque-coaliciones',NULL,2,2,1,1,1,'2018-05-02 19:01:14','2018-05-02 19:01:14'),(10,'MORENA-PT-PES','','bloque-coaliciones',NULL,2,3,1,1,1,'2018-05-02 19:01:14','2018-05-02 19:01:14'),(11,'Bronco','','bloque-coaliciones',NULL,2,4,1,1,1,'2018-05-02 19:01:14','2018-05-02 19:01:14'),(12,'Margarita Zavala','','bloque-coaliciones',NULL,2,5,2,1,1,'2018-05-02 19:01:14','2018-05-02 19:01:14'),(13,'No Registrados','','bloque-coaliciones',NULL,2,6,2,1,1,'2018-05-02 19:01:14','2018-05-02 19:01:14'),(14,'Votos Nulos','','bloque-coaliciones',NULL,2,7,2,1,1,'2018-05-02 19:01:14','2018-05-02 19:01:14'),(15,'PAN-PRD-PES','','bloque-coaliciones',NULL,3,1,1,1,1,'2018-05-02 19:01:14','2018-05-02 19:01:14'),(16,'PRI-PVE-PANAL','','bloque-coaliciones',NULL,3,2,1,1,1,'2018-05-02 19:01:14','2018-05-02 19:01:14'),(17,'MORENA-PT-PES','','bloque-coaliciones',NULL,3,3,1,1,1,'2018-05-02 19:01:14','2018-05-02 19:01:14'),(18,'Bronco','','bloque-coaliciones',NULL,3,4,1,1,1,'2018-05-02 19:01:14','2018-05-02 19:01:14'),(19,'Margarita Zavala','','bloque-coaliciones',NULL,3,5,2,1,1,'2018-05-02 19:01:14','2018-05-02 19:01:14'),(20,'No Registrados','','bloque-coaliciones',NULL,3,6,2,1,1,'2018-05-02 19:01:14','2018-05-02 19:01:14'),(21,'Votos Nulos','','bloque-coaliciones',NULL,3,7,2,1,1,'2018-05-02 19:01:14','2018-05-02 19:01:14'),(22,'PAN-PRD-PES','','bloque-coaliciones',NULL,4,1,1,1,1,'2018-05-02 19:01:14','2018-05-02 19:01:14'),(23,'PRI-PVE-PANAL','','bloque-coaliciones',NULL,4,2,1,1,1,'2018-05-02 19:01:14','2018-05-02 19:01:14'),(24,'MORENA-PT-VDE','','bloque-coaliciones',NULL,4,3,1,1,1,'2018-05-02 19:01:14','2018-05-02 19:01:14'),(25,'No Registrados','','bloque-coaliciones',NULL,4,6,2,1,1,'2018-05-02 19:01:14','2018-05-02 19:01:14'),(26,'Votos Nulos','','bloque-coaliciones',NULL,4,7,2,1,1,'2018-05-02 19:01:14','2018-05-02 19:01:14'),(27,'MORENA-PT','MORENA PT','only-coalition',NULL,1,3,NULL,2,0,'2018-05-02 19:01:24','2018-05-02 19:01:24'),(28,'MORENA-PT','MORENA PT','only-coalition',NULL,2,3,NULL,2,0,'2018-05-02 19:01:24','2018-05-02 19:01:24'),(29,'MORENA-PT','MORENA PT','only-coalition',NULL,3,3,NULL,2,0,'2018-05-02 19:01:24','2018-05-02 19:01:24'),(31,'MORENA-PT-VDE','MORENA VDE','only-coalition',NULL,1,1,NULL,2,1,'2018-05-02 19:01:24','2018-05-02 19:01:24'),(32,'MORENA-PT-PES','MORENA PES','only-coalition',NULL,2,1,NULL,2,1,'2018-05-02 19:01:24','2018-05-02 19:01:24'),(33,'MORENA-PT-PES','MORENA PES','only-coalition',NULL,3,1,NULL,2,1,'2018-05-02 19:01:24','2018-05-02 19:01:24'),(34,'MORENA-PT-VDE','MORENA VDE','only-coalition',NULL,4,1,NULL,2,1,'2018-05-02 19:01:24','2018-05-02 19:01:24'),(35,'MORENA-PT-VDE','MORENA VDE','only-coalition',NULL,1,2,NULL,2,1,'2018-05-02 19:01:24','2018-05-02 19:01:24'),(36,'MORENA-PT-PES','MORENA PT','only-coalition',NULL,2,2,NULL,2,1,'2018-05-02 19:01:24','2018-05-02 19:01:24'),(37,'MORENA-PT-PES','MORENA PT','only-coalition',NULL,3,2,NULL,2,1,'2018-05-02 19:01:24','2018-05-02 19:01:24'),(38,'MORENA-PT-VDE','MORENA PT','only-coalition',NULL,4,2,NULL,2,1,'2018-05-02 19:01:24','2018-05-02 19:01:24'),(39,'MORENA-PT-VDE','MORENA PT VDE','only-coalition',NULL,1,4,NULL,2,1,'2018-05-02 19:01:24','2018-05-02 19:01:24'),(40,'MORENA-PT-PES','MORENA PT PES','only-coalition',NULL,2,4,NULL,2,1,'2018-05-02 19:01:24','2018-05-02 19:01:24'),(41,'MORENA-PT-PES','MORENA PT PES','only-coalition',NULL,3,4,NULL,2,1,'2018-05-02 19:01:24','2018-05-02 19:01:24'),(42,'MORENA-PT-VDE','MORENA PT VDE','only-coalition',NULL,4,4,NULL,2,1,'2018-05-02 19:01:24','2018-05-02 19:01:24'),(43,'MORENA-PT-VDE','PT VDE','only-coalition',NULL,1,12,NULL,2,1,'2018-05-02 19:01:24','2018-05-02 19:01:24'),(44,'MORENA-PT-PES','PT PES','only-coalition',NULL,2,12,NULL,2,1,'2018-05-02 19:01:24','2018-05-02 19:01:24'),(45,'MORENA-PT-PES','PT PES','only-coalition',NULL,3,12,NULL,2,1,'2018-05-02 19:01:24','2018-05-02 19:01:24'),(46,'MORENA-PT-VDE','PT VDE','only-coalition',NULL,4,12,NULL,2,1,'2018-05-02 19:01:24','2018-05-02 19:01:24'),(47,'PAN-PRD-PES','PAN PES','only-coalition',NULL,1,5,NULL,2,1,'2018-05-02 19:01:24','2018-05-02 19:01:24'),(48,'PAN-PRD-PES','PAN PES','only-coalition',NULL,2,5,NULL,2,1,'2018-05-02 19:01:24','2018-05-02 19:01:24'),(49,'PAN-PRD-PES','PAN PES','only-coalition',NULL,3,5,NULL,2,1,'2018-05-02 19:01:24','2018-05-02 19:01:24'),(50,'PAN-PRD-PES','PAN PES','only-coalition',NULL,4,5,NULL,2,1,'2018-05-02 19:01:24','2018-05-02 19:01:24'),(51,'PAN-PRD-PES','PAN PRD','only-coalition',NULL,1,6,NULL,2,1,'2018-05-02 19:01:24','2018-05-02 19:01:24'),(52,'PAN-PRD-PES','PAN PRD','only-coalition',NULL,2,6,NULL,2,1,'2018-05-02 19:01:24','2018-05-02 19:01:24'),(53,'PAN-PRD-PES','PAN PRD','only-coalition',NULL,3,6,NULL,2,1,'2018-05-02 19:01:24','2018-05-02 19:01:24'),(54,'PAN-PRD-PES','PAN PRD','only-coalition',NULL,4,6,NULL,2,1,'2018-05-02 19:01:24','2018-05-02 19:01:24'),(55,'PAN-PRD-PES','PAN PRD PES','only-coalition',NULL,1,7,NULL,2,1,'2018-05-02 19:01:24','2018-05-02 19:01:24'),(56,'PAN-PRD-PES','PAN PRD PES','only-coalition',NULL,2,7,NULL,2,1,'2018-05-02 19:01:24','2018-05-02 19:01:24'),(57,'PAN-PRD-PES','PAN PRD PES','only-coalition',NULL,3,7,NULL,2,1,'2018-05-02 19:01:24','2018-05-02 19:01:24'),(58,'PAN-PRD-PES','PAN PRD PES','only-coalition',NULL,4,7,NULL,2,1,'2018-05-02 19:01:24','2018-05-02 19:01:24'),(59,'PAN-PRD-PES','PRD PES','only-coalition',NULL,1,8,NULL,2,1,'2018-05-02 19:01:24','2018-05-02 19:01:24'),(60,'PAN-PRD-PES','PRD PES','only-coalition',NULL,2,8,NULL,2,1,'2018-05-02 19:01:24','2018-05-02 19:01:24'),(61,'PAN-PRD-PES','PRD PES','only-coalition',NULL,3,8,NULL,2,1,'2018-05-02 19:01:24','2018-05-02 19:01:24'),(62,'PAN-PRD-PES','PRD PES','only-coalition',NULL,4,8,NULL,2,1,'2018-05-02 19:01:24','2018-05-02 19:01:24'),(63,'PRI-PVE-PANAL','PRI PANAL','only-coalition',NULL,1,9,NULL,2,1,'2018-05-02 19:01:24','2018-05-02 19:01:24'),(64,'PRI-PVE-PANAL','PRI PANAL','only-coalition',NULL,2,9,NULL,2,1,'2018-05-02 19:01:24','2018-05-02 19:01:24'),(65,'PRI-PVE-PANAL','PRI PANAL','only-coalition',NULL,3,9,NULL,2,1,'2018-05-02 19:01:24','2018-05-02 19:01:24'),(66,'PRI-PVE-PANAL','PRI PANAL','only-coalition',NULL,4,9,NULL,2,1,'2018-05-02 19:01:24','2018-05-02 19:01:24'),(67,'PRI-PVE-PANAL','PRI PVE','only-coalition',NULL,1,10,NULL,2,1,'2018-05-02 19:01:24','2018-05-02 19:01:24'),(68,'PRI-PVE-PANAL','PRI PVE','only-coalition',NULL,2,10,NULL,2,1,'2018-05-02 19:01:24','2018-05-02 19:01:24'),(69,'PRI-PVE-PANAL','PRI PVE','only-coalition',NULL,3,10,NULL,2,1,'2018-05-02 19:01:24','2018-05-02 19:01:24'),(70,'PRI-PVE-PANAL','PRI PVE','only-coalition',NULL,4,10,NULL,2,1,'2018-05-02 19:01:24','2018-05-02 19:01:24'),(71,'PRI-PVE-PANAL','PRI PVE PANAL','only-coalition',NULL,1,11,NULL,2,1,'2018-05-02 19:01:24','2018-05-02 19:01:24'),(72,'PRI-PVE-PANAL','PRI PVE PANAL','only-coalition',NULL,2,11,NULL,2,1,'2018-05-02 19:01:24','2018-05-02 19:01:24'),(73,'PRI-PVE-PANAL','PRI PVE PANAL','only-coalition',NULL,3,11,NULL,2,1,'2018-05-02 19:01:24','2018-05-02 19:01:24'),(74,'PRI-PVE-PANAL','PRI PVE PANAL','only-coalition',NULL,4,11,NULL,2,1,'2018-05-02 19:01:24','2018-05-02 19:01:24'),(75,'PRI-PVE-PANAL','PVE PANAL','only-coalition',NULL,1,13,NULL,2,1,'2018-05-02 19:01:24','2018-05-02 19:01:24'),(76,'PRI-PVE-PANAL','PVE PANAL','only-coalition',NULL,2,13,NULL,2,1,'2018-05-02 19:01:24','2018-05-02 19:01:24'),(77,'PRI-PVE-PANAL','PVE PANAL','only-coalition',NULL,3,13,NULL,2,1,'2018-05-02 19:01:24','2018-05-02 19:01:24'),(78,'PRI-PVE-PANAL','PVE PANAL','only-coalition',NULL,4,13,NULL,2,1,'2018-05-02 19:01:24','2018-05-02 19:01:24');
/*!40000 ALTER TABLE `xmf_boxes_orders` ENABLE KEYS */;
UNLOCK TABLES;

--
-- Table structure for table `xmf_casillas`
--

DROP TABLE IF EXISTS `xmf_casillas`;
/*!40101 SET @saved_cs_client     = @@character_set_client */;
/*!40101 SET character_set_client = utf8 */;
CREATE TABLE `xmf_casillas` (
  `id` int(10) unsigned NOT NULL AUTO_INCREMENT,
  `user_id` char(36) DEFAULT NULL,
  `rg_id` char(36) DEFAULT NULL,
  `name` char(50) NOT NULL,
  `description` char(150) NOT NULL,
  `municipio` text DEFAULT NULL,
  `seccion` text DEFAULT NULL,
  `clave_agrupamiento` char(2) DEFAULT NULL,
  `tipo_casilla` text DEFAULT NULL,
  `urbana` text DEFAULT NULL,
  `distrito` text DEFAULT NULL,
  `locacion` text DEFAULT NULL,
  `hora_presencia` time DEFAULT NULL,
  `hora_instalacion` time DEFAULT NULL,
  `hora_inicio` time DEFAULT NULL,
  `hora_cierre` time DEFAULT NULL,
  `created` datetime DEFAULT NULL,
  `modified` datetime DEFAULT NULL,
  `lugar_indicado` tinyint(1) DEFAULT NULL,
  `gente_fila` tinyint(1) DEFAULT NULL,
  `status` char(1) DEFAULT NULL,
  `reporte` int(11) DEFAULT NULL,
  `nombres_fila` text DEFAULT NULL,
  `abogado_casilla` text DEFAULT NULL,
  `rg_casilla` text DEFAULT NULL,
  `rg_telefono` text DEFAULT NULL,
  `rc_telefono` text DEFAULT NULL,
  PRIMARY KEY (`id`),
  UNIQUE KEY `name` (`name`)
) ENGINE=InnoDB AUTO_INCREMENT=459 DEFAULT CHARSET=utf8mb4;
/*!40101 SET character_set_client = @saved_cs_client */;

--
-- Dumping data for table `xmf_casillas`
--

LOCK TABLES `xmf_casillas` WRITE;
/*!40000 ALTER TABLE `xmf_casillas` DISABLE KEYS */;
INSERT INTO `xmf_casillas` VALUES (3,'qj47sew-b07b-i3xl-0evz',NULL,'MERIDA 1','MERIDA 1',NULL,NULL,NULL,NULL,NULL,NULL,NULL,NULL,NULL,NULL,NULL,NULL,NULL,NULL,NULL,NULL,NULL,NULL,NULL,'9999473556','9999473556','9999473556'),(4,'bzi2ijr-tlh9-wk39-jvg7',NULL,'MERIDA 2','MERIDA 2',NULL,NULL,NULL,NULL,NULL,NULL,NULL,NULL,NULL,NULL,NULL,NULL,NULL,NULL,NULL,NULL,NULL,NULL,NULL,'','',''),(5,'vyctv40-itm3-kq18-5rxd',NULL,'MERIDA 3','MERIDA 3',NULL,NULL,NULL,NULL,NULL,NULL,NULL,NULL,NULL,NULL,NULL,NULL,NULL,NULL,NULL,NULL,NULL,NULL,NULL,'','',''),(6,'bkjcwj6-l8f8-vk54-9fdx',NULL,'MERIDA 4','MERIDA 4',NULL,NULL,NULL,NULL,NULL,NULL,NULL,NULL,NULL,NULL,NULL,NULL,NULL,NULL,NULL,NULL,NULL,NULL,NULL,'','',''),(7,'iwq6nd3-roh1-lo7s-2xwj',NULL,'MERIDA 5','MERIDA 5',NULL,NULL,NULL,NULL,NULL,NULL,NULL,NULL,NULL,NULL,NULL,NULL,NULL,NULL,NULL,NULL,NULL,NULL,NULL,'','',''),(8,'ewd2wjo-8874-e8a3-bny9',NULL,'MERIDA 7','MERIDA 7',NULL,NULL,NULL,NULL,NULL,NULL,NULL,NULL,NULL,NULL,NULL,NULL,NULL,NULL,NULL,NULL,NULL,NULL,NULL,'','',''),(9,'gkumiae-q9ip-bvbq-z2w0',NULL,'ABALA','ABALA',NULL,NULL,NULL,NULL,NULL,NULL,NULL,NULL,NULL,NULL,NULL,NULL,NULL,NULL,NULL,NULL,NULL,NULL,NULL,'9993701867','9993701867','9993701867'),(10,'zldzmkh-r911-5liy-25r2',NULL,'ACANCEH','ACANCEH',NULL,NULL,NULL,NULL,NULL,NULL,NULL,NULL,NULL,NULL,NULL,NULL,NULL,NULL,NULL,NULL,NULL,NULL,NULL,'9999044897','9999044897','9999044897'),(11,'qcqk8no-p14g-4idv-04jr',NULL,'AKIL','AKIL',NULL,NULL,NULL,NULL,NULL,NULL,NULL,NULL,NULL,NULL,NULL,NULL,NULL,NULL,NULL,NULL,NULL,NULL,NULL,'9971085406','9971085406','9971085406'),(12,'oovxmfh-b0eu-eig2-vqfx',NULL,'BACA','BACA',NULL,NULL,NULL,NULL,NULL,NULL,NULL,NULL,NULL,NULL,NULL,NULL,NULL,NULL,NULL,NULL,NULL,NULL,NULL,'9997431900','9997431900','9997431900'),(13,'1vlxzpa-3twz-pdj6-ik0e',NULL,'BOKOBA','BOKOBA',NULL,NULL,NULL,NULL,NULL,NULL,NULL,NULL,NULL,NULL,NULL,NULL,NULL,NULL,NULL,NULL,NULL,NULL,NULL,'9991770413','9991770413','9991770413'),(14,'vy1jg07-su8j-n9dc-lib6',NULL,'BUCTZOTZ','BUCTZOTZ',NULL,NULL,NULL,NULL,NULL,NULL,NULL,NULL,NULL,NULL,NULL,NULL,NULL,NULL,NULL,NULL,NULL,NULL,NULL,'9861034046','9861034046','9861034046'),(15,'5xxrbb5-66p4-27ih-gsp9',NULL,'CACALCHEN','CACALCHEN',NULL,NULL,NULL,NULL,NULL,NULL,NULL,NULL,NULL,NULL,NULL,NULL,NULL,NULL,NULL,NULL,NULL,NULL,NULL,'9993667703','9993667703','9993667703'),(16,'yb0c8lx-xktb-1d10-3xu8',NULL,'CALOTMUL','CALOTMUL',NULL,NULL,NULL,NULL,NULL,NULL,NULL,NULL,NULL,NULL,NULL,NULL,NULL,NULL,NULL,NULL,NULL,NULL,NULL,'9991084809','9991084809','9991084809'),(17,'29rs9gg-77wp-7498-m76y',NULL,'CANSAHCAB','CANSAHCAB',NULL,NULL,NULL,NULL,NULL,NULL,NULL,NULL,NULL,NULL,NULL,NULL,NULL,NULL,NULL,NULL,NULL,NULL,NULL,'9991843469','9991843469','9991843469'),(18,'e4zd0hd-ilp9-s82n-oe1v',NULL,'CANTAMAYEC','CANTAMAYEC',NULL,NULL,NULL,NULL,NULL,NULL,NULL,NULL,NULL,NULL,NULL,NULL,NULL,NULL,NULL,NULL,NULL,NULL,NULL,'9997380121','9997380121','9997380121'),(19,'unqlmlf-ecsb-j0ot-sink',NULL,'CELESTUN','CELESTUN',NULL,NULL,NULL,NULL,NULL,NULL,NULL,NULL,NULL,NULL,NULL,NULL,NULL,NULL,NULL,NULL,NULL,NULL,NULL,'9993669055','9993669055','9993669055'),(20,'muauee3-0jpe-igk4-y9k6',NULL,'CENOTILLO','CENOTILLO',NULL,NULL,NULL,NULL,NULL,NULL,NULL,NULL,NULL,NULL,NULL,NULL,NULL,NULL,NULL,NULL,NULL,NULL,NULL,'9889676219','9889676219','9889676219'),(21,'qndsc62-obgq-ua01-kvlt',NULL,'CHACSINKIN','CHACSINKIN',NULL,NULL,NULL,NULL,NULL,NULL,NULL,NULL,NULL,NULL,NULL,NULL,NULL,NULL,NULL,NULL,NULL,NULL,NULL,'9971036995','9971036995','9971036995'),(22,'titkhpy-pm7i-nhts-jynj',NULL,'CHANKOM','CHANKOM',NULL,NULL,NULL,NULL,NULL,NULL,NULL,NULL,NULL,NULL,NULL,NULL,NULL,NULL,NULL,NULL,NULL,NULL,NULL,'9851061563','9851061563','9851061563'),(23,'5kw6noe-mh8n-qgxt-oin7',NULL,'CHAPAB','CHAPAB',NULL,NULL,NULL,NULL,NULL,NULL,NULL,NULL,NULL,NULL,NULL,NULL,NULL,NULL,NULL,NULL,NULL,NULL,NULL,'9996358601','9996358601','9996358601'),(24,'63pdnqr-2urt-4vno-a7s8',NULL,'CHEMAX','CHEMAX',NULL,NULL,NULL,NULL,NULL,NULL,NULL,NULL,NULL,NULL,NULL,NULL,NULL,NULL,NULL,NULL,NULL,NULL,NULL,'9858580843','9858580843','9858580843'),(25,'7retu4s-ljpo-82vw-ba6p',NULL,'CHICHIMILA','CHICHIMILA',NULL,NULL,NULL,NULL,NULL,NULL,NULL,NULL,NULL,NULL,NULL,NULL,NULL,NULL,NULL,NULL,NULL,NULL,NULL,'9851082979','9851082979','9851082979'),(26,'4wdixkf-3w63-aedm-xqn9',NULL,'CHICXULUB PUEBLO','CHICXULUB PUEBLO',NULL,NULL,NULL,NULL,NULL,NULL,NULL,NULL,NULL,NULL,NULL,NULL,NULL,NULL,NULL,NULL,NULL,NULL,NULL,'9999078350','9999078350','9999078350'),(27,'ggcgvjw-yndz-d75s-f4fs',NULL,'CHIKINDZONOT','CHIKINDZONOT',NULL,NULL,NULL,NULL,NULL,NULL,NULL,NULL,NULL,NULL,NULL,NULL,NULL,NULL,NULL,NULL,NULL,NULL,NULL,'9979774031','9979774031','9979774031'),(28,'nic2u4d-3lrg-qzco-6ybz',NULL,'CHOCHOLA','CHOCHOLA',NULL,NULL,NULL,NULL,NULL,NULL,NULL,NULL,NULL,NULL,NULL,NULL,NULL,NULL,NULL,NULL,NULL,NULL,NULL,'9992686828','9992686828','9992686828'),(29,'hssfake-u71k-3b27-92lq',NULL,'CHUMAYEL','CHUMAYEL',NULL,NULL,NULL,NULL,NULL,NULL,NULL,NULL,NULL,NULL,NULL,NULL,NULL,NULL,NULL,NULL,NULL,NULL,NULL,'9991444262','9991444262','9991444262'),(30,'yh62okh-dnmg-1yve-1io1',NULL,'CONKAL','CONKAL',NULL,NULL,NULL,NULL,NULL,NULL,NULL,NULL,NULL,NULL,NULL,NULL,NULL,NULL,NULL,NULL,NULL,NULL,NULL,'9995937636','9995937636','9995937636'),(31,'ffcb08g-n1ks-8a76-03tw',NULL,'CUNCUNUL','CUNCUNUL',NULL,NULL,NULL,NULL,NULL,NULL,NULL,NULL,NULL,NULL,NULL,NULL,NULL,NULL,NULL,NULL,NULL,NULL,NULL,'9855934998','9855934998','9855934998'),(32,'9kma1hu-tznl-6vp4-l2y1',NULL,'CUZAMA','CUZAMA',NULL,NULL,NULL,NULL,NULL,NULL,NULL,NULL,NULL,NULL,NULL,NULL,NULL,NULL,NULL,NULL,NULL,NULL,NULL,'9992423527','9992423527','9992423527'),(33,'i2b5too-otij-xzou-vgnu',NULL,'DZAN','DZAN',NULL,NULL,NULL,NULL,NULL,NULL,NULL,NULL,NULL,NULL,NULL,NULL,NULL,NULL,NULL,NULL,NULL,NULL,NULL,'9971232716','9971232716','9971232716'),(34,'j1zyymj-uh63-4max-e7cl',NULL,'DZEMUL','DZEMUL',NULL,NULL,NULL,NULL,NULL,NULL,NULL,NULL,NULL,NULL,NULL,NULL,NULL,NULL,NULL,NULL,NULL,NULL,NULL,'9992383118','9992383118','9992383118'),(35,'q2eh2be-iw2g-lrqk-zxib',NULL,'DZIDZANTUN','DZIDZANTUN',NULL,NULL,NULL,NULL,NULL,NULL,NULL,NULL,NULL,NULL,NULL,NULL,NULL,NULL,NULL,NULL,NULL,NULL,NULL,'9991636131','9991636131','9991636131'),(36,'6orlarq-q59g-oobz-ec4q',NULL,'DZILAM DE BRAVO','DZILAM DE BRAVO',NULL,NULL,NULL,NULL,NULL,NULL,NULL,NULL,NULL,NULL,NULL,NULL,NULL,NULL,NULL,NULL,NULL,NULL,NULL,'9999100299','9999100299','9999100299'),(37,'nneriki-9ixd-mkg2-wnic',NULL,'DZILAM GONZALEZ','DZILAM GONZALEZ',NULL,NULL,NULL,NULL,NULL,NULL,NULL,NULL,NULL,NULL,NULL,NULL,NULL,NULL,NULL,NULL,NULL,NULL,NULL,'9919597107','9919597107','9919597107'),(38,'63pnxkl-5xg2-lstu-h0hs',NULL,'DZITAS','DZITAS',NULL,NULL,NULL,NULL,NULL,NULL,NULL,NULL,NULL,NULL,NULL,NULL,NULL,NULL,NULL,NULL,NULL,NULL,NULL,'9911050856','9911050856','9911050856'),(39,'ujoh597-ozap-3ru9-luho',NULL,'DZONCAUICH','DZONCAUICH',NULL,NULL,NULL,NULL,NULL,NULL,NULL,NULL,NULL,NULL,NULL,NULL,NULL,NULL,NULL,NULL,NULL,NULL,NULL,'9992424234','9992424234','9992424234'),(40,'3hxjccw-ilul-e8i6-r1em',NULL,'ESPITA','ESPITA',NULL,NULL,NULL,NULL,NULL,NULL,NULL,NULL,NULL,NULL,NULL,NULL,NULL,NULL,NULL,NULL,NULL,NULL,NULL,'9868663080','9868663080','9868663080'),(41,'sxs2ye2-zvvb-f1o4-n8du',NULL,'HALACHO','HALACHO',NULL,NULL,NULL,NULL,NULL,NULL,NULL,NULL,NULL,NULL,NULL,NULL,NULL,NULL,NULL,NULL,NULL,NULL,NULL,'9991007388','9991007388','9991007388'),(42,'x6iyaca-8yag-k4vx-yl34',NULL,'HOCABA','HOCABA',NULL,NULL,NULL,NULL,NULL,NULL,NULL,NULL,NULL,NULL,NULL,NULL,NULL,NULL,NULL,NULL,NULL,NULL,NULL,'9997432387','9997432387','9997432387'),(43,'v5am4e4-75j2-bub9-4xkv',NULL,'HOCTUN','HOCTUN',NULL,NULL,NULL,NULL,NULL,NULL,NULL,NULL,NULL,NULL,NULL,NULL,NULL,NULL,NULL,NULL,NULL,NULL,NULL,'9889665352','9889665352','9889665352'),(44,'xrzvjfu-zqbt-qks8-2sp9',NULL,'HOMUN','HOMUN',NULL,NULL,NULL,NULL,NULL,NULL,NULL,NULL,NULL,NULL,NULL,NULL,NULL,NULL,NULL,NULL,NULL,NULL,NULL,'9992424772','9992424772','9992424772'),(45,'o4zuif0-fbxy-j4h6-n8om',NULL,'HUHI','HUHI',NULL,NULL,NULL,NULL,NULL,NULL,NULL,NULL,NULL,NULL,NULL,NULL,NULL,NULL,NULL,NULL,NULL,NULL,NULL,'9999700612','9999700612','9999700612'),(46,'rozlczs-yixl-62tz-bser',NULL,'HUNUCMA','HUNUCMA',NULL,NULL,NULL,NULL,NULL,NULL,NULL,NULL,NULL,NULL,NULL,NULL,NULL,NULL,NULL,NULL,NULL,NULL,NULL,'9991576411','9991576411','9991576411'),(47,'1fo8879-q3rn-v1c0-okfe',NULL,'IXIL','IXIL',NULL,NULL,NULL,NULL,NULL,NULL,NULL,NULL,NULL,NULL,NULL,NULL,NULL,NULL,NULL,NULL,NULL,NULL,NULL,'9991842210','9991842210','9991842210'),(48,'3s05exy-0sxg-12vw-g7hi',NULL,'IZAMAL','IZAMAL',NULL,NULL,NULL,NULL,NULL,NULL,NULL,NULL,NULL,NULL,NULL,NULL,NULL,NULL,NULL,NULL,NULL,NULL,NULL,'9993319312/ 9991273347','9993319312/ 9991273347','9999472474'),(49,'rhqekfi-07ag-yjnj-24ab',NULL,'KANASIN','KANASIN',NULL,NULL,NULL,NULL,NULL,NULL,NULL,NULL,NULL,NULL,NULL,NULL,NULL,NULL,NULL,NULL,NULL,NULL,NULL,'9999580770','9999580770','9999580770'),(50,'2k3q3s1-1t6o-xdwk-fcmx',NULL,'KANTUNIL','KANTUNIL',NULL,NULL,NULL,NULL,NULL,NULL,NULL,NULL,NULL,NULL,NULL,NULL,NULL,NULL,NULL,NULL,NULL,NULL,NULL,'9995767587','9995767587','9995767587'),(51,'cea45lb-27f3-v6xn-fivv',NULL,'KAUA','KAUA',NULL,NULL,NULL,NULL,NULL,NULL,NULL,NULL,NULL,NULL,NULL,NULL,NULL,NULL,NULL,NULL,NULL,NULL,NULL,'9991419786','9991419786','9991419786'),(52,'poaxk06-c89g-5j95-b29m',NULL,'KINCHIL','KINCHIL',NULL,NULL,NULL,NULL,NULL,NULL,NULL,NULL,NULL,NULL,NULL,NULL,NULL,NULL,NULL,NULL,NULL,NULL,NULL,'9992717887','9992717887','9992717887'),(53,'8v8zad6-vhvr-ln4u-3uph',NULL,'KOPOMA','KOPOMA',NULL,NULL,NULL,NULL,NULL,NULL,NULL,NULL,NULL,NULL,NULL,NULL,NULL,NULL,NULL,NULL,NULL,NULL,NULL,'9991841008','9991841008','9991841008'),(54,'9wpl6wi-ru8v-tnlj-7xqn',NULL,'MAMA','MAMA',NULL,NULL,NULL,NULL,NULL,NULL,NULL,NULL,NULL,NULL,NULL,NULL,NULL,NULL,NULL,NULL,NULL,NULL,NULL,'9979770064','9979770064','9979770064'),(55,'puswd0o-4q2t-1vaq-wf1x',NULL,'MANI','MANI',NULL,NULL,NULL,NULL,NULL,NULL,NULL,NULL,NULL,NULL,NULL,NULL,NULL,NULL,NULL,NULL,NULL,NULL,NULL,'9991407599','9991407599','9991407599'),(56,'y75mu9y-jlbk-f7o2-gijm',NULL,'MAXCANU','MAXCANU',NULL,NULL,NULL,NULL,NULL,NULL,NULL,NULL,NULL,NULL,NULL,NULL,NULL,NULL,NULL,NULL,NULL,NULL,NULL,'9991837842','9991837842','9991837842'),(57,'0sdogba-7p1s-3ygq-xzkh',NULL,'MAYAPAN','MAYAPAN',NULL,NULL,NULL,NULL,NULL,NULL,NULL,NULL,NULL,NULL,NULL,NULL,NULL,NULL,NULL,NULL,NULL,NULL,NULL,'9971214057','9971214057','9971214057'),(58,'ynml445-dyjq-ckjg-kr92',NULL,'MOCOCHA','MOCOCHA',NULL,NULL,NULL,NULL,NULL,NULL,NULL,NULL,NULL,NULL,NULL,NULL,NULL,NULL,NULL,NULL,NULL,NULL,NULL,'9992714070','9992714070','9992714070'),(59,'h7adt3q-85jk-bp8f-n6z8',NULL,'MOTUL','MOTUL',NULL,NULL,NULL,NULL,NULL,NULL,NULL,NULL,NULL,NULL,NULL,NULL,NULL,NULL,NULL,NULL,NULL,NULL,NULL,'9991273965','9991273965','9991575844'),(60,'15snxuw-xhba-21tc-yfvd',NULL,'MUNA','MUNA',NULL,NULL,NULL,NULL,NULL,NULL,NULL,NULL,NULL,NULL,NULL,NULL,NULL,NULL,NULL,NULL,NULL,NULL,NULL,'9995754853','9995754853','9995754853'),(61,'scyqd81-zn47-gjuf-v3yv',NULL,'MUXUPIP','MUXUPIP',NULL,NULL,NULL,NULL,NULL,NULL,NULL,NULL,NULL,NULL,NULL,NULL,NULL,NULL,NULL,NULL,NULL,NULL,NULL,'9991712505','9991712505','9991712505'),(62,'wp39oqb-niub-e2ij-dz3d',NULL,'OPICHEN','OPICHEN',NULL,NULL,NULL,NULL,NULL,NULL,NULL,NULL,NULL,NULL,NULL,NULL,NULL,NULL,NULL,NULL,NULL,NULL,NULL,'9979775001','9979775001','9979775001'),(63,'5ownz3l-8jo9-46z6-g9vx',NULL,'OXKUTZCAB','OXKUTZCAB',NULL,NULL,NULL,NULL,NULL,NULL,NULL,NULL,NULL,NULL,NULL,NULL,NULL,NULL,NULL,NULL,NULL,NULL,NULL,'9971022900','9971022900','9979774059'),(64,'d8flqcp-fnr0-q4f5-07d2',NULL,'PANABA','PANABA',NULL,NULL,NULL,NULL,NULL,NULL,NULL,NULL,NULL,NULL,NULL,NULL,NULL,NULL,NULL,NULL,NULL,NULL,NULL,'9861036448','9861036448','9861036448'),(65,'68fqnl4-lybn-7frr-lacg',NULL,'PETO','PETO',NULL,NULL,NULL,NULL,NULL,NULL,NULL,NULL,NULL,NULL,NULL,NULL,NULL,NULL,NULL,NULL,NULL,NULL,NULL,'9971005621','9971005621','9971005621'),(66,'u8ga1f1-wdmo-tyq5-ivb3',NULL,'PROGRESO','PROGRESO',NULL,NULL,NULL,NULL,NULL,NULL,NULL,NULL,NULL,NULL,NULL,NULL,NULL,NULL,NULL,NULL,NULL,NULL,NULL,'9991296531','9991296531','9991296531'),(67,'lslm2ju-x6ok-iihz-8ll9',NULL,'QUINTANA ROO','QUINTANA ROO',NULL,NULL,NULL,NULL,NULL,NULL,NULL,NULL,NULL,NULL,NULL,NULL,NULL,NULL,NULL,NULL,NULL,NULL,NULL,'9858521568','9858521568','9858521568'),(68,'amm9pkj-jy21-90x4-s95r',NULL,'RIO LAGARTOS','RIO LAGARTOS',NULL,NULL,NULL,NULL,NULL,NULL,NULL,NULL,NULL,NULL,NULL,NULL,NULL,NULL,NULL,NULL,NULL,NULL,NULL,'9861064195','9861064195','9861064195'),(69,'3xhdb0t-72an-l8n7-rfol',NULL,'SACALUM','SACALUM',NULL,NULL,NULL,NULL,NULL,NULL,NULL,NULL,NULL,NULL,NULL,NULL,NULL,NULL,NULL,NULL,NULL,NULL,NULL,'9971074290','9971074290','9971074290'),(70,'zd8ngvo-r0x7-olp7-i0bw',NULL,'SAMAHIL','SAMAHIL',NULL,NULL,NULL,NULL,NULL,NULL,NULL,NULL,NULL,NULL,NULL,NULL,NULL,NULL,NULL,NULL,NULL,NULL,NULL,'9992288039','9992288039','9992288039'),(71,'ksc48jm-17s7-h5t1-5q6u',NULL,'SAN FELIPE','SAN FELIPE',NULL,NULL,NULL,NULL,NULL,NULL,NULL,NULL,NULL,NULL,NULL,NULL,NULL,NULL,NULL,NULL,NULL,NULL,NULL,'9992716006','9992716006','9992716006'),(72,'g0qtwp9-sguw-wefb-ven9',NULL,'SANAHCAT','SANAHCAT',NULL,NULL,NULL,NULL,NULL,NULL,NULL,NULL,NULL,NULL,NULL,NULL,NULL,NULL,NULL,NULL,NULL,NULL,NULL,'9991999486','9991999486','9991999486'),(73,'e292af8-sdkj-0fhz-8gbt',NULL,'SANTA ELENA','SANTA ELENA',NULL,NULL,NULL,NULL,NULL,NULL,NULL,NULL,NULL,NULL,NULL,NULL,NULL,NULL,NULL,NULL,NULL,NULL,NULL,'9971087226','9971087226','9971087226'),(74,'k3kyzrn-023k-1nn9-vci6',NULL,'SEYE','SEYE',NULL,NULL,NULL,NULL,NULL,NULL,NULL,NULL,NULL,NULL,NULL,NULL,NULL,NULL,NULL,NULL,NULL,NULL,NULL,'9999561611','9999561611','9999561611'),(75,'yv3dw85-7dxz-fuoy-a57a',NULL,'SINANCHE','SINANCHE',NULL,NULL,NULL,NULL,NULL,NULL,NULL,NULL,NULL,NULL,NULL,NULL,NULL,NULL,NULL,NULL,NULL,NULL,NULL,'9997389683','9997389683','9997389683'),(76,'zvoqser-58mr-it0v-yycu',NULL,'SOTUTA','SOTUTA',NULL,NULL,NULL,NULL,NULL,NULL,NULL,NULL,NULL,NULL,NULL,NULL,NULL,NULL,NULL,NULL,NULL,NULL,NULL,'9991442080','9991442080','9991442080'),(77,'k1dldt0-gflz-66u7-szs7',NULL,'SUCILA','SUCILA',NULL,NULL,NULL,NULL,NULL,NULL,NULL,NULL,NULL,NULL,NULL,NULL,NULL,NULL,NULL,NULL,NULL,NULL,NULL,'9999071169','9999071169','9999071169'),(78,'ugyerse-zom5-vbzv-bsqe',NULL,'SUDZAL','SUDZAL',NULL,NULL,NULL,NULL,NULL,NULL,NULL,NULL,NULL,NULL,NULL,NULL,NULL,NULL,NULL,NULL,NULL,NULL,NULL,'9992574784','9992574784','9992574784'),(79,'fup2l55-zfhg-2tqj-kes6',NULL,'SUMA DE HIDALGO','SUMA DE HIDALGO',NULL,NULL,NULL,NULL,NULL,NULL,NULL,NULL,NULL,NULL,NULL,NULL,NULL,NULL,NULL,NULL,NULL,NULL,NULL,'9999479165','9999479165','9999479165'),(80,'r26sh0j-q3pd-93yx-2yhh',NULL,'TAHDZIU','TAHDZIU',NULL,NULL,NULL,NULL,NULL,NULL,NULL,NULL,NULL,NULL,NULL,NULL,NULL,NULL,NULL,NULL,NULL,NULL,NULL,'9971100376','9971100376','9971100376'),(81,'gmj33i4-1n9q-g80s-3bgu',NULL,'TAHMEK','TAHMEK',NULL,NULL,NULL,NULL,NULL,NULL,NULL,NULL,NULL,NULL,NULL,NULL,NULL,NULL,NULL,NULL,NULL,NULL,NULL,'9997389860','9997389860','9997389860'),(82,'1ifzz6l-nnm7-xzw5-a7yr',NULL,'TEABO','TEABO',NULL,NULL,NULL,NULL,NULL,NULL,NULL,NULL,NULL,NULL,NULL,NULL,NULL,NULL,NULL,NULL,NULL,NULL,NULL,'9991327026','9991327026','9991327026'),(83,'55o49q1-xpc2-8epu-0s4r',NULL,'TECOH','TECOH',NULL,NULL,NULL,NULL,NULL,NULL,NULL,NULL,NULL,NULL,NULL,NULL,NULL,NULL,NULL,NULL,NULL,NULL,NULL,'9992223314','9992223314','9992223314'),(84,'6n74wnu-w5ov-m48j-5umy',NULL,'TEKAL DE VENEGAS','TEKAL DE VENEGAS',NULL,NULL,NULL,NULL,NULL,NULL,NULL,NULL,NULL,NULL,NULL,NULL,NULL,NULL,NULL,NULL,NULL,NULL,NULL,'9997432492','9997432492','9997432492'),(85,'0o0k18r-63wr-p5r8-qgp1',NULL,'TEKANTO','TEKANTO',NULL,NULL,NULL,NULL,NULL,NULL,NULL,NULL,NULL,NULL,NULL,NULL,NULL,NULL,NULL,NULL,NULL,NULL,NULL,'9992278350','9992278350','9992278350'),(86,'5b86pt3-fa3t-khua-6r6g',NULL,'TEKAX','TEKAX',NULL,NULL,NULL,NULL,NULL,NULL,NULL,NULL,NULL,NULL,NULL,NULL,NULL,NULL,NULL,NULL,NULL,NULL,NULL,'9971006736','9971006736','9971006736'),(87,'aksatd3-aebm-uvbi-asqd',NULL,'TEKIT','TEKIT',NULL,NULL,NULL,NULL,NULL,NULL,NULL,NULL,NULL,NULL,NULL,NULL,NULL,NULL,NULL,NULL,NULL,NULL,NULL,'9992192723','9992192723','9992192723'),(88,'hsvvs6s-065k-o0hc-oifc',NULL,'TEKOM','TEKOM',NULL,NULL,NULL,NULL,NULL,NULL,NULL,NULL,NULL,NULL,NULL,NULL,NULL,NULL,NULL,NULL,NULL,NULL,NULL,'985119039','985119039','985119039'),(89,'9wu34ht-2fzo-t99f-n8rs',NULL,'TELCHAC PUEBLO','TELCHAC PUEBLO',NULL,NULL,NULL,NULL,NULL,NULL,NULL,NULL,NULL,NULL,NULL,NULL,NULL,NULL,NULL,NULL,NULL,NULL,NULL,'9991724090','9991724090','9993880671'),(90,'v6x4un3-3gi9-en2h-n8ek',NULL,'TELCHAC PUERTO','TELCHAC PUERTO',NULL,NULL,NULL,NULL,NULL,NULL,NULL,NULL,NULL,NULL,NULL,NULL,NULL,NULL,NULL,NULL,NULL,NULL,NULL,'9995021653','9995021653','9995021653'),(91,'xcx2nus-waxh-17pk-5330',NULL,'TEMAX','TEMAX',NULL,NULL,NULL,NULL,NULL,NULL,NULL,NULL,NULL,NULL,NULL,NULL,NULL,NULL,NULL,NULL,NULL,NULL,NULL,'9992009647','9992009647','9992009647'),(92,'uecdl4f-shvt-3elb-zw2q',NULL,'TEMOZON','TEMOZON',NULL,NULL,NULL,NULL,NULL,NULL,NULL,NULL,NULL,NULL,NULL,NULL,NULL,NULL,NULL,NULL,NULL,NULL,NULL,'9991515234','9991515234','9991515234'),(93,'ehoaf8m-zvxg-ryi5-vsif',NULL,'TEPAKAN','TEPAKAN',NULL,NULL,NULL,NULL,NULL,NULL,NULL,NULL,NULL,NULL,NULL,NULL,NULL,NULL,NULL,NULL,NULL,NULL,NULL,'9993501883','9993501883','9993501883'),(94,'dpo7l7b-4pdz-exro-376s',NULL,'TETIZ','TETIZ',NULL,NULL,NULL,NULL,NULL,NULL,NULL,NULL,NULL,NULL,NULL,NULL,NULL,NULL,NULL,NULL,NULL,NULL,NULL,'9991360755','9991360755','9991360755'),(95,'za3m1y2-6y6r-4n7n-50fz',NULL,'TEYA','TEYA',NULL,NULL,NULL,NULL,NULL,NULL,NULL,NULL,NULL,NULL,NULL,NULL,NULL,NULL,NULL,NULL,NULL,NULL,NULL,'9991656465','9991656465','9991656465'),(96,'xlxbm7n-nc5n-5de9-pcqu',NULL,'TICUL','TICUL',NULL,NULL,NULL,NULL,NULL,NULL,NULL,NULL,NULL,NULL,NULL,NULL,NULL,NULL,NULL,NULL,NULL,NULL,NULL,'9992713540','9992713540','9992713540'),(97,'ytngy8h-qyf8-u22y-dmdt',NULL,'TIMUCUY','TIMUCUY',NULL,NULL,NULL,NULL,NULL,NULL,NULL,NULL,NULL,NULL,NULL,NULL,NULL,NULL,NULL,NULL,NULL,NULL,NULL,'9992367988','9992367988','9992367988'),(98,'oqb8m2u-tsud-ekd0-65ly',NULL,'TINUM','TINUM',NULL,NULL,NULL,NULL,NULL,NULL,NULL,NULL,NULL,NULL,NULL,NULL,NULL,NULL,NULL,NULL,NULL,NULL,NULL,'9992587728','9992587728','9997387930'),(99,'i7mp5o5-g4c2-h14j-2w0o',NULL,'TIXCACALCUPUL','TIXCACALCUPUL',NULL,NULL,NULL,NULL,NULL,NULL,NULL,NULL,NULL,NULL,NULL,NULL,NULL,NULL,NULL,NULL,NULL,NULL,NULL,'9851021386','9851021386','9851021386'),(100,'o5inbsz-jb82-pdpz-751b',NULL,'TIXKOKOB','TIXKOKOB',NULL,NULL,NULL,NULL,NULL,NULL,NULL,NULL,NULL,NULL,NULL,NULL,NULL,NULL,NULL,NULL,NULL,NULL,NULL,'9999472953','9999472953','9999472953'),(101,'pabzooi-zw8g-sqmj-j9zs',NULL,'TIXMEHUAC','TIXMEHUAC',NULL,NULL,NULL,NULL,NULL,NULL,NULL,NULL,NULL,NULL,NULL,NULL,NULL,NULL,NULL,NULL,NULL,NULL,NULL,'9971424407','9971424407','9971424407'),(102,'9l0vmey-djcx-hoyq-107p',NULL,'TIXPEHUAL','TIXPEHUAL',NULL,NULL,NULL,NULL,NULL,NULL,NULL,NULL,NULL,NULL,NULL,NULL,NULL,NULL,NULL,NULL,NULL,NULL,NULL,'9993356769','9993356769','9993356769'),(103,'62aadig-0au2-tf5u-zwtt',NULL,'TIZIMIN','TIZIMIN',NULL,NULL,NULL,NULL,NULL,NULL,NULL,NULL,NULL,NULL,NULL,NULL,NULL,NULL,NULL,NULL,NULL,NULL,NULL,'9999699841','9999699841','9999699841'),(104,'7wvi7zo-6a4f-dsxk-pt3z',NULL,'TUNKAS','TUNKAS',NULL,NULL,NULL,NULL,NULL,NULL,NULL,NULL,NULL,NULL,NULL,NULL,NULL,NULL,NULL,NULL,NULL,NULL,NULL,'9992432727','9992432727','9992432727'),(105,'qwoc02l-319e-rlo2-6wms',NULL,'TZUCACAB','TZUCACAB',NULL,NULL,NULL,NULL,NULL,NULL,NULL,NULL,NULL,NULL,NULL,NULL,NULL,NULL,NULL,NULL,NULL,NULL,NULL,'9991908767','9991908767','9991908767'),(106,'w9h7r62-vzl6-p84z-vid7',NULL,'UAYMA','UAYMA',NULL,NULL,NULL,NULL,NULL,NULL,NULL,NULL,NULL,NULL,NULL,NULL,NULL,NULL,NULL,NULL,NULL,NULL,NULL,'9851014381','9851014381','9851014381'),(107,'2hjgor7-zto1-64ww-ckha',NULL,'UCU','UCU',NULL,NULL,NULL,NULL,NULL,NULL,NULL,NULL,NULL,NULL,NULL,NULL,NULL,NULL,NULL,NULL,NULL,NULL,NULL,'9991741320','9991741320','9991741320'),(108,'d2sx7ow-a29o-nlm5-rlyu',NULL,'UMAN','UMAN',NULL,NULL,NULL,NULL,NULL,NULL,NULL,NULL,NULL,NULL,NULL,NULL,NULL,NULL,NULL,NULL,NULL,NULL,NULL,'9999000178','9999000178','9999000178'),(109,'v0tugw6-ol09-c8ja-0g33',NULL,'VALLADOLID','VALLADOLID',NULL,NULL,NULL,NULL,NULL,NULL,NULL,NULL,NULL,NULL,NULL,NULL,NULL,NULL,NULL,NULL,NULL,NULL,NULL,'9991275234','9991275234','9991275234'),(110,'511lypr-sx92-1y5x-kns7',NULL,'XOCCHEL','XOCCHEL',NULL,NULL,NULL,NULL,NULL,NULL,NULL,NULL,NULL,NULL,NULL,NULL,NULL,NULL,NULL,NULL,NULL,NULL,NULL,'9992612096','9992612096','9992612096'),(111,'td0bywi-sgma-yxy2-6jaf',NULL,'YAXCABA','YAXCABA',NULL,NULL,NULL,NULL,NULL,NULL,NULL,NULL,NULL,NULL,NULL,NULL,NULL,NULL,NULL,NULL,NULL,NULL,NULL,'9991605444','9991605444','9991605444'),(112,'gbv06by-9xv5-ltds-a1ow',NULL,'YAXKUKUL','YAXKUKUL',NULL,NULL,NULL,NULL,NULL,NULL,NULL,NULL,NULL,NULL,NULL,NULL,NULL,NULL,NULL,NULL,NULL,NULL,NULL,'9999006662','9999006662','9999006662'),(113,'8h2h7xu-atag-977w-xjdn',NULL,'YOBAIN','YOBAIN',NULL,NULL,NULL,NULL,NULL,NULL,NULL,NULL,NULL,NULL,NULL,NULL,NULL,NULL,NULL,NULL,NULL,NULL,NULL,'9992161471','9992161471','9992161471'),(114,'4ufhmfp-119f-q1lp-ew86',NULL,'B1','B1',NULL,NULL,NULL,NULL,NULL,NULL,NULL,NULL,NULL,NULL,NULL,NULL,NULL,NULL,NULL,NULL,NULL,NULL,NULL,'9999999999','9999999999','9999999999'),(115,'dbdm494-lzyn-7syw-4t9k',NULL,'C1','C1',NULL,NULL,NULL,NULL,NULL,NULL,NULL,NULL,NULL,NULL,NULL,NULL,NULL,NULL,NULL,NULL,NULL,NULL,NULL,'9999999999','9999999999','9999999999'),(117,'p7immm8-zqsu-dbuu-wp0t',NULL,'668 B1','668 B1',NULL,NULL,NULL,NULL,NULL,NULL,NULL,NULL,NULL,NULL,NULL,NULL,NULL,NULL,NULL,NULL,NULL,NULL,NULL,'9999999999','9999999999','9999999999'),(118,'3jwdlfx-5urb-g7qg-zwq7',NULL,'668 C1','668 C1',NULL,NULL,NULL,NULL,NULL,NULL,NULL,NULL,NULL,NULL,NULL,NULL,NULL,NULL,NULL,NULL,NULL,NULL,NULL,'9999999999','9999999999','9999999999'),(119,'972t0wy-t48h-stjm-tynf',NULL,'669 B1','669 B1',NULL,NULL,NULL,NULL,NULL,NULL,NULL,NULL,NULL,NULL,NULL,NULL,NULL,NULL,NULL,NULL,NULL,NULL,NULL,'9999999999','9999999999','9999999999'),(120,'abadubm-w0v4-acfv-kwcd',NULL,'669 C1','669 C1',NULL,NULL,NULL,NULL,NULL,NULL,NULL,NULL,NULL,NULL,NULL,NULL,NULL,NULL,NULL,NULL,NULL,NULL,NULL,'9999999999','9999999999','9999999999'),(121,'k0a8998-ykkm-oro2-tg7z',NULL,'671 B1','671 B1',NULL,NULL,NULL,NULL,NULL,NULL,NULL,NULL,NULL,NULL,NULL,NULL,NULL,NULL,NULL,NULL,NULL,NULL,NULL,'9999999999','9999999999','9999999999'),(122,'17g9vvc-mofj-4msd-2did',NULL,'671 C1','671 C1',NULL,NULL,NULL,NULL,NULL,NULL,NULL,NULL,NULL,NULL,NULL,NULL,NULL,NULL,NULL,NULL,NULL,NULL,NULL,'9999999999','9999999999','9999999999'),(123,'cqchv33-o6s0-wh5y-u5o5',NULL,'678 B1','678 B1',NULL,NULL,NULL,NULL,NULL,NULL,NULL,NULL,NULL,NULL,NULL,NULL,NULL,NULL,NULL,NULL,NULL,NULL,NULL,'9999999999','9999999999','9999999999'),(124,'mkpawxy-681w-qfju-ty14',NULL,'678 C1','678 C1',NULL,NULL,NULL,NULL,NULL,NULL,NULL,NULL,NULL,NULL,NULL,NULL,NULL,NULL,NULL,NULL,NULL,NULL,NULL,'9999999999','9999999999','9999999999'),(125,'8hsrizy-4e14-57vo-1lib',NULL,'679 B1','679 B1',NULL,NULL,NULL,NULL,NULL,NULL,NULL,NULL,NULL,NULL,NULL,NULL,NULL,NULL,NULL,NULL,NULL,NULL,NULL,'9999999999','9999999999','9999999999'),(126,'8cu4v0h-x9bn-514x-b9m9',NULL,'679 C1','679 C1',NULL,NULL,NULL,NULL,NULL,NULL,NULL,NULL,NULL,NULL,NULL,NULL,NULL,NULL,NULL,NULL,NULL,NULL,NULL,'9999999999','9999999999','9999999999'),(127,'4ya39li-hwmr-zzt5-du17',NULL,'676 B1','676 B1',NULL,NULL,NULL,NULL,NULL,NULL,NULL,NULL,NULL,NULL,NULL,NULL,NULL,NULL,NULL,NULL,NULL,NULL,NULL,'9999999999','9999999999','9999999999'),(128,'lvtm3jy-nvgd-4i52-a3j1',NULL,'676 C1','676 C1',NULL,NULL,NULL,NULL,NULL,NULL,NULL,NULL,NULL,NULL,NULL,NULL,NULL,NULL,NULL,NULL,NULL,NULL,NULL,'9999999999','9999999999','9999999999'),(129,'e95yrea-8yj3-du1a-9otu',NULL,'677 B1','677 B1',NULL,NULL,NULL,NULL,NULL,NULL,NULL,NULL,NULL,NULL,NULL,NULL,NULL,NULL,NULL,NULL,NULL,NULL,NULL,'9999999999','9999999999','9999999999'),(130,'054qtg3-q4fb-v9fw-dd3v',NULL,'680 B1','680 B1',NULL,NULL,NULL,NULL,NULL,NULL,NULL,NULL,NULL,NULL,NULL,NULL,NULL,NULL,NULL,NULL,NULL,NULL,NULL,'9999999999','9999999999','9999999999'),(131,'4alr1yu-b428-qcye-2fxp',NULL,'680 C1','680 C1',NULL,NULL,NULL,NULL,NULL,NULL,NULL,NULL,NULL,NULL,NULL,NULL,NULL,NULL,NULL,NULL,NULL,NULL,NULL,'9999999999','9999999999','9999999999'),(132,'tvps6v9-0q90-wutm-zmdd',NULL,'680 C2','680 C2',NULL,NULL,NULL,NULL,NULL,NULL,NULL,NULL,NULL,NULL,NULL,NULL,NULL,NULL,NULL,NULL,NULL,NULL,NULL,'9999999999','9999999999','9999999999'),(133,'x6npp8x-lli0-0epo-lca3',NULL,'680 C3','680 C3',NULL,NULL,NULL,NULL,NULL,NULL,NULL,NULL,NULL,NULL,NULL,NULL,NULL,NULL,NULL,NULL,NULL,NULL,NULL,'9999999999','9999999999','9999999999'),(134,'kdeyd1s-1ftj-2x3q-1wpw',NULL,'680 C4','680 C4',NULL,NULL,NULL,NULL,NULL,NULL,NULL,NULL,NULL,NULL,NULL,NULL,NULL,NULL,NULL,NULL,NULL,NULL,NULL,'9999999999','9999999999','9999999999'),(135,'73vsvia-ucs6-noer-frhf',NULL,'680 C5','680 C5',NULL,NULL,NULL,NULL,NULL,NULL,NULL,NULL,NULL,NULL,NULL,NULL,NULL,NULL,NULL,NULL,NULL,NULL,NULL,'9999999999','9999999999','9999999999'),(136,'opmabe6-9fpq-5yvl-hwi4',NULL,'670 B1','670 B1',NULL,NULL,NULL,NULL,NULL,NULL,NULL,NULL,NULL,NULL,NULL,NULL,NULL,NULL,NULL,NULL,NULL,NULL,NULL,'9999999999','9999999999','9999999999'),(137,'gd09z2l-4h62-nbu1-iwrt',NULL,'672 B1','672 B1',NULL,NULL,NULL,NULL,NULL,NULL,NULL,NULL,NULL,NULL,NULL,NULL,NULL,NULL,NULL,NULL,NULL,NULL,NULL,'9999999999','9999999999','9999999999'),(138,'ikur9p8-7063-cxwf-h1wu',NULL,'672 C1','672 C1',NULL,NULL,NULL,NULL,NULL,NULL,NULL,NULL,NULL,NULL,NULL,NULL,NULL,NULL,NULL,NULL,NULL,NULL,NULL,'9999999999','9999999999','9999999999'),(139,'q2z7bo6-f7g1-0hip-1n8w',NULL,'673 B1','673 B1',NULL,NULL,NULL,NULL,NULL,NULL,NULL,NULL,NULL,NULL,NULL,NULL,NULL,NULL,NULL,NULL,NULL,NULL,NULL,'9999999999','9999999999','9999999999'),(140,'og2fiun-uwjk-j4cf-gznc',NULL,'673 C1','673 C1',NULL,NULL,NULL,NULL,NULL,NULL,NULL,NULL,NULL,NULL,NULL,NULL,NULL,NULL,NULL,NULL,NULL,NULL,NULL,'9999999999','9999999999','9999999999'),(141,'a7qbolu-a4qs-d76k-zek4',NULL,'675 B1','675 B1',NULL,NULL,NULL,NULL,NULL,NULL,NULL,NULL,NULL,NULL,NULL,NULL,NULL,NULL,NULL,NULL,NULL,NULL,NULL,'9999999999','9999999999','9999999999'),(142,'jgn5jhb-4i19-l03p-38l8',NULL,'675 C1','675 C1',NULL,NULL,NULL,NULL,NULL,NULL,NULL,NULL,NULL,NULL,NULL,NULL,NULL,NULL,NULL,NULL,NULL,NULL,NULL,'9999999999','9999999999','9999999999'),(143,'9zd5zj9-eska-oym9-0ypx',NULL,'675 C2','675 C2',NULL,NULL,NULL,NULL,NULL,NULL,NULL,NULL,NULL,NULL,NULL,NULL,NULL,NULL,NULL,NULL,NULL,NULL,NULL,'9999999999','9999999999','9999999999'),(144,'c5wuwuc-fgzh-2k70-lf4b',NULL,'675 C3','675 C3',NULL,NULL,NULL,NULL,NULL,NULL,NULL,NULL,NULL,NULL,NULL,NULL,NULL,NULL,NULL,NULL,NULL,NULL,NULL,'9999999999','9999999999','9999999999'),(145,'q3zb328-77fp-nxbl-ihne',NULL,'681 B1','681 B1',NULL,NULL,NULL,NULL,NULL,NULL,NULL,NULL,NULL,NULL,NULL,NULL,NULL,NULL,NULL,NULL,NULL,NULL,NULL,'9999999999','9999999999','9999999999'),(146,'qi8kgbw-wl8b-jdhz-srsu',NULL,'681 C1','681 C1',NULL,NULL,NULL,NULL,NULL,NULL,NULL,NULL,NULL,NULL,NULL,NULL,NULL,NULL,NULL,NULL,NULL,NULL,NULL,'9999999999','9999999999','9999999999'),(147,'z2f47i4-5mej-0xv8-t1ae',NULL,'681 C2','681 C2',NULL,NULL,NULL,NULL,NULL,NULL,NULL,NULL,NULL,NULL,NULL,NULL,NULL,NULL,NULL,NULL,NULL,NULL,NULL,'9999999999','9999999999','9999999999'),(148,'eeodts7-pkfg-3eis-ep2c',NULL,'681 C3','681 C3',NULL,NULL,NULL,NULL,NULL,NULL,NULL,NULL,NULL,NULL,NULL,NULL,NULL,NULL,NULL,NULL,NULL,NULL,NULL,'9999999999','9999999999','9999999999'),(149,'ora29qu-dqbf-4q5y-xa0q',NULL,'681 C4','681 C4',NULL,NULL,NULL,NULL,NULL,NULL,NULL,NULL,NULL,NULL,NULL,NULL,NULL,NULL,NULL,NULL,NULL,NULL,NULL,'9999999999','9999999999','9999999999'),(150,'p3vai2n-98g0-rfr9-q981',NULL,'681 C5','681 C5',NULL,NULL,NULL,NULL,NULL,NULL,NULL,NULL,NULL,NULL,NULL,NULL,NULL,NULL,NULL,NULL,NULL,NULL,NULL,'9999999999','9999999999','9999999999'),(151,'31afjuh-466c-2t2h-ojpq',NULL,'681 C6','681 C6',NULL,NULL,NULL,NULL,NULL,NULL,NULL,NULL,NULL,NULL,NULL,NULL,NULL,NULL,NULL,NULL,NULL,NULL,NULL,'9999999999','9999999999','9999999999'),(152,'1cao9ns-yxqm-41lz-1x0i',NULL,'683 B1','683 B1',NULL,NULL,NULL,NULL,NULL,NULL,NULL,NULL,NULL,NULL,NULL,NULL,NULL,NULL,NULL,NULL,NULL,NULL,NULL,'9999999999','9999999999','9999999999'),(153,'x3jhsr1-0k4n-94xf-dcvo',NULL,'683 C1','683 C1',NULL,NULL,NULL,NULL,NULL,NULL,NULL,NULL,NULL,NULL,NULL,NULL,NULL,NULL,NULL,NULL,NULL,NULL,NULL,'9999999999','9999999999','9999999999'),(154,'e097h06-ufou-ldfl-izwi',NULL,'684 B1','684 B1',NULL,NULL,NULL,NULL,NULL,NULL,NULL,NULL,NULL,NULL,NULL,NULL,NULL,NULL,NULL,NULL,NULL,NULL,NULL,'9999999999','9999999999','9999999999'),(155,'hbpz36f-hb6a-s1l2-ly88',NULL,'682 B1','682 B1',NULL,NULL,NULL,NULL,NULL,NULL,NULL,NULL,NULL,NULL,NULL,NULL,NULL,NULL,NULL,NULL,NULL,NULL,NULL,'9999999999','9999999999','9999999999'),(156,'9ir67z5-kqqb-h3f4-eh3y',NULL,'682 C1','682 C1',NULL,NULL,NULL,NULL,NULL,NULL,NULL,NULL,NULL,NULL,NULL,NULL,NULL,NULL,NULL,NULL,NULL,NULL,NULL,'9999999999','9999999999','9999999999'),(157,'g28e55e-wp9j-e6q8-spc4',NULL,'685 B1','685 B1',NULL,NULL,NULL,NULL,NULL,NULL,NULL,NULL,NULL,NULL,NULL,NULL,NULL,NULL,NULL,NULL,NULL,NULL,NULL,'9999999999','9999999999','9999999999'),(158,'f82u0zy-nwtd-n5in-aef5',NULL,'685 C1','685 C1',NULL,NULL,NULL,NULL,NULL,NULL,NULL,NULL,NULL,NULL,NULL,NULL,NULL,NULL,NULL,NULL,NULL,NULL,NULL,'9999999999','9999999999','9999999999'),(159,'d2pluvv-kug9-fon9-dss1',NULL,'688 B1','688 B1',NULL,NULL,NULL,NULL,NULL,NULL,NULL,NULL,NULL,NULL,NULL,NULL,NULL,NULL,NULL,NULL,NULL,NULL,NULL,'9999999999','9999999999','9999999999'),(160,'rza7uz8-k6zy-7pys-fijg',NULL,'688 C1','688 C1',NULL,NULL,NULL,NULL,NULL,NULL,NULL,NULL,NULL,NULL,NULL,NULL,NULL,NULL,NULL,NULL,NULL,NULL,NULL,'9999999999','9999999999','9999999999'),(161,'j40r9dw-f5jm-w45s-junq',NULL,'689 B1','689 B1',NULL,NULL,NULL,NULL,NULL,NULL,NULL,NULL,NULL,NULL,NULL,NULL,NULL,NULL,NULL,NULL,NULL,NULL,NULL,'9999999999','9999999999','9999999999'),(162,'afqfj8n-o4gl-yauj-jo1h',NULL,'689 C1','689 C1',NULL,NULL,NULL,NULL,NULL,NULL,NULL,NULL,NULL,NULL,NULL,NULL,NULL,NULL,NULL,NULL,NULL,NULL,NULL,'9999999999','9999999999','9999999999'),(163,'azup8ue-v91r-5r7n-dnwe',NULL,'691 B1','691 B1',NULL,NULL,NULL,NULL,NULL,NULL,NULL,NULL,NULL,NULL,NULL,NULL,NULL,NULL,NULL,NULL,NULL,NULL,NULL,'9999999999','9999999999','9999999999'),(164,'ugufetg-fh6i-xx15-0l0v',NULL,'691 C1','691 C1',NULL,NULL,NULL,NULL,NULL,NULL,NULL,NULL,NULL,NULL,NULL,NULL,NULL,NULL,NULL,NULL,NULL,NULL,NULL,'9999999999','9999999999','9999999999'),(165,'p7xfcqq-q6b4-9nix-kobk',NULL,'690 B1','690 B1',NULL,NULL,NULL,NULL,NULL,NULL,NULL,NULL,NULL,NULL,NULL,NULL,NULL,NULL,NULL,NULL,NULL,NULL,NULL,'9999999999','9999999999','9999999999'),(166,'aucppw6-f9ss-rmzc-5ybs',NULL,'711 B1','711 B1',NULL,NULL,NULL,NULL,NULL,NULL,NULL,NULL,NULL,NULL,NULL,NULL,NULL,NULL,NULL,NULL,NULL,NULL,NULL,'9999999999','9999999999','9999999999'),(167,'0377jef-gn7l-1tbk-ecii',NULL,'711 C1','711 C1',NULL,NULL,NULL,NULL,NULL,NULL,NULL,NULL,NULL,NULL,NULL,NULL,NULL,NULL,NULL,NULL,NULL,NULL,NULL,'9999999999','9999999999','9999999999'),(168,'68p36me-rq2q-pfmy-d5ct',NULL,'712 B1','712 B1',NULL,NULL,NULL,NULL,NULL,NULL,NULL,NULL,NULL,NULL,NULL,NULL,NULL,NULL,NULL,NULL,NULL,NULL,NULL,'9999999999','9999999999','9999999999'),(169,'4mn9vfj-gxml-5hvu-yqhr',NULL,'713 B1','713 B1',NULL,NULL,NULL,NULL,NULL,NULL,NULL,NULL,NULL,NULL,NULL,NULL,NULL,NULL,NULL,NULL,NULL,NULL,NULL,'9999999999','9999999999','9999999999'),(170,'ncx52nj-n63y-4shz-gcit',NULL,'713 C1','713 C1',NULL,NULL,NULL,NULL,NULL,NULL,NULL,NULL,NULL,NULL,NULL,NULL,NULL,NULL,NULL,NULL,NULL,NULL,NULL,'9999999999','9999999999','9999999999'),(171,'cwjl96s-hi0i-3pd6-oj80',NULL,'714 B1','714 B1',NULL,NULL,NULL,NULL,NULL,NULL,NULL,NULL,NULL,NULL,NULL,NULL,NULL,NULL,NULL,NULL,NULL,NULL,NULL,'9999999999','9999999999','9999999999'),(172,'ec9jru9-ddbe-nfue-kca2',NULL,'714 C1','714 C1',NULL,NULL,NULL,NULL,NULL,NULL,NULL,NULL,NULL,NULL,NULL,NULL,NULL,NULL,NULL,NULL,NULL,NULL,NULL,'9999999999','9999999999','9999999999'),(173,'2qgueg8-at36-h3j2-4zi9',NULL,'719 B1','719 B1',NULL,NULL,NULL,NULL,NULL,NULL,NULL,NULL,NULL,NULL,NULL,NULL,NULL,NULL,NULL,NULL,NULL,NULL,NULL,'9999999999','9999999999','9999999999'),(174,'ohppkt3-2frf-ekwe-z4v0',NULL,'719 C1','719 C1',NULL,NULL,NULL,NULL,NULL,NULL,NULL,NULL,NULL,NULL,NULL,NULL,NULL,NULL,NULL,NULL,NULL,NULL,NULL,'9999999999','9999999999','9999999999'),(175,'tn73rtf-04c7-vjpw-j6qt',NULL,'718 B1','718 B1',NULL,NULL,NULL,NULL,NULL,NULL,NULL,NULL,NULL,NULL,NULL,NULL,NULL,NULL,NULL,NULL,NULL,NULL,NULL,'9999999999','9999999999','9999999999'),(176,'2djw4a4-9odq-rn9a-woak',NULL,'718 C1','718 C1',NULL,NULL,NULL,NULL,NULL,NULL,NULL,NULL,NULL,NULL,NULL,NULL,NULL,NULL,NULL,NULL,NULL,NULL,NULL,'9999999999','9999999999','9999999999'),(177,'cfwl7kj-uq9s-ljx8-4jn4',NULL,'718 C2','718 C2',NULL,NULL,NULL,NULL,NULL,NULL,NULL,NULL,NULL,NULL,NULL,NULL,NULL,NULL,NULL,NULL,NULL,NULL,NULL,'9999999999','9999999999','9999999999'),(178,'3o7oy9u-p9qk-s9ku-99uc',NULL,'721 B1','721 B1',NULL,NULL,NULL,NULL,NULL,NULL,NULL,NULL,NULL,NULL,NULL,NULL,NULL,NULL,NULL,NULL,NULL,NULL,NULL,'9999999999','9999999999','9999999999'),(179,'lngs8kb-6afe-6zj7-rv79',NULL,'721 C1','721 C1',NULL,NULL,NULL,NULL,NULL,NULL,NULL,NULL,NULL,NULL,NULL,NULL,NULL,NULL,NULL,NULL,NULL,NULL,NULL,'9999999999','9999999999','9999999999'),(180,'uwl052m-3910-vozi-pjs0',NULL,'726 B1','726 B1',NULL,NULL,NULL,NULL,NULL,NULL,NULL,NULL,NULL,NULL,NULL,NULL,NULL,NULL,NULL,NULL,NULL,NULL,NULL,'9999999999','9999999999','9999999999'),(181,'kkabiby-c26c-ltzs-fgn2',NULL,'726 C1','726 C1',NULL,NULL,NULL,NULL,NULL,NULL,NULL,NULL,NULL,NULL,NULL,NULL,NULL,NULL,NULL,NULL,NULL,NULL,NULL,'9999999999','9999999999','9999999999'),(182,'ipg1ue9-jd79-0w9n-t323',NULL,'900 B1','900 B1',NULL,NULL,NULL,NULL,NULL,NULL,NULL,NULL,NULL,NULL,NULL,NULL,NULL,NULL,NULL,NULL,NULL,NULL,NULL,'9999999999','9999999999','9999999999'),(183,'cmktjh1-am9o-2qua-dgwp',NULL,'903 B1','903 B1',NULL,NULL,NULL,NULL,NULL,NULL,NULL,NULL,NULL,NULL,NULL,NULL,NULL,NULL,NULL,NULL,NULL,NULL,NULL,'9999999999','9999999999','9999999999'),(184,'l48scx4-po88-xx5u-1sj9',NULL,'720 B1','720 B1',NULL,NULL,NULL,NULL,NULL,NULL,NULL,NULL,NULL,NULL,NULL,NULL,NULL,NULL,NULL,NULL,NULL,NULL,NULL,'9999999999','9999999999','9999999999'),(185,'6tjo2qz-h7qw-rcq4-m5r6',NULL,'720 C1','720 C1',NULL,NULL,NULL,NULL,NULL,NULL,NULL,NULL,NULL,NULL,NULL,NULL,NULL,NULL,NULL,NULL,NULL,NULL,NULL,'9999999999','9999999999','9999999999'),(186,'lvixocz-amib-k8d2-c4ef',NULL,'720 C2','720 C2',NULL,NULL,NULL,NULL,NULL,NULL,NULL,NULL,NULL,NULL,NULL,NULL,NULL,NULL,NULL,NULL,NULL,NULL,NULL,'9999999999','9999999999','9999999999'),(187,'a05hz0e-x6nn-w5l4-5unk',NULL,'727 B1','727 B1',NULL,NULL,NULL,NULL,NULL,NULL,NULL,NULL,NULL,NULL,NULL,NULL,NULL,NULL,NULL,NULL,NULL,NULL,NULL,'9999999999','9999999999','9999999999'),(188,'ffghkym-3qvz-kyfi-a1si',NULL,'727 C1','727 C1',NULL,NULL,NULL,NULL,NULL,NULL,NULL,NULL,NULL,NULL,NULL,NULL,NULL,NULL,NULL,NULL,NULL,NULL,NULL,'9999999999','9999999999','9999999999'),(189,'lt4ey3v-gd9j-rr0h-4su5',NULL,'728 B1','728 B1',NULL,NULL,NULL,NULL,NULL,NULL,NULL,NULL,NULL,NULL,NULL,NULL,NULL,NULL,NULL,NULL,NULL,NULL,NULL,'9999999999','9999999999','9999999999'),(190,'zpjo279-hulv-z2o2-b556',NULL,'905 B1','905 B1',NULL,NULL,NULL,NULL,NULL,NULL,NULL,NULL,NULL,NULL,NULL,NULL,NULL,NULL,NULL,NULL,NULL,NULL,NULL,'9999999999','9999999999','9999999999'),(191,'5fy0u3m-ja2v-csmj-fl6o',NULL,'908 B1','908 B1',NULL,NULL,NULL,NULL,NULL,NULL,NULL,NULL,NULL,NULL,NULL,NULL,NULL,NULL,NULL,NULL,NULL,NULL,NULL,'9999999999','9999999999','9999999999'),(192,'l6yslus-7ri6-c7u9-wdla',NULL,'911 B1','911 B1',NULL,NULL,NULL,NULL,NULL,NULL,NULL,NULL,NULL,NULL,NULL,NULL,NULL,NULL,NULL,NULL,NULL,NULL,NULL,'9999999999','9999999999','9999999999'),(193,'rfy01wn-6r4v-kbp9-x5xo',NULL,'686 B1','686 B1',NULL,NULL,NULL,NULL,NULL,NULL,NULL,NULL,NULL,NULL,NULL,NULL,NULL,NULL,NULL,NULL,NULL,NULL,NULL,'9999999999','9999999999','9999999999'),(194,'m6yz7oh-whct-xgmt-q3jx',NULL,'686 C1','686 C1',NULL,NULL,NULL,NULL,NULL,NULL,NULL,NULL,NULL,NULL,NULL,NULL,NULL,NULL,NULL,NULL,NULL,NULL,NULL,'9999999999','9999999999','9999999999'),(195,'jin4ijj-yc5q-snj0-nfx3',NULL,'687 B1','687 B1',NULL,NULL,NULL,NULL,NULL,NULL,NULL,NULL,NULL,NULL,NULL,NULL,NULL,NULL,NULL,NULL,NULL,NULL,NULL,'9999999999','9999999999','9999999999'),(196,'s6pcww4-q6gt-clqr-doxp',NULL,'687 C1','687 C1',NULL,NULL,NULL,NULL,NULL,NULL,NULL,NULL,NULL,NULL,NULL,NULL,NULL,NULL,NULL,NULL,NULL,NULL,NULL,'9999999999','9999999999','9999999999'),(197,'kiuy5l0-lbn8-tmuy-6bpk',NULL,'692 B1','692 B1',NULL,NULL,NULL,NULL,NULL,NULL,NULL,NULL,NULL,NULL,NULL,NULL,NULL,NULL,NULL,NULL,NULL,NULL,NULL,'9999999999','9999999999','9999999999'),(198,'ht5gbgw-ijfz-bekt-2rbk',NULL,'692 C1','692 C1',NULL,NULL,NULL,NULL,NULL,NULL,NULL,NULL,NULL,NULL,NULL,NULL,NULL,NULL,NULL,NULL,NULL,NULL,NULL,'9999999999','9999999999','9999999999'),(199,'1rb3tjn-w25c-ywm7-qrm8',NULL,'693 B1','693 B1',NULL,NULL,NULL,NULL,NULL,NULL,NULL,NULL,NULL,NULL,NULL,NULL,NULL,NULL,NULL,NULL,NULL,NULL,NULL,'9999999999','9999999999','9999999999'),(200,'6kpuof5-4xf8-ef6s-lwwq',NULL,'693 C1','693 C1',NULL,NULL,NULL,NULL,NULL,NULL,NULL,NULL,NULL,NULL,NULL,NULL,NULL,NULL,NULL,NULL,NULL,NULL,NULL,'9999999999','9999999999','9999999999'),(201,'0ac7pa4-x6qx-roat-r1ts',NULL,'710 B1','710 B1',NULL,NULL,NULL,NULL,NULL,NULL,NULL,NULL,NULL,NULL,NULL,NULL,NULL,NULL,NULL,NULL,NULL,NULL,NULL,'9999999999','9999999999','9999999999'),(202,'hhn065o-jf91-xqh0-c92x',NULL,'710 C1','710 C1',NULL,NULL,NULL,NULL,NULL,NULL,NULL,NULL,NULL,NULL,NULL,NULL,NULL,NULL,NULL,NULL,NULL,NULL,NULL,'9999999999','9999999999','9999999999'),(203,'6o1abfw-y9nr-7urg-wszx',NULL,'715 B1','715 B1',NULL,NULL,NULL,NULL,NULL,NULL,NULL,NULL,NULL,NULL,NULL,NULL,NULL,NULL,NULL,NULL,NULL,NULL,NULL,'9999999999','9999999999','9999999999'),(204,'l2sq8bs-1o9w-lnpe-7eeg',NULL,'715 C1','715 C1',NULL,NULL,NULL,NULL,NULL,NULL,NULL,NULL,NULL,NULL,NULL,NULL,NULL,NULL,NULL,NULL,NULL,NULL,NULL,'9999999999','9999999999','9999999999'),(205,'z7nh8x0-i2i5-unqp-gtnr',NULL,'716 B1','716 B1',NULL,NULL,NULL,NULL,NULL,NULL,NULL,NULL,NULL,NULL,NULL,NULL,NULL,NULL,NULL,NULL,NULL,NULL,NULL,'9999999999','9999999999','9999999999'),(206,'74399pl-jb19-sonl-10nx',NULL,'717 B1','717 B1',NULL,NULL,NULL,NULL,NULL,NULL,NULL,NULL,NULL,NULL,NULL,NULL,NULL,NULL,NULL,NULL,NULL,NULL,NULL,'9999999999','9999999999','9999999999'),(207,'5min8tc-8f0k-eu7d-obys',NULL,'717 C1','717 C1',NULL,NULL,NULL,NULL,NULL,NULL,NULL,NULL,NULL,NULL,NULL,NULL,NULL,NULL,NULL,NULL,NULL,NULL,NULL,'9999999999','9999999999','9999999999'),(208,'wzg0j63-7ant-050i-1hcu',NULL,'722 B1','722 B1',NULL,NULL,NULL,NULL,NULL,NULL,NULL,NULL,NULL,NULL,NULL,NULL,NULL,NULL,NULL,NULL,NULL,NULL,NULL,'9999999999','9999999999','9999999999'),(209,'fno0od7-w10s-6ote-ur16',NULL,'722 C1','722 C1',NULL,NULL,NULL,NULL,NULL,NULL,NULL,NULL,NULL,NULL,NULL,NULL,NULL,NULL,NULL,NULL,NULL,NULL,NULL,'9999999999','9999999999','9999999999'),(210,'2sth221-tv6y-so4d-l23o',NULL,'723 B1','723 B1',NULL,NULL,NULL,NULL,NULL,NULL,NULL,NULL,NULL,NULL,NULL,NULL,NULL,NULL,NULL,NULL,NULL,NULL,NULL,'9999999999','9999999999','9999999999'),(211,'8fmina5-414o-azp3-520u',NULL,'724 B1','724 B1',NULL,NULL,NULL,NULL,NULL,NULL,NULL,NULL,NULL,NULL,NULL,NULL,NULL,NULL,NULL,NULL,NULL,NULL,NULL,'9999999999','9999999999','9999999999'),(212,'cnii6hr-yg57-dzzo-tqeb',NULL,'724 C1','724 C1',NULL,NULL,NULL,NULL,NULL,NULL,NULL,NULL,NULL,NULL,NULL,NULL,NULL,NULL,NULL,NULL,NULL,NULL,NULL,'9999999999','9999999999','9999999999'),(213,'y1f2uaw-ix3p-8az7-7f2l',NULL,'708 B1','708 B1',NULL,NULL,NULL,NULL,NULL,NULL,NULL,NULL,NULL,NULL,NULL,NULL,NULL,NULL,NULL,NULL,NULL,NULL,NULL,'9999999999','9999999999','9999999999'),(214,'za1xfkm-mv52-cyge-fz5c',NULL,'708 C1','708 C1',NULL,NULL,NULL,NULL,NULL,NULL,NULL,NULL,NULL,NULL,NULL,NULL,NULL,NULL,NULL,NULL,NULL,NULL,NULL,'9999999999','9999999999','9999999999'),(215,'p90h2gs-gfiw-mb2x-dx5e',NULL,'737 B1','737 B1',NULL,NULL,NULL,NULL,NULL,NULL,NULL,NULL,NULL,NULL,NULL,NULL,NULL,NULL,NULL,NULL,NULL,NULL,NULL,'9999999999','9999999999','9999999999'),(216,'5yffdi0-oxks-pem5-v3g4',NULL,'737 C1','737 C1',NULL,NULL,NULL,NULL,NULL,NULL,NULL,NULL,NULL,NULL,NULL,NULL,NULL,NULL,NULL,NULL,NULL,NULL,NULL,'9999999999','9999999999','9999999999'),(217,'muvu4h4-7ys9-k4nl-5nai',NULL,'725 B1','725 B1',NULL,NULL,NULL,NULL,NULL,NULL,NULL,NULL,NULL,NULL,NULL,NULL,NULL,NULL,NULL,NULL,NULL,NULL,NULL,'9999999999','9999999999','9999999999'),(218,'654abk8-0bsf-cdob-o8bf',NULL,'725 C1','725 C1',NULL,NULL,NULL,NULL,NULL,NULL,NULL,NULL,NULL,NULL,NULL,NULL,NULL,NULL,NULL,NULL,NULL,NULL,NULL,'9999999999','9999999999','9999999999'),(219,'b516w65-0ibv-phwd-d3yt',NULL,'725 C2','725 C2',NULL,NULL,NULL,NULL,NULL,NULL,NULL,NULL,NULL,NULL,NULL,NULL,NULL,NULL,NULL,NULL,NULL,NULL,NULL,'9999999999','9999999999','9999999999'),(220,'sthe3o7-g3oo-1p4p-le8q',NULL,'729 B1','729 B1',NULL,NULL,NULL,NULL,NULL,NULL,NULL,NULL,NULL,NULL,NULL,NULL,NULL,NULL,NULL,NULL,NULL,NULL,NULL,'9999999999','9999999999','9999999999'),(221,'hze2kc0-djdb-kqp3-syi8',NULL,'729 C1','729 C1',NULL,NULL,NULL,NULL,NULL,NULL,NULL,NULL,NULL,NULL,NULL,NULL,NULL,NULL,NULL,NULL,NULL,NULL,NULL,'9999999999','9999999999','9999999999'),(222,'lubgh1n-6lw9-52ii-j4or',NULL,'729 C2','729 C2',NULL,NULL,NULL,NULL,NULL,NULL,NULL,NULL,NULL,NULL,NULL,NULL,NULL,NULL,NULL,NULL,NULL,NULL,NULL,'9999999999','9999999999','9999999999'),(223,'5xkrwkd-y5oi-wasj-fk0u',NULL,'694 B1','694 B1',NULL,NULL,NULL,NULL,NULL,NULL,NULL,NULL,NULL,NULL,NULL,NULL,NULL,NULL,NULL,NULL,NULL,NULL,NULL,'9999999999','9999999999','9999999999'),(224,'vibm5sc-6f86-q8tp-dd26',NULL,'694 C1','694 C1',NULL,NULL,NULL,NULL,NULL,NULL,NULL,NULL,NULL,NULL,NULL,NULL,NULL,NULL,NULL,NULL,NULL,NULL,NULL,'9999999999','9999999999','9999999999'),(225,'v75nz13-9msr-kqy6-74o8',NULL,'694 C2','694 C2',NULL,NULL,NULL,NULL,NULL,NULL,NULL,NULL,NULL,NULL,NULL,NULL,NULL,NULL,NULL,NULL,NULL,NULL,NULL,'9999999999','9999999999','9999999999'),(226,'obx51ts-cdpe-kkyt-mdnp',NULL,'694 C3','694 C3',NULL,NULL,NULL,NULL,NULL,NULL,NULL,NULL,NULL,NULL,NULL,NULL,NULL,NULL,NULL,NULL,NULL,NULL,NULL,'9999999999','9999999999','9999999999'),(227,'pe890fq-lke7-jill-1o2g',NULL,'694 C4','694 C4',NULL,NULL,NULL,NULL,NULL,NULL,NULL,NULL,NULL,NULL,NULL,NULL,NULL,NULL,NULL,NULL,NULL,NULL,NULL,'9999999999','9999999999','9999999999'),(228,'4i9fomn-a6mz-uvtx-yl8a',NULL,'694 C5','694 C5',NULL,NULL,NULL,NULL,NULL,NULL,NULL,NULL,NULL,NULL,NULL,NULL,NULL,NULL,NULL,NULL,NULL,NULL,NULL,'9999999999','9999999999','9999999999'),(229,'gp2nxqk-3g72-qpt1-97b5',NULL,'709 B1','709 B1',NULL,NULL,NULL,NULL,NULL,NULL,NULL,NULL,NULL,NULL,NULL,NULL,NULL,NULL,NULL,NULL,NULL,NULL,NULL,'9999999999','9999999999','9999999999'),(230,'n40sbj9-b0nq-bkp7-iynz',NULL,'709 C1','709 C1',NULL,NULL,NULL,NULL,NULL,NULL,NULL,NULL,NULL,NULL,NULL,NULL,NULL,NULL,NULL,NULL,NULL,NULL,NULL,'9999999999','9999999999','9999999999'),(231,'icjyj3z-b2r8-qyjz-axno',NULL,'709 C2','709 C2',NULL,NULL,NULL,NULL,NULL,NULL,NULL,NULL,NULL,NULL,NULL,NULL,NULL,NULL,NULL,NULL,NULL,NULL,NULL,'9999999999','9999999999','9999999999'),(232,'ge6tsqa-cgbo-n58z-cv72',NULL,'709 C3','709 C3',NULL,NULL,NULL,NULL,NULL,NULL,NULL,NULL,NULL,NULL,NULL,NULL,NULL,NULL,NULL,NULL,NULL,NULL,NULL,'9999999999','9999999999','9999999999'),(233,'vtswajv-18s1-2hma-h627',NULL,'695 B1','695 B1',NULL,NULL,NULL,NULL,NULL,NULL,NULL,NULL,NULL,NULL,NULL,NULL,NULL,NULL,NULL,NULL,NULL,NULL,NULL,'9999999999','9999999999','9999999999'),(234,'7317vri-9eig-tm9t-fr0n',NULL,'695 C1','695 C1',NULL,NULL,NULL,NULL,NULL,NULL,NULL,NULL,NULL,NULL,NULL,NULL,NULL,NULL,NULL,NULL,NULL,NULL,NULL,'9999999999','9999999999','9999999999'),(235,'0bab4e6-95ts-mhx5-hqfa',NULL,'696 B1','696 B1',NULL,NULL,NULL,NULL,NULL,NULL,NULL,NULL,NULL,NULL,NULL,NULL,NULL,NULL,NULL,NULL,NULL,NULL,NULL,'9999999999','9999999999','9999999999'),(236,'fcyminf-8ssb-l5mm-zugd',NULL,'696 C1','696 C1',NULL,NULL,NULL,NULL,NULL,NULL,NULL,NULL,NULL,NULL,NULL,NULL,NULL,NULL,NULL,NULL,NULL,NULL,NULL,'9999999999','9999999999','9999999999'),(237,'3avi3hy-x35v-76hp-3xvz',NULL,'697 B1','697 B1',NULL,NULL,NULL,NULL,NULL,NULL,NULL,NULL,NULL,NULL,NULL,NULL,NULL,NULL,NULL,NULL,NULL,NULL,NULL,'9999999999','9999999999','9999999999'),(238,'vb4opkd-dejl-pkql-7qn6',NULL,'697 C1','697 C1',NULL,NULL,NULL,NULL,NULL,NULL,NULL,NULL,NULL,NULL,NULL,NULL,NULL,NULL,NULL,NULL,NULL,NULL,NULL,'9999999999','9999999999','9999999999'),(239,'o27xsla-zwqx-1g9l-ti27',NULL,'698 B1','698 B1',NULL,NULL,NULL,NULL,NULL,NULL,NULL,NULL,NULL,NULL,NULL,NULL,NULL,NULL,NULL,NULL,NULL,NULL,NULL,'9999999999','9999999999','9999999999'),(240,'8wln6yl-oxny-zgz7-6bn9',NULL,'698 C1','698 C1',NULL,NULL,NULL,NULL,NULL,NULL,NULL,NULL,NULL,NULL,NULL,NULL,NULL,NULL,NULL,NULL,NULL,NULL,NULL,'9999999999','9999999999','9999999999'),(241,'3tyhjjn-4cab-xr01-lq4l',NULL,'700 B1','700 B1',NULL,NULL,NULL,NULL,NULL,NULL,NULL,NULL,NULL,NULL,NULL,NULL,NULL,NULL,NULL,NULL,NULL,NULL,NULL,'9999999999','9999999999','9999999999'),(242,'07n6wrx-aihd-im5i-d42c',NULL,'700 C1','700 C1',NULL,NULL,NULL,NULL,NULL,NULL,NULL,NULL,NULL,NULL,NULL,NULL,NULL,NULL,NULL,NULL,NULL,NULL,NULL,'9999999999','9999999999','9999999999'),(243,'fb78fml-4nbv-oedp-qwt7',NULL,'699 B1','699 B1',NULL,NULL,NULL,NULL,NULL,NULL,NULL,NULL,NULL,NULL,NULL,NULL,NULL,NULL,NULL,NULL,NULL,NULL,NULL,'9999999999','9999999999','9999999999'),(244,'lt7vro7-tqkl-35e0-746y',NULL,'701 B1','701 B1',NULL,NULL,NULL,NULL,NULL,NULL,NULL,NULL,NULL,NULL,NULL,NULL,NULL,NULL,NULL,NULL,NULL,NULL,NULL,'9999999999','9999999999','9999999999'),(245,'4vbjbi1-juam-o6d2-fjqi',NULL,'701 C1','701 C1',NULL,NULL,NULL,NULL,NULL,NULL,NULL,NULL,NULL,NULL,NULL,NULL,NULL,NULL,NULL,NULL,NULL,NULL,NULL,'9999999999','9999999999','9999999999'),(246,'eatks15-blf6-8kkg-z03i',NULL,'702 B1','702 B1',NULL,NULL,NULL,NULL,NULL,NULL,NULL,NULL,NULL,NULL,NULL,NULL,NULL,NULL,NULL,NULL,NULL,NULL,NULL,'9999999999','9999999999','9999999999'),(247,'u6c5z8r-jb67-njjo-gev6',NULL,'702 C1','702 C1',NULL,NULL,NULL,NULL,NULL,NULL,NULL,NULL,NULL,NULL,NULL,NULL,NULL,NULL,NULL,NULL,NULL,NULL,NULL,'9999999999','9999999999','9999999999'),(248,'t3xz5bm-qeb0-wkwx-rx3i',NULL,'702 C2','702 C2',NULL,NULL,NULL,NULL,NULL,NULL,NULL,NULL,NULL,NULL,NULL,NULL,NULL,NULL,NULL,NULL,NULL,NULL,NULL,'9999999999','9999999999','9999999999'),(249,'0lmb610-kv25-hmsu-9u61',NULL,'702 C3','702 C3',NULL,NULL,NULL,NULL,NULL,NULL,NULL,NULL,NULL,NULL,NULL,NULL,NULL,NULL,NULL,NULL,NULL,NULL,NULL,'9999999999','9999999999','9999999999'),(250,'kog1hqv-0qua-qoe1-nro7',NULL,'702 C4','702 C4',NULL,NULL,NULL,NULL,NULL,NULL,NULL,NULL,NULL,NULL,NULL,NULL,NULL,NULL,NULL,NULL,NULL,NULL,NULL,'9999999999','9999999999','9999999999'),(251,'33goh0o-5oma-zwg0-2yp4',NULL,'703 B1','703 B1',NULL,NULL,NULL,NULL,NULL,NULL,NULL,NULL,NULL,NULL,NULL,NULL,NULL,NULL,NULL,NULL,NULL,NULL,NULL,'9999999999','9999999999','9999999999'),(252,'qrtcgdo-gc6i-0bhf-hkxg',NULL,'703 C1','703 C1',NULL,NULL,NULL,NULL,NULL,NULL,NULL,NULL,NULL,NULL,NULL,NULL,NULL,NULL,NULL,NULL,NULL,NULL,NULL,'9999999999','9999999999','9999999999'),(253,'oas9vb9-ybdl-5xju-57m5',NULL,'704 B1','704 B1',NULL,NULL,NULL,NULL,NULL,NULL,NULL,NULL,NULL,NULL,NULL,NULL,NULL,NULL,NULL,NULL,NULL,NULL,NULL,'9999999999','9999999999','9999999999'),(254,'dfknn42-4nkp-jp2i-l7dm',NULL,'704 C1','704 C1',NULL,NULL,NULL,NULL,NULL,NULL,NULL,NULL,NULL,NULL,NULL,NULL,NULL,NULL,NULL,NULL,NULL,NULL,NULL,'9999999999','9999999999','9999999999'),(255,'s0jict5-ejjv-ilfa-tli4',NULL,'706 B1','706 B1',NULL,NULL,NULL,NULL,NULL,NULL,NULL,NULL,NULL,NULL,NULL,NULL,NULL,NULL,NULL,NULL,NULL,NULL,NULL,'9999999999','9999999999','9999999999'),(256,'gzuawn4-6rss-m4i5-du1u',NULL,'705 B1','705 B1',NULL,NULL,NULL,NULL,NULL,NULL,NULL,NULL,NULL,NULL,NULL,NULL,NULL,NULL,NULL,NULL,NULL,NULL,NULL,'9999999999','9999999999','9999999999'),(257,'avm6gcg-l148-vb22-2qc3',NULL,'705 C1','705 C1',NULL,NULL,NULL,NULL,NULL,NULL,NULL,NULL,NULL,NULL,NULL,NULL,NULL,NULL,NULL,NULL,NULL,NULL,NULL,'9999999999','9999999999','9999999999'),(258,'3njfsb3-ufxz-8ojr-qlt1',NULL,'707 B1','707 B1',NULL,NULL,NULL,NULL,NULL,NULL,NULL,NULL,NULL,NULL,NULL,NULL,NULL,NULL,NULL,NULL,NULL,NULL,NULL,'9999999999','9999999999','9999999999'),(259,'ah26erv-l4dg-5fee-rasx',NULL,'707 C1','707 C1',NULL,NULL,NULL,NULL,NULL,NULL,NULL,NULL,NULL,NULL,NULL,NULL,NULL,NULL,NULL,NULL,NULL,NULL,NULL,'9999999999','9999999999','9999999999'),(260,'nxe04dj-j1s3-qak6-g1mr',NULL,'730 B1','730 B1',NULL,NULL,NULL,NULL,NULL,NULL,NULL,NULL,NULL,NULL,NULL,NULL,NULL,NULL,NULL,NULL,NULL,NULL,NULL,'9999999999','9999999999','9999999999'),(261,'rnzpgld-l187-9td0-2f41',NULL,'731 B1','731 B1',NULL,NULL,NULL,NULL,NULL,NULL,NULL,NULL,NULL,NULL,NULL,NULL,NULL,NULL,NULL,NULL,NULL,NULL,NULL,'9999999999','9999999999','9999999999'),(262,'09lnqis-z1gf-sxcl-2r8l',NULL,'731 C1','731 C1',NULL,NULL,NULL,NULL,NULL,NULL,NULL,NULL,NULL,NULL,NULL,NULL,NULL,NULL,NULL,NULL,NULL,NULL,NULL,'9999999999','9999999999','9999999999'),(263,'xfqrbhl-j8jo-r8gp-srwx',NULL,'732 B1','732 B1',NULL,NULL,NULL,NULL,NULL,NULL,NULL,NULL,NULL,NULL,NULL,NULL,NULL,NULL,NULL,NULL,NULL,NULL,NULL,'9999999999','9999999999','9999999999'),(264,'fsgyruz-i8qq-dc5h-3ff6',NULL,'732 C1','732 C1',NULL,NULL,NULL,NULL,NULL,NULL,NULL,NULL,NULL,NULL,NULL,NULL,NULL,NULL,NULL,NULL,NULL,NULL,NULL,'9999999999','9999999999','9999999999'),(265,'3c4yh23-af5l-es4e-id46',NULL,'674 C2','674 C2',NULL,NULL,NULL,NULL,NULL,NULL,NULL,NULL,NULL,NULL,NULL,NULL,NULL,NULL,NULL,NULL,NULL,NULL,NULL,'9999999999','9999999999','9999999999'),(266,'6d6jb6m-kzou-k5cu-go84',NULL,'674 B1','674 B1',NULL,NULL,NULL,NULL,NULL,NULL,NULL,NULL,NULL,NULL,NULL,NULL,NULL,NULL,NULL,NULL,NULL,NULL,NULL,'9999999999','9999999999','9999999999'),(267,'oiolca5-9m61-gsip-t308',NULL,'674 C1','674 C1',NULL,NULL,NULL,NULL,NULL,NULL,NULL,NULL,NULL,NULL,NULL,NULL,NULL,NULL,NULL,NULL,NULL,NULL,NULL,'9999999999','9999999999','9999999999'),(268,'il0nic4-bkc1-yxv4-ht2b',NULL,'738 B1','738 B1',NULL,NULL,NULL,NULL,NULL,NULL,NULL,NULL,NULL,NULL,NULL,NULL,NULL,NULL,NULL,NULL,NULL,NULL,NULL,'9999999999','9999999999','9999999999'),(269,'7di7top-iw3f-g2hi-c81c',NULL,'738 C1','738 C1',NULL,NULL,NULL,NULL,NULL,NULL,NULL,NULL,NULL,NULL,NULL,NULL,NULL,NULL,NULL,NULL,NULL,NULL,NULL,'9999999999','9999999999','9999999999'),(270,'1sexsat-db5x-nfpi-3t07',NULL,'739 B1','739 B1',NULL,NULL,NULL,NULL,NULL,NULL,NULL,NULL,NULL,NULL,NULL,NULL,NULL,NULL,NULL,NULL,NULL,NULL,NULL,'9999999999','9999999999','9999999999'),(271,'jpr1su9-fd6x-go5k-1ab3',NULL,'740 B1','740 B1',NULL,NULL,NULL,NULL,NULL,NULL,NULL,NULL,NULL,NULL,NULL,NULL,NULL,NULL,NULL,NULL,NULL,NULL,NULL,'9999999999','9999999999','9999999999'),(272,'4jc3efi-wpi2-2tl7-zsc9',NULL,'740 C1','740 C1',NULL,NULL,NULL,NULL,NULL,NULL,NULL,NULL,NULL,NULL,NULL,NULL,NULL,NULL,NULL,NULL,NULL,NULL,NULL,'9999999999','9999999999','9999999999'),(273,'f6txa24-wczj-88tr-6hss',NULL,'741 B1','741 B1',NULL,NULL,NULL,NULL,NULL,NULL,NULL,NULL,NULL,NULL,NULL,NULL,NULL,NULL,NULL,NULL,NULL,NULL,NULL,'9999999999','9999999999','9999999999'),(274,'t7panbr-ckjv-nmfv-azbu',NULL,'741 C1','741 C1',NULL,NULL,NULL,NULL,NULL,NULL,NULL,NULL,NULL,NULL,NULL,NULL,NULL,NULL,NULL,NULL,NULL,NULL,NULL,'9999999999','9999999999','9999999999'),(275,'3qq5pic-05nj-h2mc-psjx',NULL,'914 B1','914 B1',NULL,NULL,NULL,NULL,NULL,NULL,NULL,NULL,NULL,NULL,NULL,NULL,NULL,NULL,NULL,NULL,NULL,NULL,NULL,'9999999999','9999999999','9999999999'),(276,'hgj5z24-r9rt-7czo-ilpw',NULL,'915 B1','915 B1',NULL,NULL,NULL,NULL,NULL,NULL,NULL,NULL,NULL,NULL,NULL,NULL,NULL,NULL,NULL,NULL,NULL,NULL,NULL,'9999999999','9999999999','9999999999'),(277,'5xq9cag-3ox1-damt-grk8',NULL,'910 B1','910 B1',NULL,NULL,NULL,NULL,NULL,NULL,NULL,NULL,NULL,NULL,NULL,NULL,NULL,NULL,NULL,NULL,NULL,NULL,NULL,'9999999999','9999999999','9999999999'),(278,'egfzu76-h9dy-bei5-yzcw',NULL,'907 B1','907 B1',NULL,NULL,NULL,NULL,NULL,NULL,NULL,NULL,NULL,NULL,NULL,NULL,NULL,NULL,NULL,NULL,NULL,NULL,NULL,'9999999999','9999999999','9999999999'),(279,'by3lkr5-ftzn-5533-u9jf',NULL,'913 B1','913 B1',NULL,NULL,NULL,NULL,NULL,NULL,NULL,NULL,NULL,NULL,NULL,NULL,NULL,NULL,NULL,NULL,NULL,NULL,NULL,'9999999999','9999999999','9999999999'),(280,'neuviwh-nkmw-xwgd-zjsk',NULL,'916 B1','916 B1',NULL,NULL,NULL,NULL,NULL,NULL,NULL,NULL,NULL,NULL,NULL,NULL,NULL,NULL,NULL,NULL,NULL,NULL,NULL,'9999999999','9999999999','9999999999'),(281,'nyaad9h-guni-gind-sehr',NULL,'917 B1','917 B1',NULL,NULL,NULL,NULL,NULL,NULL,NULL,NULL,NULL,NULL,NULL,NULL,NULL,NULL,NULL,NULL,NULL,NULL,NULL,'9999999999','9999999999','9999999999'),(282,'ul9cxwu-3wg0-odf7-ifiw',NULL,'918 B1','918 B1',NULL,NULL,NULL,NULL,NULL,NULL,NULL,NULL,NULL,NULL,NULL,NULL,NULL,NULL,NULL,NULL,NULL,NULL,NULL,'9999999999','9999999999','9999999999'),(283,'dsme4ag-z4fd-xtbf-k87v',NULL,'919 B1','919 B1',NULL,NULL,NULL,NULL,NULL,NULL,NULL,NULL,NULL,NULL,NULL,NULL,NULL,NULL,NULL,NULL,NULL,NULL,NULL,'9999999999','9999999999','9999999999'),(284,'7wv64o3-2cy6-a3vg-xuqd',NULL,'920 B1','920 B1',NULL,NULL,NULL,NULL,NULL,NULL,NULL,NULL,NULL,NULL,NULL,NULL,NULL,NULL,NULL,NULL,NULL,NULL,NULL,'9999999999','9999999999','9999999999'),(285,'ekng39b-im51-lxi6-kal7',NULL,'920 S1','920 S1',NULL,NULL,NULL,NULL,NULL,NULL,NULL,NULL,NULL,NULL,NULL,NULL,NULL,NULL,NULL,NULL,NULL,NULL,NULL,'9999999999','9999999999','9999999999'),(286,'dzm6ijq-q63c-xsct-uyk6',NULL,'921 B1','921 B1',NULL,NULL,NULL,NULL,NULL,NULL,NULL,NULL,NULL,NULL,NULL,NULL,NULL,NULL,NULL,NULL,NULL,NULL,NULL,'9999999999','9999999999','9999999999'),(287,'d95z0sx-k817-4t8g-0dxm',NULL,'922 B1','922 B1',NULL,NULL,NULL,NULL,NULL,NULL,NULL,NULL,NULL,NULL,NULL,NULL,NULL,NULL,NULL,NULL,NULL,NULL,NULL,'9999999999','9999999999','9999999999'),(288,'qn0zjct-i92y-qvzj-szlz',NULL,'734 B1','734 B1',NULL,NULL,NULL,NULL,NULL,NULL,NULL,NULL,NULL,NULL,NULL,NULL,NULL,NULL,NULL,NULL,NULL,NULL,NULL,'9999999999','9999999999','9999999999'),(289,'2pr3knb-rxvk-4dut-qiqj',NULL,'734 C1','734 C1',NULL,NULL,NULL,NULL,NULL,NULL,NULL,NULL,NULL,NULL,NULL,NULL,NULL,NULL,NULL,NULL,NULL,NULL,NULL,'9999999999','9999999999','9999999999'),(290,'heqc4o6-7igz-35j9-fnan',NULL,'735 B1','735 B1',NULL,NULL,NULL,NULL,NULL,NULL,NULL,NULL,NULL,NULL,NULL,NULL,NULL,NULL,NULL,NULL,NULL,NULL,NULL,'9999999999','9999999999','9999999999'),(291,'sn46ntj-5r22-u2qf-sv24',NULL,'736 B1','736 B1',NULL,NULL,NULL,NULL,NULL,NULL,NULL,NULL,NULL,NULL,NULL,NULL,NULL,NULL,NULL,NULL,NULL,NULL,NULL,'9999999999','9999999999','9999999999'),(292,'brabpk5-encd-n0i9-2ev2',NULL,'736 C1','736 C1',NULL,NULL,NULL,NULL,NULL,NULL,NULL,NULL,NULL,NULL,NULL,NULL,NULL,NULL,NULL,NULL,NULL,NULL,NULL,'9999999999','9999999999','9999999999'),(293,'znr9f9f-50c0-3sjl-hytg',NULL,'898 B1','898 B1',NULL,NULL,NULL,NULL,NULL,NULL,NULL,NULL,NULL,NULL,NULL,NULL,NULL,NULL,NULL,NULL,NULL,NULL,NULL,'9999999999','9999999999','9999999999'),(294,'hazbdfv-oubd-b06i-8o04',NULL,'901 B1','901 B1',NULL,NULL,NULL,NULL,NULL,NULL,NULL,NULL,NULL,NULL,NULL,NULL,NULL,NULL,NULL,NULL,NULL,NULL,NULL,'9999999999','9999999999','9999999999'),(295,'fut4k5z-otzm-sz3l-5dzu',NULL,'904 B1','904 B1',NULL,NULL,NULL,NULL,NULL,NULL,NULL,NULL,NULL,NULL,NULL,NULL,NULL,NULL,NULL,NULL,NULL,NULL,NULL,'9999999999','9999999999','9999999999'),(296,'wvgfdyu-qihs-0ll2-4zfq',NULL,'906 B1','906 B1',NULL,NULL,NULL,NULL,NULL,NULL,NULL,NULL,NULL,NULL,NULL,NULL,NULL,NULL,NULL,NULL,NULL,NULL,NULL,'9999999999','9999999999','9999999999'),(297,'gnnqs7g-lmm1-7uba-gjpn',NULL,'912 B1','912 B1',NULL,NULL,NULL,NULL,NULL,NULL,NULL,NULL,NULL,NULL,NULL,NULL,NULL,NULL,NULL,NULL,NULL,NULL,NULL,'9999999999','9999999999','9999999999'),(298,'tavnu6o-f91j-hkfg-wyhq',NULL,'893 B1','893 B1',NULL,NULL,NULL,NULL,NULL,NULL,NULL,NULL,NULL,NULL,NULL,NULL,NULL,NULL,NULL,NULL,NULL,NULL,NULL,'9999999999','9999999999','9999999999'),(299,'7yrynxb-lp25-ol56-8e1x',NULL,'894 B1','894 B1',NULL,NULL,NULL,NULL,NULL,NULL,NULL,NULL,NULL,NULL,NULL,NULL,NULL,NULL,NULL,NULL,NULL,NULL,NULL,'9999999999','9999999999','9999999999'),(300,'2umipfy-hbx4-kuii-zhk4',NULL,'895 B1','895 B1',NULL,NULL,NULL,NULL,NULL,NULL,NULL,NULL,NULL,NULL,NULL,NULL,NULL,NULL,NULL,NULL,NULL,NULL,NULL,'9999999999','9999999999','9999999999'),(301,'j7aslfo-bdwe-ftp2-4di5',NULL,'896 B1','896 B1',NULL,NULL,NULL,NULL,NULL,NULL,NULL,NULL,NULL,NULL,NULL,NULL,NULL,NULL,NULL,NULL,NULL,NULL,NULL,'9999999999','9999999999','9999999999'),(302,'bt8rl3a-8ykt-8xx6-e7qq',NULL,'897 B1','897 B1',NULL,NULL,NULL,NULL,NULL,NULL,NULL,NULL,NULL,NULL,NULL,NULL,NULL,NULL,NULL,NULL,NULL,NULL,NULL,'9999999999','9999999999','9999999999'),(303,'2jba13z-n410-occw-jc7i',NULL,'899 B1','899 B1',NULL,NULL,NULL,NULL,NULL,NULL,NULL,NULL,NULL,NULL,NULL,NULL,NULL,NULL,NULL,NULL,NULL,NULL,NULL,'9999999999','9999999999','9999999999'),(304,'x01gabk-1ten-fxnk-hzn7',NULL,'902 B1','902 B1',NULL,NULL,NULL,NULL,NULL,NULL,NULL,NULL,NULL,NULL,NULL,NULL,NULL,NULL,NULL,NULL,NULL,NULL,NULL,'9999999999','9999999999','9999999999'),(305,'mzw5vnt-mrje-2pmz-xpu2',NULL,'909 B1','909 B1',NULL,NULL,NULL,NULL,NULL,NULL,NULL,NULL,NULL,NULL,NULL,NULL,NULL,NULL,NULL,NULL,NULL,NULL,NULL,'9999999999','9999999999','9999999999'),(306,'0jp741o-1ddm-qm2t-6ml7',NULL,'733 B1','733 B1',NULL,NULL,NULL,NULL,NULL,NULL,NULL,NULL,NULL,NULL,NULL,NULL,NULL,NULL,NULL,NULL,NULL,NULL,NULL,'9999999999','9999999999','9999999999'),(307,'i6ml2u2-icdu-3skt-963y',NULL,'733 C1','733 C1',NULL,NULL,NULL,NULL,NULL,NULL,NULL,NULL,NULL,NULL,NULL,NULL,NULL,NULL,NULL,NULL,NULL,NULL,NULL,'9999999999','9999999999','9999999999'),(308,'24wu0pk-ib2b-vr4k-dbtv',NULL,'888 B1','888 B1',NULL,NULL,NULL,NULL,NULL,NULL,NULL,NULL,NULL,NULL,NULL,NULL,NULL,NULL,NULL,NULL,NULL,NULL,NULL,'9999999999','9999999999','9999999999'),(309,'foebmqc-25vn-3l5h-somp',NULL,'888 C1','888 C1',NULL,NULL,NULL,NULL,NULL,NULL,NULL,NULL,NULL,NULL,NULL,NULL,NULL,NULL,NULL,NULL,NULL,NULL,NULL,'9999999999','9999999999','9999999999'),(310,'kybkpat-zrux-8r1t-s0b0',NULL,'888 C2','888 C2',NULL,NULL,NULL,NULL,NULL,NULL,NULL,NULL,NULL,NULL,NULL,NULL,NULL,NULL,NULL,NULL,NULL,NULL,NULL,'9999999999','9999999999','9999999999'),(311,'luyxv52-pu0y-0owi-s1kb',NULL,'891 B1','891 B1',NULL,NULL,NULL,NULL,NULL,NULL,NULL,NULL,NULL,NULL,NULL,NULL,NULL,NULL,NULL,NULL,NULL,NULL,NULL,'9999999999','9999999999','9999999999'),(312,'9ufap3g-cxvq-1yhw-syjj',NULL,'891 C1','891 C1',NULL,NULL,NULL,NULL,NULL,NULL,NULL,NULL,NULL,NULL,NULL,NULL,NULL,NULL,NULL,NULL,NULL,NULL,NULL,'9999999999','9999999999','9999999999'),(313,'5pg4w5m-92rx-1c5t-6zsf',NULL,'892 B1','892 B1',NULL,NULL,NULL,NULL,NULL,NULL,NULL,NULL,NULL,NULL,NULL,NULL,NULL,NULL,NULL,NULL,NULL,NULL,NULL,'9999999999','9999999999','9999999999'),(314,'rodlb7a-cyvi-r4ge-0vzc',NULL,'892 C1','892 C1',NULL,NULL,NULL,NULL,NULL,NULL,NULL,NULL,NULL,NULL,NULL,NULL,NULL,NULL,NULL,NULL,NULL,NULL,NULL,'9999999999','9999999999','9999999999'),(315,'4sgiu63-ywo5-8icf-0g16',NULL,'892 C2','892 C2',NULL,NULL,NULL,NULL,NULL,NULL,NULL,NULL,NULL,NULL,NULL,NULL,NULL,NULL,NULL,NULL,NULL,NULL,NULL,'9999999999','9999999999','9999999999'),(316,'r7liknl-u7eq-xhyy-tifk',NULL,'890 B1','890 B1',NULL,NULL,NULL,NULL,NULL,NULL,NULL,NULL,NULL,NULL,NULL,NULL,NULL,NULL,NULL,NULL,NULL,NULL,NULL,'9999999999','9999999999','9999999999'),(317,'0ldizk3-wp9j-514o-tecc',NULL,'890 C1','890 C1',NULL,NULL,NULL,NULL,NULL,NULL,NULL,NULL,NULL,NULL,NULL,NULL,NULL,NULL,NULL,NULL,NULL,NULL,NULL,'9999999999','9999999999','9999999999'),(318,'jdegycc-8pdl-d67e-l33k',NULL,'881 B1','881 B1',NULL,NULL,NULL,NULL,NULL,NULL,NULL,NULL,NULL,NULL,NULL,NULL,NULL,NULL,NULL,NULL,NULL,NULL,NULL,'9999999999','9999999999','9999999999'),(319,'fux6fql-t056-nwtp-y4p9',NULL,'881 C1','881 C1',NULL,NULL,NULL,NULL,NULL,NULL,NULL,NULL,NULL,NULL,NULL,NULL,NULL,NULL,NULL,NULL,NULL,NULL,NULL,'9999999999','9999999999','9999999999'),(320,'agbubg0-qb1u-gsyw-jbmx',NULL,'881 C2','881 C2',NULL,NULL,NULL,NULL,NULL,NULL,NULL,NULL,NULL,NULL,NULL,NULL,NULL,NULL,NULL,NULL,NULL,NULL,NULL,'9999999999','9999999999','9999999999'),(321,'qpmbaf3-vdbd-selo-t89m',NULL,'883 B1','883 B1',NULL,NULL,NULL,NULL,NULL,NULL,NULL,NULL,NULL,NULL,NULL,NULL,NULL,NULL,NULL,NULL,NULL,NULL,NULL,'9999999999','9999999999','9999999999'),(322,'pe1fva8-0u4a-zt2s-ul2e',NULL,'883 C1','883 C1',NULL,NULL,NULL,NULL,NULL,NULL,NULL,NULL,NULL,NULL,NULL,NULL,NULL,NULL,NULL,NULL,NULL,NULL,NULL,'9999999999','9999999999','9999999999'),(323,'bns9hi5-9msy-xq56-o9tv',NULL,'887 B1','887 B1',NULL,NULL,NULL,NULL,NULL,NULL,NULL,NULL,NULL,NULL,NULL,NULL,NULL,NULL,NULL,NULL,NULL,NULL,NULL,'9999999999','9999999999','9999999999'),(324,'7fujf8a-2hgj-f214-z5nd',NULL,'889 B1','889 B1',NULL,NULL,NULL,NULL,NULL,NULL,NULL,NULL,NULL,NULL,NULL,NULL,NULL,NULL,NULL,NULL,NULL,NULL,NULL,'9999999999','9999999999','9999999999'),(325,'qw7obmw-9397-i1sh-bgs0',NULL,'889 C1','889 C1',NULL,NULL,NULL,NULL,NULL,NULL,NULL,NULL,NULL,NULL,NULL,NULL,NULL,NULL,NULL,NULL,NULL,NULL,NULL,'9999999999','9999999999','9999999999'),(326,'o8s2o2k-us9q-6ex2-7dqy',NULL,'885 B1','885 B1',NULL,NULL,NULL,NULL,NULL,NULL,NULL,NULL,NULL,NULL,NULL,NULL,NULL,NULL,NULL,NULL,NULL,NULL,NULL,'9999999999','9999999999','9999999999'),(327,'zo5hqx7-cdk0-lv8b-m94u',NULL,'885 C1','885 C1',NULL,NULL,NULL,NULL,NULL,NULL,NULL,NULL,NULL,NULL,NULL,NULL,NULL,NULL,NULL,NULL,NULL,NULL,NULL,'9999999999','9999999999','9999999999'),(328,'9a5c1d8-2o5w-x5wx-aqd5',NULL,'880 B1','880 B1',NULL,NULL,NULL,NULL,NULL,NULL,NULL,NULL,NULL,NULL,NULL,NULL,NULL,NULL,NULL,NULL,NULL,NULL,NULL,'9999999999','9999999999','9999999999'),(329,'89491fz-hzpf-pek7-7962',NULL,'880 C1','880 C1',NULL,NULL,NULL,NULL,NULL,NULL,NULL,NULL,NULL,NULL,NULL,NULL,NULL,NULL,NULL,NULL,NULL,NULL,NULL,'9999999999','9999999999','9999999999'),(330,'r5o864g-ouf0-ljt8-ragp',NULL,'882 B1','882 B1',NULL,NULL,NULL,NULL,NULL,NULL,NULL,NULL,NULL,NULL,NULL,NULL,NULL,NULL,NULL,NULL,NULL,NULL,NULL,'9999999999','9999999999','9999999999'),(331,'dydg8d6-zwlh-skhj-xm2d',NULL,'882 C1','882 C1',NULL,NULL,NULL,NULL,NULL,NULL,NULL,NULL,NULL,NULL,NULL,NULL,NULL,NULL,NULL,NULL,NULL,NULL,NULL,'9999999999','9999999999','9999999999'),(332,'bygbt66-7m67-wmki-4g0c',NULL,'884 B1','884 B1',NULL,NULL,NULL,NULL,NULL,NULL,NULL,NULL,NULL,NULL,NULL,NULL,NULL,NULL,NULL,NULL,NULL,NULL,NULL,'9999999999','9999999999','9999999999'),(333,'eqlo8xv-p5yt-7g7a-d8wi',NULL,'884 C1','884 C1',NULL,NULL,NULL,NULL,NULL,NULL,NULL,NULL,NULL,NULL,NULL,NULL,NULL,NULL,NULL,NULL,NULL,NULL,NULL,'9999999999','9999999999','9999999999'),(334,'1m5cs80-5vlp-kyqu-i935',NULL,'886 B1','886 B1',NULL,NULL,NULL,NULL,NULL,NULL,NULL,NULL,NULL,NULL,NULL,NULL,NULL,NULL,NULL,NULL,NULL,NULL,NULL,'9999999999','9999999999','9999999999'),(335,'mh56m69-hdcj-46vk-kuvl',NULL,'886 C1','886 C1',NULL,NULL,NULL,NULL,NULL,NULL,NULL,NULL,NULL,NULL,NULL,NULL,NULL,NULL,NULL,NULL,NULL,NULL,NULL,'9999999999','9999999999','9999999999'),(336,'jzq644b-hw70-ujl6-8ckk',NULL,'879 B1','879 B1',NULL,NULL,NULL,NULL,NULL,NULL,NULL,NULL,NULL,NULL,NULL,NULL,NULL,NULL,NULL,NULL,NULL,NULL,NULL,'9999999999','9999999999','9999999999'),(337,'vfsc0r8-ndrh-k48f-e99f',NULL,'879 C1','879 C1',NULL,NULL,NULL,NULL,NULL,NULL,NULL,NULL,NULL,NULL,NULL,NULL,NULL,NULL,NULL,NULL,NULL,NULL,NULL,'9999999999','9999999999','9999999999'),(338,'1fxwl1p-xq9l-s7lg-qjtg',NULL,'876 B1','876 B1',NULL,NULL,NULL,NULL,NULL,NULL,NULL,NULL,NULL,NULL,NULL,NULL,NULL,NULL,NULL,NULL,NULL,NULL,NULL,'9999999999','9999999999','9999999999'),(339,'2rj38vw-gzj0-xkvl-w5ok',NULL,'876 C1','876 C1',NULL,NULL,NULL,NULL,NULL,NULL,NULL,NULL,NULL,NULL,NULL,NULL,NULL,NULL,NULL,NULL,NULL,NULL,NULL,'9999999999','9999999999','9999999999'),(340,'qmmqzlt-6doi-djzy-usyu',NULL,'876 C2','876 C2',NULL,NULL,NULL,NULL,NULL,NULL,NULL,NULL,NULL,NULL,NULL,NULL,NULL,NULL,NULL,NULL,NULL,NULL,NULL,'9999999999','9999999999','9999999999'),(341,'aaiydxz-crpx-xi8y-6hg2',NULL,'876 C3','876 C3',NULL,NULL,NULL,NULL,NULL,NULL,NULL,NULL,NULL,NULL,NULL,NULL,NULL,NULL,NULL,NULL,NULL,NULL,NULL,'9999999999','9999999999','9999999999'),(342,'tb74n75-tjsy-dvmj-cs7o',NULL,'876 C4','876 C4',NULL,NULL,NULL,NULL,NULL,NULL,NULL,NULL,NULL,NULL,NULL,NULL,NULL,NULL,NULL,NULL,NULL,NULL,NULL,'9999999999','9999999999','9999999999'),(343,'vhqt3q5-rk52-d0fo-u6jh',NULL,'876 C5','876 C5',NULL,NULL,NULL,NULL,NULL,NULL,NULL,NULL,NULL,NULL,NULL,NULL,NULL,NULL,NULL,NULL,NULL,NULL,NULL,'9999999999','9999999999','9999999999'),(344,'jupqob4-nh8v-eqqo-mec1',NULL,'877 B1','877 B1',NULL,NULL,NULL,NULL,NULL,NULL,NULL,NULL,NULL,NULL,NULL,NULL,NULL,NULL,NULL,NULL,NULL,NULL,NULL,'9999999999','9999999999','9999999999'),(345,'rnm7g2q-jlbw-brko-nyuw',NULL,'877 C1','877 C1',NULL,NULL,NULL,NULL,NULL,NULL,NULL,NULL,NULL,NULL,NULL,NULL,NULL,NULL,NULL,NULL,NULL,NULL,NULL,'9999999999','9999999999','9999999999'),(346,'7w38yib-nthv-60ey-u8h6',NULL,'878 B1','878 B1',NULL,NULL,NULL,NULL,NULL,NULL,NULL,NULL,NULL,NULL,NULL,NULL,NULL,NULL,NULL,NULL,NULL,NULL,NULL,'9999999999','9999999999','9999999999'),(347,'cl2f1ek-19zj-yiyo-9lly',NULL,'878 C1','878 C1',NULL,NULL,NULL,NULL,NULL,NULL,NULL,NULL,NULL,NULL,NULL,NULL,NULL,NULL,NULL,NULL,NULL,NULL,NULL,'9999999999','9999999999','9999999999'),(348,'ksgpih9-0y8e-ml3y-4e22',NULL,'874 B1','874 B1',NULL,NULL,NULL,NULL,NULL,NULL,NULL,NULL,NULL,NULL,NULL,NULL,NULL,NULL,NULL,NULL,NULL,NULL,NULL,'9999999999','9999999999','9999999999'),(349,'cxh5173-2689-2pwy-q86p',NULL,'874 C1','874 C1',NULL,NULL,NULL,NULL,NULL,NULL,NULL,NULL,NULL,NULL,NULL,NULL,NULL,NULL,NULL,NULL,NULL,NULL,NULL,'9999999999','9999999999','9999999999'),(350,'t6n98u1-a1zy-u969-ppxn',NULL,'874 C2','874 C2',NULL,NULL,NULL,NULL,NULL,NULL,NULL,NULL,NULL,NULL,NULL,NULL,NULL,NULL,NULL,NULL,NULL,NULL,NULL,'9999999999','9999999999','9999999999'),(351,'pfzcc2s-skgk-tfj7-kfn5',NULL,'874 C3','874 C3',NULL,NULL,NULL,NULL,NULL,NULL,NULL,NULL,NULL,NULL,NULL,NULL,NULL,NULL,NULL,NULL,NULL,NULL,NULL,'9999999999','9999999999','9999999999'),(352,'nerjqvc-luox-xs6v-k4xa',NULL,'874 C4','874 C4',NULL,NULL,NULL,NULL,NULL,NULL,NULL,NULL,NULL,NULL,NULL,NULL,NULL,NULL,NULL,NULL,NULL,NULL,NULL,'9999999999','9999999999','9999999999'),(353,'5khmdk5-5pgs-6pfv-vz1q',NULL,'874 C5','874 C5',NULL,NULL,NULL,NULL,NULL,NULL,NULL,NULL,NULL,NULL,NULL,NULL,NULL,NULL,NULL,NULL,NULL,NULL,NULL,'9999999999','9999999999','9999999999'),(354,'9f7lckc-pkyx-d8hm-0c05',NULL,'874 C6','874 C6',NULL,NULL,NULL,NULL,NULL,NULL,NULL,NULL,NULL,NULL,NULL,NULL,NULL,NULL,NULL,NULL,NULL,NULL,NULL,'9999999999','9999999999','9999999999'),(355,'7x7v3xu-lfnj-i4md-u31o',NULL,'874 C7','874 C7',NULL,NULL,NULL,NULL,NULL,NULL,NULL,NULL,NULL,NULL,NULL,NULL,NULL,NULL,NULL,NULL,NULL,NULL,NULL,'9999999999','9999999999','9999999999'),(356,'skcp0va-lpso-u1zl-vjvj',NULL,'874 C8','874 C8',NULL,NULL,NULL,NULL,NULL,NULL,NULL,NULL,NULL,NULL,NULL,NULL,NULL,NULL,NULL,NULL,NULL,NULL,NULL,'9999999999','9999999999','9999999999'),(357,'0dve7xn-fxyc-i1tu-0n7e',NULL,'874 C9','874 C9',NULL,NULL,NULL,NULL,NULL,NULL,NULL,NULL,NULL,NULL,NULL,NULL,NULL,NULL,NULL,NULL,NULL,NULL,NULL,'9999999999','9999999999','9999999999'),(358,'6z2kz0j-9wjv-v96i-op8x',NULL,'874 C10','874 C10',NULL,NULL,NULL,NULL,NULL,NULL,NULL,NULL,NULL,NULL,NULL,NULL,NULL,NULL,NULL,NULL,NULL,NULL,NULL,'9999999999','9999999999','9999999999'),(359,'k5ebh82-60ok-8zoe-dp3d',NULL,'874 C11','874 C11',NULL,NULL,NULL,NULL,NULL,NULL,NULL,NULL,NULL,NULL,NULL,NULL,NULL,NULL,NULL,NULL,NULL,NULL,NULL,'9999999999','9999999999','9999999999'),(360,'kb4msbd-skr4-hahx-6zri',NULL,'874 C12','874 C12',NULL,NULL,NULL,NULL,NULL,NULL,NULL,NULL,NULL,NULL,NULL,NULL,NULL,NULL,NULL,NULL,NULL,NULL,NULL,'9999999999','9999999999','9999999999'),(361,'rx6lsjs-kboz-fcyd-f857',NULL,'874 C13','874 C13',NULL,NULL,NULL,NULL,NULL,NULL,NULL,NULL,NULL,NULL,NULL,NULL,NULL,NULL,NULL,NULL,NULL,NULL,NULL,'9999999999','9999999999','9999999999'),(362,'nplj0xx-kfqq-91r7-ufw7',NULL,'874 C14','874 C14',NULL,NULL,NULL,NULL,NULL,NULL,NULL,NULL,NULL,NULL,NULL,NULL,NULL,NULL,NULL,NULL,NULL,NULL,NULL,'9999999999','9999999999','9999999999'),(363,'bp21cwx-kzqk-vuan-6szf',NULL,'875 B1','875 B1',NULL,NULL,NULL,NULL,NULL,NULL,NULL,NULL,NULL,NULL,NULL,NULL,NULL,NULL,NULL,NULL,NULL,NULL,NULL,'9999999999','9999999999','9999999999'),(364,'ot4j0dx-b8lo-dfx4-p97y',NULL,'875 C1','875 C1',NULL,NULL,NULL,NULL,NULL,NULL,NULL,NULL,NULL,NULL,NULL,NULL,NULL,NULL,NULL,NULL,NULL,NULL,NULL,'9999999999','9999999999','9999999999'),(365,'t1hdlyv-fs5x-cprf-rtd9',NULL,'875 C2','875 C2',NULL,NULL,NULL,NULL,NULL,NULL,NULL,NULL,NULL,NULL,NULL,NULL,NULL,NULL,NULL,NULL,NULL,NULL,NULL,'9999999999','9999999999','9999999999'),(366,'w9nz245-s4zx-o5pz-1n3t',NULL,'875 C3','875 C3',NULL,NULL,NULL,NULL,NULL,NULL,NULL,NULL,NULL,NULL,NULL,NULL,NULL,NULL,NULL,NULL,NULL,NULL,NULL,'9999999999','9999999999','9999999999'),(367,'7oii56c-vjch-dy3y-7853',NULL,'875 C4','875 C4',NULL,NULL,NULL,NULL,NULL,NULL,NULL,NULL,NULL,NULL,NULL,NULL,NULL,NULL,NULL,NULL,NULL,NULL,NULL,'9999999999','9999999999','9999999999'),(368,'dg06yso-hyqd-ijtq-civu',NULL,'875 C5','875 C5',NULL,NULL,NULL,NULL,NULL,NULL,NULL,NULL,NULL,NULL,NULL,NULL,NULL,NULL,NULL,NULL,NULL,NULL,NULL,'9999999999','9999999999','9999999999'),(369,'p3g1n0g-vu7b-z0l7-whwb',NULL,'875 C6','875 C6',NULL,NULL,NULL,NULL,NULL,NULL,NULL,NULL,NULL,NULL,NULL,NULL,NULL,NULL,NULL,NULL,NULL,NULL,NULL,'9999999999','9999999999','9999999999'),(370,'9kyhrxs-rytv-0291-b1v6',NULL,'875 C7','875 C7',NULL,NULL,NULL,NULL,NULL,NULL,NULL,NULL,NULL,NULL,NULL,NULL,NULL,NULL,NULL,NULL,NULL,NULL,NULL,'9999999999','9999999999','9999999999'),(371,'n2a3rap-2jmq-erbw-y6n9',NULL,'875 C8','875 C8',NULL,NULL,NULL,NULL,NULL,NULL,NULL,NULL,NULL,NULL,NULL,NULL,NULL,NULL,NULL,NULL,NULL,NULL,NULL,'9999999999','9999999999','9999999999'),(372,'h5snfja-o2np-zhk1-wd8f',NULL,'875 C9','875 C9',NULL,NULL,NULL,NULL,NULL,NULL,NULL,NULL,NULL,NULL,NULL,NULL,NULL,NULL,NULL,NULL,NULL,NULL,NULL,'9999999999','9999999999','9999999999'),(373,'yh1oed5-orxx-57wm-ogew',NULL,'875 C10','875 C10',NULL,NULL,NULL,NULL,NULL,NULL,NULL,NULL,NULL,NULL,NULL,NULL,NULL,NULL,NULL,NULL,NULL,NULL,NULL,'9999999999','9999999999','9999999999'),(374,'t5i6mca-oea7-53l2-ygwr',NULL,'875 C11','875 C11',NULL,NULL,NULL,NULL,NULL,NULL,NULL,NULL,NULL,NULL,NULL,NULL,NULL,NULL,NULL,NULL,NULL,NULL,NULL,'9999999999','9999999999','9999999999'),(375,'bev781w-5j1w-e341-rlnq',NULL,'875 C12','875 C12',NULL,NULL,NULL,NULL,NULL,NULL,NULL,NULL,NULL,NULL,NULL,NULL,NULL,NULL,NULL,NULL,NULL,NULL,NULL,'9999999999','9999999999','9999999999'),(376,'r0w2bab-wrsw-jbsd-zexl',NULL,'875 C13','875 C13',NULL,NULL,NULL,NULL,NULL,NULL,NULL,NULL,NULL,NULL,NULL,NULL,NULL,NULL,NULL,NULL,NULL,NULL,NULL,'9999999999','9999999999','9999999999'),(377,'nzcau0k-md1y-1yby-faey',NULL,'875 C14','875 C14',NULL,NULL,NULL,NULL,NULL,NULL,NULL,NULL,NULL,NULL,NULL,NULL,NULL,NULL,NULL,NULL,NULL,NULL,NULL,'9999999999','9999999999','9999999999'),(378,'bjcl5yt-tmdu-5rte-tm0d',NULL,'875 C15','875 C15',NULL,NULL,NULL,NULL,NULL,NULL,NULL,NULL,NULL,NULL,NULL,NULL,NULL,NULL,NULL,NULL,NULL,NULL,NULL,'9999999999','9999999999','9999999999'),(379,'t74ramb-dcyc-mnmq-1h3y',NULL,'875 C16','875 C16',NULL,NULL,NULL,NULL,NULL,NULL,NULL,NULL,NULL,NULL,NULL,NULL,NULL,NULL,NULL,NULL,NULL,NULL,NULL,'9999999999','9999999999','9999999999'),(380,'lm4pwej-fe1q-1dc6-g15p',NULL,'875 C17','875 C17',NULL,NULL,NULL,NULL,NULL,NULL,NULL,NULL,NULL,NULL,NULL,NULL,NULL,NULL,NULL,NULL,NULL,NULL,NULL,'9999999999','9999999999','9999999999'),(381,'di6qv4m-d6z4-jgnz-y5b6',NULL,'875 C18','875 C18',NULL,NULL,NULL,NULL,NULL,NULL,NULL,NULL,NULL,NULL,NULL,NULL,NULL,NULL,NULL,NULL,NULL,NULL,NULL,'9999999999','9999999999','9999999999'),(382,'m4mla6l-cltm-llhh-c8e6',NULL,'875 C19','875 C19',NULL,NULL,NULL,NULL,NULL,NULL,NULL,NULL,NULL,NULL,NULL,NULL,NULL,NULL,NULL,NULL,NULL,NULL,NULL,'9999999999','9999999999','9999999999'),(383,'306ei89-lbgj-rnlp-zf0q',NULL,'875 C20','875 C20',NULL,NULL,NULL,NULL,NULL,NULL,NULL,NULL,NULL,NULL,NULL,NULL,NULL,NULL,NULL,NULL,NULL,NULL,NULL,'9999999999','9999999999','9999999999'),(384,'uc7sq3a-dr8k-5lqs-2ixt',NULL,'875 C21','875 C21',NULL,NULL,NULL,NULL,NULL,NULL,NULL,NULL,NULL,NULL,NULL,NULL,NULL,NULL,NULL,NULL,NULL,NULL,NULL,'9999999999','9999999999','9999999999'),(385,'wyb0itu-0m4y-hn1e-8cfs',NULL,'875 C22','875 C22',NULL,NULL,NULL,NULL,NULL,NULL,NULL,NULL,NULL,NULL,NULL,NULL,NULL,NULL,NULL,NULL,NULL,NULL,NULL,'9999999999','9999999999','9999999999'),(386,'wwp1sxo-ouhp-vu8g-akzh',NULL,'875 C23','875 C23',NULL,NULL,NULL,NULL,NULL,NULL,NULL,NULL,NULL,NULL,NULL,NULL,NULL,NULL,NULL,NULL,NULL,NULL,NULL,'9999999999','9999999999','9999999999'),(387,'x0mh964-5ffv-vm9q-mdvw',NULL,'875 C24','875 C24',NULL,NULL,NULL,NULL,NULL,NULL,NULL,NULL,NULL,NULL,NULL,NULL,NULL,NULL,NULL,NULL,NULL,NULL,NULL,'9999999999','9999999999','9999999999'),(388,'hzjj7vl-4tdd-j24a-g5t2',NULL,'875 C25','875 C25',NULL,NULL,NULL,NULL,NULL,NULL,NULL,NULL,NULL,NULL,NULL,NULL,NULL,NULL,NULL,NULL,NULL,NULL,NULL,'9999999999','9999999999','9999999999'),(389,'cwenbzl-x79x-53q0-gaqq',NULL,'206 S1','206 S1',NULL,NULL,NULL,NULL,NULL,NULL,NULL,NULL,NULL,NULL,NULL,NULL,NULL,NULL,NULL,NULL,NULL,NULL,NULL,'9999999999','9999999999','9999999999'),(390,'c3f5sh1-uufy-uzu3-v2k1',NULL,'761 B1','761 B1',NULL,NULL,NULL,NULL,NULL,NULL,NULL,NULL,NULL,NULL,NULL,NULL,NULL,NULL,NULL,NULL,NULL,NULL,NULL,'9999999999','9999999999','9999999999'),(391,'49375pk-qft3-00bm-u2kr',NULL,'762 B1','762 B1',NULL,NULL,NULL,NULL,NULL,NULL,NULL,NULL,NULL,NULL,NULL,NULL,NULL,NULL,NULL,NULL,NULL,NULL,NULL,'9999999999','9999999999','9999999999'),(392,'ptsi1xi-717b-xqjr-1nni',NULL,'762 C1','762 C1',NULL,NULL,NULL,NULL,NULL,NULL,NULL,NULL,NULL,NULL,NULL,NULL,NULL,NULL,NULL,NULL,NULL,NULL,NULL,'9999999999','9999999999','9999999999'),(393,'vb1gsug-l4ij-8gja-rr40',NULL,'763 B1','763 B1',NULL,NULL,NULL,NULL,NULL,NULL,NULL,NULL,NULL,NULL,NULL,NULL,NULL,NULL,NULL,NULL,NULL,NULL,NULL,'9999999999','9999999999','9999999999'),(394,'g6ci2zr-a1z0-wf3i-6dg0',NULL,'763 S1','763 S1',NULL,NULL,NULL,NULL,NULL,NULL,NULL,NULL,NULL,NULL,NULL,NULL,NULL,NULL,NULL,NULL,NULL,NULL,NULL,'9999999999','9999999999','9999999999'),(395,'1g6jfmt-0jih-6bts-do0q',NULL,'764 B1','764 B1',NULL,NULL,NULL,NULL,NULL,NULL,NULL,NULL,NULL,NULL,NULL,NULL,NULL,NULL,NULL,NULL,NULL,NULL,NULL,'9999999999','9999999999','9999999999'),(396,'nbvbwx9-x3ah-wtwu-jbam',NULL,'764 C1','764 C1',NULL,NULL,NULL,NULL,NULL,NULL,NULL,NULL,NULL,NULL,NULL,NULL,NULL,NULL,NULL,NULL,NULL,NULL,NULL,'9999999999','9999999999','9999999999'),(397,'t965r7j-55wg-bc7z-34lk',NULL,'765 B1','765 B1',NULL,NULL,NULL,NULL,NULL,NULL,NULL,NULL,NULL,NULL,NULL,NULL,NULL,NULL,NULL,NULL,NULL,NULL,NULL,'9999999999','9999999999','9999999999'),(398,'sjhw39t-rb6o-aymt-8sez',NULL,'765 C1','765 C1',NULL,NULL,NULL,NULL,NULL,NULL,NULL,NULL,NULL,NULL,NULL,NULL,NULL,NULL,NULL,NULL,NULL,NULL,NULL,'9999999999','9999999999','9999999999'),(399,'732z1b9-0bpr-e3n9-jr5p',NULL,'749 B1','749 B1',NULL,NULL,NULL,NULL,NULL,NULL,NULL,NULL,NULL,NULL,NULL,NULL,NULL,NULL,NULL,NULL,NULL,NULL,NULL,'9999999999','9999999999','9999999999'),(400,'y3j34ru-dosq-t6ny-pi0r',NULL,'757 B1','757 B1',NULL,NULL,NULL,NULL,NULL,NULL,NULL,NULL,NULL,NULL,NULL,NULL,NULL,NULL,NULL,NULL,NULL,NULL,NULL,'9999999999','9999999999','9999999999'),(401,'a2l6acp-4z1v-t77i-hmqb',NULL,'758 B1','758 B1',NULL,NULL,NULL,NULL,NULL,NULL,NULL,NULL,NULL,NULL,NULL,NULL,NULL,NULL,NULL,NULL,NULL,NULL,NULL,'9999999999','9999999999','9999999999'),(402,'ycwyl0q-c7bl-3pae-hf3w',NULL,'759 B1','759 B1',NULL,NULL,NULL,NULL,NULL,NULL,NULL,NULL,NULL,NULL,NULL,NULL,NULL,NULL,NULL,NULL,NULL,NULL,NULL,'9999999999','9999999999','9999999999'),(403,'a22fw6z-5xjg-vyjp-7dma',NULL,'759 C1','759 C1',NULL,NULL,NULL,NULL,NULL,NULL,NULL,NULL,NULL,NULL,NULL,NULL,NULL,NULL,NULL,NULL,NULL,NULL,NULL,'9999999999','9999999999','9999999999'),(404,'yl1zml2-i980-d9vt-mm9h',NULL,'760 B1','760 B1',NULL,NULL,NULL,NULL,NULL,NULL,NULL,NULL,NULL,NULL,NULL,NULL,NULL,NULL,NULL,NULL,NULL,NULL,NULL,'9999999999','9999999999','9999999999'),(405,'n3vt9qr-qgcq-nqqk-esop',NULL,'752 B1','752 B1',NULL,NULL,NULL,NULL,NULL,NULL,NULL,NULL,NULL,NULL,NULL,NULL,NULL,NULL,NULL,NULL,NULL,NULL,NULL,'9999999999','9999999999','9999999999'),(406,'5feac1z-kf65-tbax-xzji',NULL,'753 B1','753 B1',NULL,NULL,NULL,NULL,NULL,NULL,NULL,NULL,NULL,NULL,NULL,NULL,NULL,NULL,NULL,NULL,NULL,NULL,NULL,'9999999999','9999999999','9999999999'),(407,'oxlz73c-d7bh-r8jh-te8l',NULL,'753 C1','753 C1',NULL,NULL,NULL,NULL,NULL,NULL,NULL,NULL,NULL,NULL,NULL,NULL,NULL,NULL,NULL,NULL,NULL,NULL,NULL,'9999999999','9999999999','9999999999'),(408,'76ibn7c-x6wa-v286-74qs',NULL,'754 B1','754 B1',NULL,NULL,NULL,NULL,NULL,NULL,NULL,NULL,NULL,NULL,NULL,NULL,NULL,NULL,NULL,NULL,NULL,NULL,NULL,'9999999999','9999999999','9999999999'),(409,'2xyxkly-23bi-4etg-pfk9',NULL,'743 B1','743 B1',NULL,NULL,NULL,NULL,NULL,NULL,NULL,NULL,NULL,NULL,NULL,NULL,NULL,NULL,NULL,NULL,NULL,NULL,NULL,'9999999999','9999999999','9999999999'),(410,'tqs06bl-24ky-9vlb-tbs8',NULL,'744 B1','744 B1',NULL,NULL,NULL,NULL,NULL,NULL,NULL,NULL,NULL,NULL,NULL,NULL,NULL,NULL,NULL,NULL,NULL,NULL,NULL,'9999999999','9999999999','9999999999'),(411,'bz27b0e-o5l4-qbez-jj3r',NULL,'745 B1','745 B1',NULL,NULL,NULL,NULL,NULL,NULL,NULL,NULL,NULL,NULL,NULL,NULL,NULL,NULL,NULL,NULL,NULL,NULL,NULL,'9999999999','9999999999','9999999999'),(412,'37avtwo-d7jp-b27b-c8o2',NULL,'745 C1','745 C1',NULL,NULL,NULL,NULL,NULL,NULL,NULL,NULL,NULL,NULL,NULL,NULL,NULL,NULL,NULL,NULL,NULL,NULL,NULL,'9999999999','9999999999','9999999999'),(413,'edbgom8-aqoa-pdbf-261u',NULL,'746 B1','746 B1',NULL,NULL,NULL,NULL,NULL,NULL,NULL,NULL,NULL,NULL,NULL,NULL,NULL,NULL,NULL,NULL,NULL,NULL,NULL,'9999999999','9999999999','9999999999'),(414,'dv789fi-27yf-ahtm-hho2',NULL,'746 C1','746 C1',NULL,NULL,NULL,NULL,NULL,NULL,NULL,NULL,NULL,NULL,NULL,NULL,NULL,NULL,NULL,NULL,NULL,NULL,NULL,'9999999999','9999999999','9999999999'),(415,'eyvr4g8-yvl5-2fp7-blvv',NULL,'747 B1','747 B1',NULL,NULL,NULL,NULL,NULL,NULL,NULL,NULL,NULL,NULL,NULL,NULL,NULL,NULL,NULL,NULL,NULL,NULL,NULL,'9999999999','9999999999','9999999999'),(416,'24ek0hw-tey8-z2rv-jwws',NULL,'748 B1','748 B1',NULL,NULL,NULL,NULL,NULL,NULL,NULL,NULL,NULL,NULL,NULL,NULL,NULL,NULL,NULL,NULL,NULL,NULL,NULL,'9999999999','9999999999','9999999999'),(417,'1tl5lzz-8yvt-u8zp-h5rj',NULL,'748 C1','748 C1',NULL,NULL,NULL,NULL,NULL,NULL,NULL,NULL,NULL,NULL,NULL,NULL,NULL,NULL,NULL,NULL,NULL,NULL,NULL,'9999999999','9999999999','9999999999'),(418,'70vjsbe-hxej-35ju-oe4e',NULL,'206 B1','206 B1',NULL,NULL,NULL,NULL,NULL,NULL,NULL,NULL,NULL,NULL,NULL,NULL,NULL,NULL,NULL,NULL,NULL,NULL,NULL,'9999999999','9999999999','9999999999'),(419,'gbxexy7-teox-17je-h3iy',NULL,'206 C1','206 C1',NULL,NULL,NULL,NULL,NULL,NULL,NULL,NULL,NULL,NULL,NULL,NULL,NULL,NULL,NULL,NULL,NULL,NULL,NULL,'9999999999','9999999999','9999999999'),(420,'70equcc-6u1x-sjcn-z3sy',NULL,'206 C2','206 C2',NULL,NULL,NULL,NULL,NULL,NULL,NULL,NULL,NULL,NULL,NULL,NULL,NULL,NULL,NULL,NULL,NULL,NULL,NULL,'9999999999','9999999999','9999999999'),(421,'f8sv63z-ooa8-t6i9-d2aq',NULL,'206 C3','206 C3',NULL,NULL,NULL,NULL,NULL,NULL,NULL,NULL,NULL,NULL,NULL,NULL,NULL,NULL,NULL,NULL,NULL,NULL,NULL,'9999999999','9999999999','9999999999'),(422,'qryug1p-30ui-6lzi-k8uj',NULL,'206 C4','206 C4',NULL,NULL,NULL,NULL,NULL,NULL,NULL,NULL,NULL,NULL,NULL,NULL,NULL,NULL,NULL,NULL,NULL,NULL,NULL,'9999999999','9999999999','9999999999'),(423,'8da9jmh-9k0q-q0eh-c4tp',NULL,'206 C5','206 C5',NULL,NULL,NULL,NULL,NULL,NULL,NULL,NULL,NULL,NULL,NULL,NULL,NULL,NULL,NULL,NULL,NULL,NULL,NULL,'9999999999','9999999999','9999999999'),(424,'qcms8on-6kvs-13zu-kdg3',NULL,'206 C6','206 C6',NULL,NULL,NULL,NULL,NULL,NULL,NULL,NULL,NULL,NULL,NULL,NULL,NULL,NULL,NULL,NULL,NULL,NULL,NULL,'9999999999','9999999999','9999999999'),(425,'97xwdsm-ecki-2818-xmsw',NULL,'206 C7','206 C7',NULL,NULL,NULL,NULL,NULL,NULL,NULL,NULL,NULL,NULL,NULL,NULL,NULL,NULL,NULL,NULL,NULL,NULL,NULL,'9999999999','9999999999','9999999999'),(426,'peo3bzp-2z73-w6mr-ey0l',NULL,'206 C8','206 C8',NULL,NULL,NULL,NULL,NULL,NULL,NULL,NULL,NULL,NULL,NULL,NULL,NULL,NULL,NULL,NULL,NULL,NULL,NULL,'9999999999','9999999999','9999999999'),(427,'i46qq5p-9f13-i9vv-eryq',NULL,'206 C9','206 C9',NULL,NULL,NULL,NULL,NULL,NULL,NULL,NULL,NULL,NULL,NULL,NULL,NULL,NULL,NULL,NULL,NULL,NULL,NULL,'9999999999','9999999999','9999999999'),(428,'z16govy-0xeu-v9n9-7qqb',NULL,'206 C10','206 C10',NULL,NULL,NULL,NULL,NULL,NULL,NULL,NULL,NULL,NULL,NULL,NULL,NULL,NULL,NULL,NULL,NULL,NULL,NULL,'9999999999','9999999999','9999999999'),(429,'vgcj048-0740-lo4w-e4ey',NULL,'206 C11','206 C11',NULL,NULL,NULL,NULL,NULL,NULL,NULL,NULL,NULL,NULL,NULL,NULL,NULL,NULL,NULL,NULL,NULL,NULL,NULL,'9999999999','9999999999','9999999999'),(430,'r3q7qs5-65xa-80gb-8rlf',NULL,'206 C12','206 C12',NULL,NULL,NULL,NULL,NULL,NULL,NULL,NULL,NULL,NULL,NULL,NULL,NULL,NULL,NULL,NULL,NULL,NULL,NULL,'9999999999','9999999999','9999999999'),(431,'w18m7ni-c6v8-vqa8-hgro',NULL,'206 C13','206 C13',NULL,NULL,NULL,NULL,NULL,NULL,NULL,NULL,NULL,NULL,NULL,NULL,NULL,NULL,NULL,NULL,NULL,NULL,NULL,'9999999999','9999999999','9999999999'),(432,'yo3m2yv-zkza-jl4p-3a09',NULL,'206 C14','206 C14',NULL,NULL,NULL,NULL,NULL,NULL,NULL,NULL,NULL,NULL,NULL,NULL,NULL,NULL,NULL,NULL,NULL,NULL,NULL,'9999999999','9999999999','9999999999'),(433,'vnkad30-6sll-zkpk-hs6k',NULL,'750 B1','750 B1',NULL,NULL,NULL,NULL,NULL,NULL,NULL,NULL,NULL,NULL,NULL,NULL,NULL,NULL,NULL,NULL,NULL,NULL,NULL,'9999999999','9999999999','9999999999'),(434,'9g1u2nd-03uq-mujx-hbdz',NULL,'751 B1','751 B1',NULL,NULL,NULL,NULL,NULL,NULL,NULL,NULL,NULL,NULL,NULL,NULL,NULL,NULL,NULL,NULL,NULL,NULL,NULL,'9999999999','9999999999','9999999999'),(435,'8dy1b5f-zv2c-8oot-wj3n',NULL,'755 B1','755 B1',NULL,NULL,NULL,NULL,NULL,NULL,NULL,NULL,NULL,NULL,NULL,NULL,NULL,NULL,NULL,NULL,NULL,NULL,NULL,'9999999999','9999999999','9999999999'),(436,'ukipwcd-35gk-vr4f-7z4f',NULL,'756 B1','756 B1',NULL,NULL,NULL,NULL,NULL,NULL,NULL,NULL,NULL,NULL,NULL,NULL,NULL,NULL,NULL,NULL,NULL,NULL,NULL,'9999999999','9999999999','9999999999'),(437,'l1bup2v-nu8k-w2ff-4ht1',NULL,'767 B1','767 B1',NULL,NULL,NULL,NULL,NULL,NULL,NULL,NULL,NULL,NULL,NULL,NULL,NULL,NULL,NULL,NULL,NULL,NULL,NULL,'9999999999','9999999999','9999999999'),(438,'1l1ypsm-dy6r-8qmf-d7cu',NULL,'767 C1','767 C1',NULL,NULL,NULL,NULL,NULL,NULL,NULL,NULL,NULL,NULL,NULL,NULL,NULL,NULL,NULL,NULL,NULL,NULL,NULL,'9999999999','9999999999','9999999999'),(439,'ud7l1xi-0j6a-zcv3-5ter',NULL,'767 C2','767 C2',NULL,NULL,NULL,NULL,NULL,NULL,NULL,NULL,NULL,NULL,NULL,NULL,NULL,NULL,NULL,NULL,NULL,NULL,NULL,'9999999999','9999999999','9999999999'),(440,'ane18s8-wjds-oikf-r8ba',NULL,'769 B1','769 B1',NULL,NULL,NULL,NULL,NULL,NULL,NULL,NULL,NULL,NULL,NULL,NULL,NULL,NULL,NULL,NULL,NULL,NULL,NULL,'9999999999','9999999999','9999999999'),(441,'8f4827h-0ckz-sepg-6a4q',NULL,'769 C1','769 C1',NULL,NULL,NULL,NULL,NULL,NULL,NULL,NULL,NULL,NULL,NULL,NULL,NULL,NULL,NULL,NULL,NULL,NULL,NULL,'9999999999','9999999999','9999999999'),(442,'67aiodm-156u-xdk6-kjtw',NULL,'770 B1','770 B1',NULL,NULL,NULL,NULL,NULL,NULL,NULL,NULL,NULL,NULL,NULL,NULL,NULL,NULL,NULL,NULL,NULL,NULL,NULL,'9999999999','9999999999','9999999999'),(443,'a7gebfk-c1ys-gvc7-ftwv',NULL,'770 C1','770 C1',NULL,NULL,NULL,NULL,NULL,NULL,NULL,NULL,NULL,NULL,NULL,NULL,NULL,NULL,NULL,NULL,NULL,NULL,NULL,'9999999999','9999999999','9999999999'),(444,'6eyncqn-vi9b-9ddp-mgdt',NULL,'771 B1','771 B1',NULL,NULL,NULL,NULL,NULL,NULL,NULL,NULL,NULL,NULL,NULL,NULL,NULL,NULL,NULL,NULL,NULL,NULL,NULL,'9999999999','9999999999','9999999999'),(445,'h1qx31l-bw7g-94gs-mdds',NULL,'771 C1','771 C1',NULL,NULL,NULL,NULL,NULL,NULL,NULL,NULL,NULL,NULL,NULL,NULL,NULL,NULL,NULL,NULL,NULL,NULL,NULL,'9999999999','9999999999','9999999999'),(446,'a4vxehw-nnje-q92b-23e8',NULL,'772 B1','772 B1',NULL,NULL,NULL,NULL,NULL,NULL,NULL,NULL,NULL,NULL,NULL,NULL,NULL,NULL,NULL,NULL,NULL,NULL,NULL,'9999999999','9999999999','9999999999'),(447,'8361dfm-5dxc-yzpz-6d3u',NULL,'773 B1','773 B1',NULL,NULL,NULL,NULL,NULL,NULL,NULL,NULL,NULL,NULL,NULL,NULL,NULL,NULL,NULL,NULL,NULL,NULL,NULL,'9999999999','9999999999','9999999999'),(448,'zon6bdy-hjx1-fe93-a7eu',NULL,'773 C1','773 C1',NULL,NULL,NULL,NULL,NULL,NULL,NULL,NULL,NULL,NULL,NULL,NULL,NULL,NULL,NULL,NULL,NULL,NULL,NULL,'9999999999','9999999999','9999999999'),(449,'m6nkdxb-hv1l-cek1-z977',NULL,'774 B1','774 B1',NULL,NULL,NULL,NULL,NULL,NULL,NULL,NULL,NULL,NULL,NULL,NULL,NULL,NULL,NULL,NULL,NULL,NULL,NULL,'9999999999','9999999999','9999999999'),(450,'b1m6gjl-7rtb-cwbe-ytw4',NULL,'768 B1','768 B1',NULL,NULL,NULL,NULL,NULL,NULL,NULL,NULL,NULL,NULL,NULL,NULL,NULL,NULL,NULL,NULL,NULL,NULL,NULL,'9999999999','9999999999','9999999999'),(451,'wrcyozx-m5f2-0ebr-qp11',NULL,'742 B1','742 B1',NULL,NULL,NULL,NULL,NULL,NULL,NULL,NULL,NULL,NULL,NULL,NULL,NULL,NULL,NULL,NULL,NULL,NULL,NULL,'9999999999','9999999999','9999999999'),(452,'z1489q3-t6dz-1pcm-8qt3',NULL,'766 B1','766 B1',NULL,NULL,NULL,NULL,NULL,NULL,NULL,NULL,NULL,NULL,NULL,NULL,NULL,NULL,NULL,NULL,NULL,NULL,NULL,'9999999999','9999999999','9999999999'),(453,'k03456r-hokx-kt8m-8wp4',NULL,'766 C1','766 C1',NULL,NULL,NULL,NULL,NULL,NULL,NULL,NULL,NULL,NULL,NULL,NULL,NULL,NULL,NULL,NULL,NULL,NULL,NULL,'9999999999','9999999999','9999999999'),(454,'37dk2s8-mtv3-yi4y-lsg3',NULL,'768 C1','768 C1',NULL,NULL,NULL,NULL,NULL,NULL,NULL,NULL,NULL,NULL,NULL,NULL,NULL,NULL,NULL,NULL,NULL,NULL,NULL,'9999999999','9999999999','9999999999'),(455,'rwu2b0z-2u4w-m0ff-6j3t',NULL,'768 C2','768 C2',NULL,NULL,NULL,NULL,NULL,NULL,NULL,NULL,NULL,NULL,NULL,NULL,NULL,NULL,NULL,NULL,NULL,NULL,NULL,'9999999999','9999999999','9999999999'),(456,'67zf4wx-qiwa-ymu0-menl',NULL,'768 C3','768 C3',NULL,NULL,NULL,NULL,NULL,NULL,NULL,NULL,NULL,NULL,NULL,NULL,NULL,NULL,NULL,NULL,NULL,NULL,NULL,'9999999999','9999999999','9999999999'),(457,'i2hsd2b-pm4x-2wlg-50mr',NULL,'768 C4','768 C4',NULL,NULL,NULL,NULL,NULL,NULL,NULL,NULL,NULL,NULL,NULL,NULL,NULL,NULL,NULL,NULL,NULL,NULL,NULL,'9999999999','9999999999','9999999999'),(458,'s1n6jtu-ir0y-v136-z9sz',NULL,'768 C5','768 C5',NULL,NULL,NULL,NULL,NULL,NULL,NULL,NULL,NULL,NULL,NULL,NULL,NULL,NULL,NULL,NULL,NULL,NULL,NULL,'9999999999','9999999999','9999999999');
/*!40000 ALTER TABLE `xmf_casillas` ENABLE KEYS */;
UNLOCK TABLES;

--
-- Table structure for table `xmf_casillas_incidencias`
--

DROP TABLE IF EXISTS `xmf_casillas_incidencias`;
/*!40101 SET @saved_cs_client     = @@character_set_client */;
/*!40101 SET character_set_client = utf8 */;
CREATE TABLE `xmf_casillas_incidencias` (
  `id` int(10) NOT NULL AUTO_INCREMENT,
  `xmf_casillas_id` int(10) unsigned DEFAULT NULL,
  `xmf_total_incidencias` int(10) unsigned DEFAULT NULL,
  `created` datetime DEFAULT NULL,
  `modified` datetime DEFAULT NULL,
  PRIMARY KEY (`id`)
) ENGINE=InnoDB DEFAULT CHARSET=latin1;
/*!40101 SET character_set_client = @saved_cs_client */;

--
-- Dumping data for table `xmf_casillas_incidencias`
--

LOCK TABLES `xmf_casillas_incidencias` WRITE;
/*!40000 ALTER TABLE `xmf_casillas_incidencias` DISABLE KEYS */;
/*!40000 ALTER TABLE `xmf_casillas_incidencias` ENABLE KEYS */;
UNLOCK TABLES;

--
-- Table structure for table `xmf_incidencias`
--

DROP TABLE IF EXISTS `xmf_incidencias`;
/*!40101 SET @saved_cs_client     = @@character_set_client */;
/*!40101 SET character_set_client = utf8 */;
CREATE TABLE `xmf_incidencias` (
  `id` int(10) unsigned NOT NULL AUTO_INCREMENT,
  `titulo` text DEFAULT NULL,
  `descripcion` text DEFAULT NULL,
  `created` datetime DEFAULT NULL,
  `modified` datetime DEFAULT NULL,
  PRIMARY KEY (`id`)
) ENGINE=InnoDB AUTO_INCREMENT=17 DEFAULT CHARSET=utf8mb4 COMMENT='TIPO INCIDENCIAS';
/*!40101 SET character_set_client = @saved_cs_client */;

--
-- Dumping data for table `xmf_incidencias`
--

LOCK TABLES `xmf_incidencias` WRITE;
/*!40000 ALTER TABLE `xmf_incidencias` DISABLE KEYS */;
INSERT INTO `xmf_incidencias` VALUES (1,'La casilla se instalo antes de las 7 am.','','2018-04-02 14:02:07','2018-04-02 14:02:07'),(2,'Falto material electoral (Boletas, tinta indeleble, listados nominales).','','2018-04-02 14:02:07','2018-04-02 14:02:07'),(3,'Se impidio el acceso a la casilla a los Representantes de Partido sin causa 8 justificada.','','2018-04-02 14:02:07','2018-04-02 14:02:07'),(4,'Se expulso de la casilla a los Representantes de Partido sin causa 11 justificada.','','2018-04-02 14:02:07','2018-04-02 14:02:07'),(5,'Se instalo la casilla, sin causa justificada, en lugar distinto al seﬁalado por el 14 Consejo Distrital.','','2018-04-02 14:02:07','2018-04-02 14:02:07'),(6,'Se recibio la votacion por personas distintas a las facultadas por la ley.','','2018-04-02 14:02:07','2018-04-02 14:02:07'),(7,'Se permitio sufragar a ciudadanos que no contaban con su credencial para votar con fotografia.','','2018-04-02 14:02:07','2018-04-02 14:02:07'),(8,'Se permitio sufragar a ciudadanos cuyo nombre no aparecio en la Lista Nominal de Electores con fotografia.','','2018-04-02 14:02:07','2018-04-02 14:02:07'),(9,'No se permitio sufragar a ciudadanos que contaban con sentencia favorable del Tribunal Electoral (JDC)','','2018-04-02 14:02:07','2018-04-02 14:02:07'),(10,'Se impidio el ejercicio del derecho al voto a los ciudadanos sin causa justificada.','','2018-04-02 14:02:07','2018-04-02 14:02:07'),(11,'Se ejercio violencia fisica o presién sobre los miembros de la Mesa Directiva de Casilla, Representantes de los Partidos o Electores.','','2018-04-02 14:02:07','2018-04-02 14:02:07'),(12,'Se cerro la votacion antes de las 17:00 horas sin que se hubiera agotado el listado nominal.','','2018-04-02 14:02:07','2018-04-02 14:02:07'),(13,'Medio dolo o error en el computo de los votos, lo cual fue determinante para el resultado de la votacion.','','2018-04-02 14:02:07','2018-04-02 14:02:07'),(14,'Se permitio la presencia de personas no acreditadas en la casilla.','','2018-04-02 14:02:07','2018-04-02 14:02:07'),(15,'Se realizo el escrutinio y computo local diferente al determinado por el Consejo Distrital','','2018-04-02 14:02:07','2018-04-02 14:02:07'),(16,'Exististieron Irregularidades graves, plenamente acreditadas y no reparables durante la jornada electoral','','2018-04-02 14:02:07','2018-04-02 14:02:07');
/*!40000 ALTER TABLE `xmf_incidencias` ENABLE KEYS */;
UNLOCK TABLES;

--
-- Table structure for table `xmf_partidos`
--

DROP TABLE IF EXISTS `xmf_partidos`;
/*!40101 SET @saved_cs_client     = @@character_set_client */;
/*!40101 SET character_set_client = utf8 */;
CREATE TABLE `xmf_partidos` (
  `id` int(10) unsigned NOT NULL AUTO_INCREMENT,
  `nombre` text DEFAULT NULL,
  `formula` text DEFAULT NULL,
  `is_coalicion` tinyint(1) NOT NULL DEFAULT 0,
  `has_parent` tinyint(1) NOT NULL DEFAULT 0,
  `parent_id` int(10) unsigned DEFAULT NULL,
  `is_funcionario` tinyint(1) NOT NULL DEFAULT 0,
  `funcionario_name` char(55) DEFAULT NULL,
  `funcionario_lastname` char(55) DEFAULT NULL,
  `description` text DEFAULT NULL,
  `created` datetime DEFAULT NULL,
  `modified` datetime DEFAULT NULL,
  `bloque` int(11) DEFAULT NULL,
  `orden` int(11) DEFAULT NULL,
  PRIMARY KEY (`id`)
) ENGINE=InnoDB AUTO_INCREMENT=40 DEFAULT CHARSET=utf8mb4 COMMENT='INFORMACION PARTIDOS';
/*!40101 SET character_set_client = @saved_cs_client */;

--
-- Dumping data for table `xmf_partidos`
--

LOCK TABLES `xmf_partidos` WRITE;
/*!40000 ALTER TABLE `xmf_partidos` DISABLE KEYS */;
INSERT INTO `xmf_partidos` VALUES (1,'PAN-PRD-PES','PAN',0,0,NULL,1,'RICARDO','ANAYA CORTES','','2018-04-02 14:02:07','2018-04-02 14:02:07',1,50),(2,'PRI','PRI',0,0,NULL,1,'JOSÉ ANTONIO','MEADE KURIBREÑA','','2018-04-02 14:02:07','2018-04-02 14:02:07',1,51),(3,'PAN-PRD-PES','PRD',0,0,NULL,1,'RICARDO','ANAYA CORTES','','2018-04-02 14:02:07','2018-04-02 14:02:07',1,52),(4,'MORENA-PT-VDE','PVE',0,0,NULL,1,'JOSÉ ANTONIO','MEADE KURIBREÑA','','2018-04-02 14:02:07','2018-04-02 14:02:07',2,53),(5,'MORENA-PT-VDE','PT',0,0,NULL,1,'ANDRÉS MANUEL','LÓPEZ OBRADOR','','2018-04-02 14:02:07','2018-04-02 14:02:07',2,55),(6,'MC','MC',0,0,NULL,1,'RICARDO','ANAYA CORTES','','2018-04-02 14:02:07','2018-04-02 14:02:07',2,54),(7,'MAS','MAS',0,0,NULL,1,'JOSÉ ANTONIO','MEADE KURIBREÑA','','2018-04-02 14:02:07','2018-04-02 14:02:07',3,55),(8,'MORENA-PT-VDE','MORENA',0,0,NULL,1,'ANDRÉS MANUEL','LÓPEZ OBRADOR','','2018-04-02 14:02:07','2018-04-02 14:02:07',3,56),(9,'PAN-PRD-PES','PES',0,0,NULL,1,'ANDRÉS MANUEL','LÓPEZ OBRADOR','','2018-04-02 14:02:07','2018-04-02 14:02:07',3,57),(10,'PAN-PRD-PES','PAN PRD PES',1,0,NULL,0,'','','','2018-04-02 14:02:07','2018-04-02 14:02:07',NULL,10),(11,'PAN-PRD-PES','PAN PRD',1,1,10,0,'','','','2018-04-02 14:02:07','2018-04-02 14:02:07',NULL,11),(12,'PAN-PRD-PES','PAN PES',1,1,10,0,'','','','2018-04-02 14:02:07','2018-04-02 14:02:07',NULL,12),(13,'PAN-PRD-PES','PRD PES',1,1,10,0,'','','','2018-04-02 14:02:07','2018-04-02 14:02:07',NULL,13),(14,'PRI PVE PANAL','PRI PVE PANAL',0,1,NULL,0,'','','','2018-04-02 14:02:07','2018-04-02 14:02:07',NULL,20),(15,'PRI PVE','PRI PVE',0,1,14,0,'','','','2018-04-02 14:02:07','2018-04-02 14:02:07',NULL,21),(16,'PRI PANAL','PRI PANAL',0,1,14,0,'','','','2018-04-02 14:02:07','2018-04-02 14:02:07',NULL,22),(17,'PVE PANAL','PVE PANAL',0,1,14,0,'','','','2018-04-02 14:02:07','2018-04-02 14:02:07',NULL,23),(18,'Presidente','Presidente',0,0,NULL,1,'name','lastname','','2018-04-02 14:02:07','2018-04-02 14:02:07',4,1),(19,'Secretario','Secretario',0,0,NULL,1,'name','lastname','','2018-04-02 14:02:07','2018-04-02 14:02:07',4,2),(20,'Escrutador I','Escrutador I',0,0,NULL,1,'name','lastname','','2018-04-02 14:02:07','2018-04-02 14:02:07',5,1),(21,'Escrutador II','Escrutador II',0,0,NULL,1,'name','lastname','','2018-04-02 14:02:07','2018-04-02 14:02:07',5,2),(22,'Suplente I','Suplente I',0,0,NULL,1,'name','lastname','','2018-04-02 14:02:07','2018-04-02 14:02:07',6,1),(23,'Suplente II','Suplente II',0,0,NULL,1,'name','lastname','','2018-04-02 14:02:07','2018-04-02 14:02:07',6,2),(24,'Suplente III','Suplente III',0,0,NULL,1,'name','lastname','','2018-04-02 14:02:07','2018-04-02 14:02:07',6,3),(25,'Secretario II','Secretario II',0,0,0,1,NULL,NULL,NULL,NULL,NULL,4,3),(26,'Escrutador III','Escrutador III',0,0,0,1,NULL,NULL,NULL,NULL,NULL,5,3),(27,'MORENA-PT-VDE','MORENA PT VDE',1,0,NULL,0,'','','','2018-04-17 20:10:46','2018-04-17 20:10:46',NULL,30),(28,'MORENA-PT-VDE','MORENA VDE',1,1,27,0,'','','','2018-04-17 20:16:57','2018-04-17 20:16:57',NULL,31),(29,'MORENA-PT-VDE','MORENA PT',1,1,27,0,'','','','2018-04-17 20:20:15','2018-04-17 20:20:15',NULL,32),(30,'MORENA-PT-VDE','PT VDE',1,1,27,0,'','','','2018-04-17 20:23:06','2018-04-17 20:23:06',NULL,33),(31,'Margarita Zavala','Margarita Zavala',0,0,0,0,'MARGARITA ESTER','ZAVALA GÓMEZ DEL CAMPO','','2018-04-17 21:14:21','2018-04-17 21:14:21',NULL,61),(32,'Bronco','Bronco',0,0,0,0,'JAIME HELIODORO','RODRÍGUEZ CALDERÓN','','2018-04-17 21:14:29','2018-04-17 21:14:29',NULL,60),(33,'Votos Nulos','Votos Nulos',0,0,0,1,'','','','2018-04-17 21:14:35','2018-04-17 21:14:35',1,90),(34,'No Registrados','No Registrados',0,0,0,1,'','','','2018-04-17 21:14:39','2018-04-17 21:14:39',1,80),(36,'MORENA-PT','MORENA-PT',0,0,0,0,'LÓPEZ OBRADOR','LÓPEZ OBRADOR',NULL,NULL,NULL,NULL,59),(37,'MORENA','MORENA',0,0,NULL,1,'ANDRÉS MANUEL','LÓPEZ OBRADOR','','2018-04-02 14:02:07','2018-04-02 14:02:07',3,56),(38,'PT','PT',0,0,NULL,1,'ANDRÉS MANUEL','LÓPEZ OBRADOR','','2018-04-02 14:02:07','2018-04-02 14:02:07',2,55),(39,'CQ','CQ',0,0,NULL,1,'JOSÉ ANTONIO','MEADE KURIBREÑA','','2018-04-02 14:02:07','2018-04-02 14:02:07',3,58);
/*!40000 ALTER TABLE `xmf_partidos` ENABLE KEYS */;
UNLOCK TABLES;

--
-- Table structure for table `xmf_presences_references`
--

DROP TABLE IF EXISTS `xmf_presences_references`;
/*!40101 SET @saved_cs_client     = @@character_set_client */;
/*!40101 SET character_set_client = utf8 */;
CREATE TABLE `xmf_presences_references` (
  `id` int(10) unsigned NOT NULL AUTO_INCREMENT,
  `xmf_casillas_id` int(10) unsigned NOT NULL,
  `xmf_partidos_id` int(10) unsigned NOT NULL,
  `is_present` tinyint(1) DEFAULT NULL,
  `created` datetime DEFAULT NULL,
  `modified` datetime DEFAULT NULL,
  PRIMARY KEY (`id`)
) ENGINE=InnoDB DEFAULT CHARSET=utf8mb4;
/*!40101 SET character_set_client = @saved_cs_client */;

--
-- Dumping data for table `xmf_presences_references`
--

LOCK TABLES `xmf_presences_references` WRITE;
/*!40000 ALTER TABLE `xmf_presences_references` DISABLE KEYS */;
/*!40000 ALTER TABLE `xmf_presences_references` ENABLE KEYS */;
UNLOCK TABLES;

--
-- Temporary table structure for view `xmf_primer_reporte`
--

DROP TABLE IF EXISTS `xmf_primer_reporte`;
/*!50001 DROP VIEW IF EXISTS `xmf_primer_reporte`*/;
SET @saved_cs_client     = @@character_set_client;
SET character_set_client = utf8;
/*!50001 CREATE TABLE `xmf_primer_reporte` (
  `representante` tinyint NOT NULL,
  `xmf_casillas_id` tinyint NOT NULL,
  `xmf_partidos_id` tinyint NOT NULL,
  `nombre` tinyint NOT NULL,
  `bloque` tinyint NOT NULL,
  `orden` tinyint NOT NULL,
  `is_present` tinyint NOT NULL,
  `casilla` tinyint NOT NULL,
  `lugar_indicado` tinyint NOT NULL,
  `gente_fila` tinyint NOT NULL,
  `nombres_fila` tinyint NOT NULL
) ENGINE=MyISAM */;
SET character_set_client = @saved_cs_client;

--
-- Temporary table structure for view `xmf_primer_reporte_tab`
--

DROP TABLE IF EXISTS `xmf_primer_reporte_tab`;
/*!50001 DROP VIEW IF EXISTS `xmf_primer_reporte_tab`*/;
SET @saved_cs_client     = @@character_set_client;
SET character_set_client = utf8;
/*!50001 CREATE TABLE `xmf_primer_reporte_tab` (
  `xmf_casillas_id` tinyint NOT NULL,
  `name` tinyint NOT NULL,
  `rg_telefono` tinyint NOT NULL,
  `rc_telefono` tinyint NOT NULL
) ENGINE=MyISAM */;
SET character_set_client = @saved_cs_client;

--
-- Temporary table structure for view `xmf_reapers`
--

DROP TABLE IF EXISTS `xmf_reapers`;
/*!50001 DROP VIEW IF EXISTS `xmf_reapers`*/;
SET @saved_cs_client     = @@character_set_client;
SET character_set_client = utf8;
/*!50001 CREATE TABLE `xmf_reapers` (
  `casillas_index` tinyint NOT NULL,
  `name` tinyint NOT NULL,
  `municipio` tinyint NOT NULL,
  `seccion` tinyint NOT NULL,
  `clave_agrupamiento` tinyint NOT NULL,
  `tipo_casilla` tinyint NOT NULL,
  `urbana` tinyint NOT NULL,
  `distrito` tinyint NOT NULL,
  `locacion` tinyint NOT NULL,
  `hora_instalacion` tinyint NOT NULL,
  `hora_inicio` tinyint NOT NULL,
  `hora_cierre` tinyint NOT NULL,
  `nombre` tinyint NOT NULL,
  `formula` tinyint NOT NULL,
  `is_coalicion` tinyint NOT NULL,
  `is_funcionario` tinyint NOT NULL,
  `has_parent` tinyint NOT NULL,
  `parent_id` tinyint NOT NULL,
  `tipo` tinyint NOT NULL,
  `bloque` tinyint NOT NULL,
  `orden` tinyint NOT NULL,
  `id` tinyint NOT NULL,
  `xmf_casillas_id` tinyint NOT NULL,
  `xmf_tipo_votaciones_id` tinyint NOT NULL,
  `xmf_partidos_id` tinyint NOT NULL,
  `votes` tinyint NOT NULL
) ENGINE=MyISAM */;
SET character_set_client = @saved_cs_client;

--
-- Table structure for table `xmf_reports`
--

DROP TABLE IF EXISTS `xmf_reports`;
/*!40101 SET @saved_cs_client     = @@character_set_client */;
/*!40101 SET character_set_client = utf8 */;
CREATE TABLE `xmf_reports` (
  `id` int(10) unsigned NOT NULL AUTO_INCREMENT,
  `xmf_reports_controls_id` int(10) unsigned NOT NULL,
  `xmf_reports_definitions_id` int(10) unsigned NOT NULL,
  `xmf_casillas_id` int(10) unsigned NOT NULL,
  `xmf_partidos_id` int(10) unsigned NOT NULL,
  `xmf_tipo_votaciones_id` int(10) unsigned NOT NULL,
  `created` datetime DEFAULT NULL,
  `modified` datetime DEFAULT NULL,
  PRIMARY KEY (`id`)
) ENGINE=InnoDB DEFAULT CHARSET=utf8mb4;
/*!40101 SET character_set_client = @saved_cs_client */;

--
-- Dumping data for table `xmf_reports`
--

LOCK TABLES `xmf_reports` WRITE;
/*!40000 ALTER TABLE `xmf_reports` DISABLE KEYS */;
/*!40000 ALTER TABLE `xmf_reports` ENABLE KEYS */;
UNLOCK TABLES;

--
-- Table structure for table `xmf_reports_cierre`
--

DROP TABLE IF EXISTS `xmf_reports_cierre`;
/*!40101 SET @saved_cs_client     = @@character_set_client */;
/*!40101 SET character_set_client = utf8 */;
CREATE TABLE `xmf_reports_cierre` (
  `id` int(11) NOT NULL AUTO_INCREMENT,
  `xmf_casillas_id` int(11) NOT NULL,
  `hr_cierre` time DEFAULT NULL,
  `habia_gente_fila` tinyint(2) DEFAULT NULL,
  `votantes` int(11) DEFAULT NULL,
  `promovidos` int(11) DEFAULT NULL,
  `info_validada` tinyint(2) DEFAULT NULL,
  `created` datetime DEFAULT NULL,
  `modified` datetime DEFAULT NULL,
  PRIMARY KEY (`id`)
) ENGINE=InnoDB DEFAULT CHARSET=utf8mb4;
/*!40101 SET character_set_client = @saved_cs_client */;

--
-- Dumping data for table `xmf_reports_cierre`
--

LOCK TABLES `xmf_reports_cierre` WRITE;
/*!40000 ALTER TABLE `xmf_reports_cierre` DISABLE KEYS */;
/*!40000 ALTER TABLE `xmf_reports_cierre` ENABLE KEYS */;
UNLOCK TABLES;

--
-- Table structure for table `xmf_reports_config_definitions`
--

DROP TABLE IF EXISTS `xmf_reports_config_definitions`;
/*!40101 SET @saved_cs_client     = @@character_set_client */;
/*!40101 SET character_set_client = utf8 */;
CREATE TABLE `xmf_reports_config_definitions` (
  `id` int(10) unsigned NOT NULL AUTO_INCREMENT,
  `xmf_reports_definitions_id` int(10) unsigned NOT NULL,
  `field_name` char(1) DEFAULT NULL,
  `description` text DEFAULT NULL,
  `created` datetime DEFAULT NULL,
  `modified` datetime DEFAULT NULL,
  PRIMARY KEY (`id`)
) ENGINE=InnoDB DEFAULT CHARSET=utf8mb4;
/*!40101 SET character_set_client = @saved_cs_client */;

--
-- Dumping data for table `xmf_reports_config_definitions`
--

LOCK TABLES `xmf_reports_config_definitions` WRITE;
/*!40000 ALTER TABLE `xmf_reports_config_definitions` DISABLE KEYS */;
/*!40000 ALTER TABLE `xmf_reports_config_definitions` ENABLE KEYS */;
UNLOCK TABLES;

--
-- Table structure for table `xmf_reports_controls`
--

DROP TABLE IF EXISTS `xmf_reports_controls`;
/*!40101 SET @saved_cs_client     = @@character_set_client */;
/*!40101 SET character_set_client = utf8 */;
CREATE TABLE `xmf_reports_controls` (
  `id` int(10) unsigned NOT NULL AUTO_INCREMENT,
  `xmf_reports_id` int(10) unsigned NOT NULL,
  `xmf_users_id` int(10) unsigned NOT NULL,
  `xmf_roles_id` int(10) unsigned NOT NULL,
  `is_user_config` tinyint(1) DEFAULT 0,
  `is_role_config` tinyint(1) DEFAULT 1,
  `xmf_validations_id` int(10) unsigned NOT NULL,
  `created` datetime DEFAULT NULL,
  `modified` datetime DEFAULT NULL,
  PRIMARY KEY (`id`)
) ENGINE=InnoDB DEFAULT CHARSET=utf8mb4;
/*!40101 SET character_set_client = @saved_cs_client */;

--
-- Dumping data for table `xmf_reports_controls`
--

LOCK TABLES `xmf_reports_controls` WRITE;
/*!40000 ALTER TABLE `xmf_reports_controls` DISABLE KEYS */;
/*!40000 ALTER TABLE `xmf_reports_controls` ENABLE KEYS */;
UNLOCK TABLES;

--
-- Table structure for table `xmf_reports_definitions`
--

DROP TABLE IF EXISTS `xmf_reports_definitions`;
/*!40101 SET @saved_cs_client     = @@character_set_client */;
/*!40101 SET character_set_client = utf8 */;
CREATE TABLE `xmf_reports_definitions` (
  `id` int(10) unsigned NOT NULL AUTO_INCREMENT,
  `name` char(50) DEFAULT NULL,
  `description` text DEFAULT NULL,
  `created` datetime DEFAULT NULL,
  `modified` datetime DEFAULT NULL,
  PRIMARY KEY (`id`)
) ENGINE=InnoDB AUTO_INCREMENT=5 DEFAULT CHARSET=utf8mb4;
/*!40101 SET character_set_client = @saved_cs_client */;

--
-- Dumping data for table `xmf_reports_definitions`
--

LOCK TABLES `xmf_reports_definitions` WRITE;
/*!40000 ALTER TABLE `xmf_reports_definitions` DISABLE KEYS */;
INSERT INTO `xmf_reports_definitions` VALUES (1,'first','reporte_primero','2018-04-02 14:02:07','2018-04-02 14:02:07'),(2,'second','reporte_segundo','2018-04-02 14:02:07','2018-04-02 14:02:07'),(3,'third','reporte_tercero','2018-04-02 14:02:07','2018-04-02 14:02:07'),(4,'fourth','reporte_final','2018-04-02 14:02:07','2018-04-02 14:02:07');
/*!40000 ALTER TABLE `xmf_reports_definitions` ENABLE KEYS */;
UNLOCK TABLES;

--
-- Table structure for table `xmf_reports_segundo_tercero`
--

DROP TABLE IF EXISTS `xmf_reports_segundo_tercero`;
/*!40101 SET @saved_cs_client     = @@character_set_client */;
/*!40101 SET character_set_client = utf8 */;
CREATE TABLE `xmf_reports_segundo_tercero` (
  `id` int(11) NOT NULL AUTO_INCREMENT,
  `votantes_segundo` int(11) DEFAULT NULL,
  `promovidos_segundo` int(11) DEFAULT NULL,
  `hr_voto_segundo` time DEFAULT NULL,
  `votantes_tercero` int(11) DEFAULT NULL,
  `promovidos_tercero` int(11) DEFAULT NULL,
  `hr_voto_tercero` time DEFAULT NULL,
  `info_validada` tinyint(2) DEFAULT NULL,
  `created` datetime DEFAULT NULL,
  `modified` datetime DEFAULT NULL,
  `xmf_casillas_id` int(11) DEFAULT NULL,
  PRIMARY KEY (`id`)
) ENGINE=InnoDB DEFAULT CHARSET=utf8mb4;
/*!40101 SET character_set_client = @saved_cs_client */;

--
-- Dumping data for table `xmf_reports_segundo_tercero`
--

LOCK TABLES `xmf_reports_segundo_tercero` WRITE;
/*!40000 ALTER TABLE `xmf_reports_segundo_tercero` DISABLE KEYS */;
/*!40000 ALTER TABLE `xmf_reports_segundo_tercero` ENABLE KEYS */;
UNLOCK TABLES;

--
-- Table structure for table `xmf_tipo_votaciones`
--

DROP TABLE IF EXISTS `xmf_tipo_votaciones`;
/*!40101 SET @saved_cs_client     = @@character_set_client */;
/*!40101 SET character_set_client = utf8 */;
CREATE TABLE `xmf_tipo_votaciones` (
  `id` int(10) unsigned NOT NULL AUTO_INCREMENT,
  `tipo` char(50) DEFAULT NULL,
  `description` text DEFAULT NULL,
  `created` datetime DEFAULT NULL,
  `modified` datetime DEFAULT NULL,
  PRIMARY KEY (`id`)
) ENGINE=InnoDB AUTO_INCREMENT=5 DEFAULT CHARSET=utf8mb4;
/*!40101 SET character_set_client = @saved_cs_client */;

--
-- Dumping data for table `xmf_tipo_votaciones`
--

LOCK TABLES `xmf_tipo_votaciones` WRITE;
/*!40000 ALTER TABLE `xmf_tipo_votaciones` DISABLE KEYS */;
INSERT INTO `xmf_tipo_votaciones` VALUES (1,'Presidente','','2018-04-02 14:02:07','2018-04-02 14:02:07'),(2,'Senador','','2018-04-02 14:02:07','2018-04-02 14:02:07'),(3,'Diputado','','2018-04-02 14:02:07','2018-04-02 14:02:07'),(4,'Ayuntamiento','','2018-04-02 14:02:07','2018-04-02 14:02:07');
/*!40000 ALTER TABLE `xmf_tipo_votaciones` ENABLE KEYS */;
UNLOCK TABLES;

--
-- Table structure for table `xmf_validations`
--

DROP TABLE IF EXISTS `xmf_validations`;
/*!40101 SET @saved_cs_client     = @@character_set_client */;
/*!40101 SET character_set_client = utf8 */;
CREATE TABLE `xmf_validations` (
  `id` int(10) unsigned NOT NULL AUTO_INCREMENT,
  `reports_id` int(10) unsigned NOT NULL,
  `level` tinyint(4) NOT NULL,
  `level_validation` tinyint(1) DEFAULT NULL,
  `created` datetime DEFAULT NULL,
  `modified` datetime DEFAULT NULL,
  PRIMARY KEY (`id`)
) ENGINE=InnoDB DEFAULT CHARSET=utf8mb4;
/*!40101 SET character_set_client = @saved_cs_client */;

--
-- Dumping data for table `xmf_validations`
--

LOCK TABLES `xmf_validations` WRITE;
/*!40000 ALTER TABLE `xmf_validations` DISABLE KEYS */;
/*!40000 ALTER TABLE `xmf_validations` ENABLE KEYS */;
UNLOCK TABLES;

--
-- Table structure for table `xmf_validations_configs`
--

DROP TABLE IF EXISTS `xmf_validations_configs`;
/*!40101 SET @saved_cs_client     = @@character_set_client */;
/*!40101 SET character_set_client = utf8 */;
CREATE TABLE `xmf_validations_configs` (
  `id` int(10) unsigned NOT NULL AUTO_INCREMENT,
  `top_level` tinyint(4) NOT NULL,
  `role_id` char(36) DEFAULT NULL,
  `created` datetime DEFAULT NULL,
  `modified` datetime DEFAULT NULL,
  PRIMARY KEY (`id`)
) ENGINE=InnoDB DEFAULT CHARSET=utf8mb4;
/*!40101 SET character_set_client = @saved_cs_client */;

--
-- Dumping data for table `xmf_validations_configs`
--

LOCK TABLES `xmf_validations_configs` WRITE;
/*!40000 ALTER TABLE `xmf_validations_configs` DISABLE KEYS */;
/*!40000 ALTER TABLE `xmf_validations_configs` ENABLE KEYS */;
UNLOCK TABLES;

--
-- Table structure for table `xmf_validations_logs`
--

DROP TABLE IF EXISTS `xmf_validations_logs`;
/*!40101 SET @saved_cs_client     = @@character_set_client */;
/*!40101 SET character_set_client = utf8 */;
CREATE TABLE `xmf_validations_logs` (
  `id` int(10) unsigned NOT NULL AUTO_INCREMENT,
  `xmf_reports_id` int(10) unsigned NOT NULL,
  `xmf_validations_id` int(10) unsigned NOT NULL,
  `xmf_validations_configs_id` int(10) unsigned NOT NULL,
  `level` tinyint(4) NOT NULL,
  `level_validation` tinyint(1) DEFAULT NULL,
  `created` datetime DEFAULT NULL,
  `modified` datetime DEFAULT NULL,
  PRIMARY KEY (`id`)
) ENGINE=InnoDB DEFAULT CHARSET=utf8mb4;
/*!40101 SET character_set_client = @saved_cs_client */;

--
-- Dumping data for table `xmf_validations_logs`
--

LOCK TABLES `xmf_validations_logs` WRITE;
/*!40000 ALTER TABLE `xmf_validations_logs` DISABLE KEYS */;
/*!40000 ALTER TABLE `xmf_validations_logs` ENABLE KEYS */;
UNLOCK TABLES;

--
-- Temporary table structure for view `xmf_view_count_header`
--

DROP TABLE IF EXISTS `xmf_view_count_header`;
/*!50001 DROP VIEW IF EXISTS `xmf_view_count_header`*/;
SET @saved_cs_client     = @@character_set_client;
SET character_set_client = utf8;
/*!50001 CREATE TABLE `xmf_view_count_header` (
  `status` tinyint NOT NULL,
  `rg_id` tinyint NOT NULL,
  `presencias` tinyint NOT NULL,
  `ausencias` tinyint NOT NULL,
  `instaladas` tinyint NOT NULL,
  `abiertas` tinyint NOT NULL,
  `cerradas` tinyint NOT NULL
) ENGINE=MyISAM */;
SET character_set_client = @saved_cs_client;

--
-- Temporary table structure for view `xmf_view_reporte_segundos_terceros`
--

DROP TABLE IF EXISTS `xmf_view_reporte_segundos_terceros`;
/*!50001 DROP VIEW IF EXISTS `xmf_view_reporte_segundos_terceros`*/;
SET @saved_cs_client     = @@character_set_client;
SET character_set_client = utf8;
/*!50001 CREATE TABLE `xmf_view_reporte_segundos_terceros` (
  `xmf_casillas_id` tinyint NOT NULL,
  `name` tinyint NOT NULL,
  `votantes_segundo` tinyint NOT NULL,
  `promovidos_segundo` tinyint NOT NULL,
  `votantes_tercero` tinyint NOT NULL,
  `promovidos_tercero` tinyint NOT NULL,
  `is_twelve` tinyint NOT NULL,
  `is_thirdteen` tinyint NOT NULL
) ENGINE=MyISAM */;
SET character_set_client = @saved_cs_client;

--
-- Table structure for table `xmf_votes`
--

DROP TABLE IF EXISTS `xmf_votes`;
/*!40101 SET @saved_cs_client     = @@character_set_client */;
/*!40101 SET character_set_client = utf8 */;
CREATE TABLE `xmf_votes` (
  `id` int(10) unsigned NOT NULL AUTO_INCREMENT,
  `xmf_casillas_id` int(10) unsigned NOT NULL,
  `xmf_tipo_votaciones_id` int(10) unsigned NOT NULL,
  `xmf_partidos_id` int(10) unsigned NOT NULL,
  `votes` int(10) unsigned NOT NULL,
  `created` datetime DEFAULT NULL,
  `modified` datetime DEFAULT NULL,
  PRIMARY KEY (`id`)
) ENGINE=InnoDB DEFAULT CHARSET=utf8mb4;
/*!40101 SET character_set_client = @saved_cs_client */;

--
-- Dumping data for table `xmf_votes`
--

LOCK TABLES `xmf_votes` WRITE;
/*!40000 ALTER TABLE `xmf_votes` DISABLE KEYS */;
/*!40000 ALTER TABLE `xmf_votes` ENABLE KEYS */;
UNLOCK TABLES;

--
-- Final view structure for view `xmf_primer_reporte`
--

/*!50001 DROP TABLE IF EXISTS `xmf_primer_reporte`*/;
/*!50001 DROP VIEW IF EXISTS `xmf_primer_reporte`*/;
/*!50001 SET @saved_cs_client          = @@character_set_client */;
/*!50001 SET @saved_cs_results         = @@character_set_results */;
/*!50001 SET @saved_col_connection     = @@collation_connection */;
/*!50001 SET character_set_client      = utf8 */;
/*!50001 SET character_set_results     = utf8 */;
/*!50001 SET collation_connection      = utf8_general_ci */;
/*!50001 CREATE ALGORITHM=UNDEFINED */
/*!50013 DEFINER=`root`@`localhost` SQL SECURITY DEFINER */
/*!50001 VIEW `xmf_primer_reporte` AS (select concat(`p`.`funcionario_name`,' ',`p`.`funcionario_lastname`) AS `representante`,`r`.`xmf_casillas_id` AS `xmf_casillas_id`,`r`.`xmf_partidos_id` AS `xmf_partidos_id`,`p`.`formula` AS `nombre`,`p`.`bloque` AS `bloque`,`p`.`orden` AS `orden`,`r`.`is_present` AS `is_present`,`c`.`name` AS `casilla`,`c`.`lugar_indicado` AS `lugar_indicado`,`c`.`gente_fila` AS `gente_fila`,`c`.`nombres_fila` AS `nombres_fila` from (`xmf_partidos` `p` join (`xmf_casillas` `c` join `xmf_presences_references` `r` on(`r`.`xmf_casillas_id` = `c`.`id`)) on(`r`.`xmf_partidos_id` = `p`.`id`)) order by `p`.`bloque`,`p`.`orden`) */;
/*!50001 SET character_set_client      = @saved_cs_client */;
/*!50001 SET character_set_results     = @saved_cs_results */;
/*!50001 SET collation_connection      = @saved_col_connection */;

--
-- Final view structure for view `xmf_primer_reporte_tab`
--

/*!50001 DROP TABLE IF EXISTS `xmf_primer_reporte_tab`*/;
/*!50001 DROP VIEW IF EXISTS `xmf_primer_reporte_tab`*/;
/*!50001 SET @saved_cs_client          = @@character_set_client */;
/*!50001 SET @saved_cs_results         = @@character_set_results */;
/*!50001 SET @saved_col_connection     = @@collation_connection */;
/*!50001 SET character_set_client      = utf8 */;
/*!50001 SET character_set_results     = utf8 */;
/*!50001 SET collation_connection      = utf8_general_ci */;
/*!50001 CREATE ALGORITHM=UNDEFINED */
/*!50013 DEFINER=`root`@`localhost` SQL SECURITY DEFINER */
/*!50001 VIEW `xmf_primer_reporte_tab` AS (select distinct `pr`.`xmf_casillas_id` AS `xmf_casillas_id`,`c`.`name` AS `name`,`c`.`rg_telefono` AS `rg_telefono`,`c`.`rc_telefono` AS `rc_telefono` from (`xmf_presences_references` `pr` join `xmf_casillas` `c` on(`pr`.`xmf_casillas_id` = `c`.`id`))) */;
/*!50001 SET character_set_client      = @saved_cs_client */;
/*!50001 SET character_set_results     = @saved_cs_results */;
/*!50001 SET collation_connection      = @saved_col_connection */;

--
-- Final view structure for view `xmf_reapers`
--

/*!50001 DROP TABLE IF EXISTS `xmf_reapers`*/;
/*!50001 DROP VIEW IF EXISTS `xmf_reapers`*/;
/*!50001 SET @saved_cs_client          = @@character_set_client */;
/*!50001 SET @saved_cs_results         = @@character_set_results */;
/*!50001 SET @saved_col_connection     = @@collation_connection */;
/*!50001 SET character_set_client      = utf8 */;
/*!50001 SET character_set_results     = utf8 */;
/*!50001 SET collation_connection      = utf8_general_ci */;
/*!50001 CREATE ALGORITHM=UNDEFINED */
/*!50013 DEFINER=`root`@`localhost` SQL SECURITY DEFINER */
/*!50001 VIEW `xmf_reapers` AS (select `cas`.`id` AS `casillas_index`,`cas`.`name` AS `name`,`cas`.`municipio` AS `municipio`,`cas`.`seccion` AS `seccion`,`cas`.`clave_agrupamiento` AS `clave_agrupamiento`,`cas`.`tipo_casilla` AS `tipo_casilla`,`cas`.`urbana` AS `urbana`,`cas`.`distrito` AS `distrito`,`cas`.`locacion` AS `locacion`,`cas`.`hora_instalacion` AS `hora_instalacion`,`cas`.`hora_inicio` AS `hora_inicio`,`cas`.`hora_cierre` AS `hora_cierre`,`partition`.`nombre` AS `nombre`,`partition`.`formula` AS `formula`,`partition`.`is_coalicion` AS `is_coalicion`,`partition`.`is_funcionario` AS `is_funcionario`,`partition`.`has_parent` AS `has_parent`,`partition`.`parent_id` AS `parent_id`,`tvt`.`tipo` AS `tipo`,`partition`.`bloque` AS `bloque`,`partition`.`orden` AS `orden`,`vts`.`id` AS `id`,`vts`.`xmf_casillas_id` AS `xmf_casillas_id`,`vts`.`xmf_tipo_votaciones_id` AS `xmf_tipo_votaciones_id`,`vts`.`xmf_partidos_id` AS `xmf_partidos_id`,`vts`.`votes` AS `votes` from (((`xmf_casillas` `cas` join `xmf_partidos` `partition`) join `xmf_tipo_votaciones` `tvt`) left join `xmf_votes` `vts` on(`cas`.`id` = `vts`.`xmf_casillas_id` and `vts`.`xmf_tipo_votaciones_id` = `tvt`.`id` and `vts`.`xmf_partidos_id` = `partition`.`id`))) */;
/*!50001 SET character_set_client      = @saved_cs_client */;
/*!50001 SET character_set_results     = @saved_cs_results */;
/*!50001 SET collation_connection      = @saved_col_connection */;

--
-- Final view structure for view `xmf_view_count_header`
--

/*!50001 DROP TABLE IF EXISTS `xmf_view_count_header`*/;
/*!50001 DROP VIEW IF EXISTS `xmf_view_count_header`*/;
/*!50001 SET @saved_cs_client          = @@character_set_client */;
/*!50001 SET @saved_cs_results         = @@character_set_results */;
/*!50001 SET @saved_col_connection     = @@collation_connection */;
/*!50001 SET character_set_client      = utf8 */;
/*!50001 SET character_set_results     = utf8 */;
/*!50001 SET collation_connection      = utf8_general_ci */;
/*!50001 CREATE ALGORITHM=UNDEFINED */
/*!50013 DEFINER=`root`@`localhost` SQL SECURITY DEFINER */
/*!50001 VIEW `xmf_view_count_header` AS (select `xmf_casillas`.`status` AS `status`,`xmf_casillas`.`rg_id` AS `rg_id`,case when `xmf_casillas`.`status` = 'P' and `xmf_casillas`.`hora_presencia` is not null then count(`xmf_casillas`.`id`) end AS `presencias`,case when `xmf_casillas`.`status` is null and `xmf_casillas`.`hora_presencia` is null then count(`xmf_casillas`.`id`) end AS `ausencias`,case when `xmf_casillas`.`status` = 'I' and `xmf_casillas`.`hora_instalacion` is not null then count(`xmf_casillas`.`id`) end AS `instaladas`,case when `xmf_casillas`.`status` = 'V' and `xmf_casillas`.`hora_inicio` is not null then count(`xmf_casillas`.`id`) end AS `abiertas`,case when `xmf_casillas`.`status` = 'X' and `xmf_casillas`.`hora_cierre` is not null then count(`xmf_casillas`.`id`) end AS `cerradas` from `xmf_casillas` group by `xmf_casillas`.`status`,`xmf_casillas`.`rg_id`) */;
/*!50001 SET character_set_client      = @saved_cs_client */;
/*!50001 SET character_set_results     = @saved_cs_results */;
/*!50001 SET collation_connection      = @saved_col_connection */;

--
-- Final view structure for view `xmf_view_reporte_segundos_terceros`
--

/*!50001 DROP TABLE IF EXISTS `xmf_view_reporte_segundos_terceros`*/;
/*!50001 DROP VIEW IF EXISTS `xmf_view_reporte_segundos_terceros`*/;
/*!50001 SET @saved_cs_client          = @@character_set_client */;
/*!50001 SET @saved_cs_results         = @@character_set_results */;
/*!50001 SET @saved_col_connection     = @@collation_connection */;
/*!50001 SET character_set_client      = utf8 */;
/*!50001 SET character_set_results     = utf8 */;
/*!50001 SET collation_connection      = utf8_general_ci */;
/*!50001 CREATE ALGORITHM=UNDEFINED */
/*!50013 DEFINER=`root`@`localhost` SQL SECURITY DEFINER */
/*!50001 VIEW `xmf_view_reporte_segundos_terceros` AS with report as (select `rpt`.`xmf_casillas_id` AS `xmf_casillas_id`,`cas`.`name` AS `name`,`rpt`.`votantes_segundo` AS `votantes_segundo`,`rpt`.`promovidos_segundo` AS `promovidos_segundo`,`rpt`.`votantes_tercero` AS `votantes_tercero`,`rpt`.`promovidos_tercero` AS `promovidos_tercero`,case when cast(`rpt`.`created` as time) between cast('00:00:00' as time) and cast('12:00:00' as time) then 1 else 0 end AS `is_twelve`,case when cast(`rpt`.`created` as time) between cast('00:00:00' as time) and cast('15:00:00' as time) then 1 else 0 end AS `is_thirdteen` from (`xmf_reports_segundo_tercero` `rpt` join `xmf_casillas` `cas` on(`cas`.`id` = `rpt`.`xmf_casillas_id`)) where `rpt`.`xmf_casillas_id` is not null and `rpt`.`votantes_segundo` is not null or `rpt`.`votantes_tercero` is not null)select `report`.`xmf_casillas_id` AS `xmf_casillas_id`,`report`.`name` AS `name`,`report`.`votantes_segundo` AS `votantes_segundo`,`report`.`promovidos_segundo` AS `promovidos_segundo`,`report`.`votantes_tercero` AS `votantes_tercero`,`report`.`promovidos_tercero` AS `promovidos_tercero`,`report`.`is_twelve` AS `is_twelve`,`report`.`is_thirdteen` AS `is_thirdteen` from `report` */;
/*!50001 SET character_set_client      = @saved_cs_client */;
/*!50001 SET character_set_results     = @saved_cs_results */;
/*!50001 SET collation_connection      = @saved_col_connection */;
/*!40103 SET TIME_ZONE=@OLD_TIME_ZONE */;

/*!40101 SET SQL_MODE=@OLD_SQL_MODE */;
/*!40014 SET FOREIGN_KEY_CHECKS=@OLD_FOREIGN_KEY_CHECKS */;
/*!40014 SET UNIQUE_CHECKS=@OLD_UNIQUE_CHECKS */;
/*!40101 SET CHARACTER_SET_CLIENT=@OLD_CHARACTER_SET_CLIENT */;
/*!40101 SET CHARACTER_SET_RESULTS=@OLD_CHARACTER_SET_RESULTS */;
/*!40101 SET COLLATION_CONNECTION=@OLD_COLLATION_CONNECTION */;
/*!40111 SET SQL_NOTES=@OLD_SQL_NOTES */;

-- Dump completed on 2019-06-01 17:23:44
